sale_id,sale_date,product_id,customer_id,quantity,unit_price,total_price,store,channel
1,2024-05-07,SKU-1326,266,1,449,449,Online,Online
2,2024-12-20,SKU-1080,486,1,1699,1699,Dallas NorthPark,In-Store
3,2025-10-12,SKU-1299,490,1,1449,1449,Chicago Michigan Ave,Online
4,2025-05-29,SKU-1075,329,1,1599,1599,Online,In-Store
5,2025-09-11,SKU-1038,173,1,1299,1299,Miami Dadeland,In-Store
6,2024-02-16,SKU-1291,486,1,1499,1499,San Francisco Union Square,In-Store
7,2025-03-02,SKU-1218,317,1,799,799,San Francisco Union Square,Online
8,2024-11-05,SKU-1208,248,1,699,699,Online,In-Store
9,2025-12-06,SKU-1101,31,1,799,799,Online,Online
10,2024-05-27,SKU-1124,161,1,1699,1699,Miami Dadeland,Online
11,2025-02-12,SKU-1357,67,1,549,549,Austin Domain,Online
12,2024-05-05,SKU-1026,137,1,1199,1199,New York 5th Ave,Online
13,2025-09-22,SKU-1012,215,2,1099,2198,Online,In-Store
14,2025-08-14,SKU-1039,370,1,1299,1299,Online,In-Store
15,2025-05-25,SKU-1145,451,1,3799,3799,Online,Online
16,2024-09-03,SKU-1340,111,1,629,629,Chicago Michigan Ave,Online
17,2025-10-31,SKU-1070,345,1,1599,1599,Los Angeles Grove,Online
18,2024-09-27,SKU-1300,373,1,1599,1599,Online,Online
19,2025-07-29,SKU-1011,100,1,1099,1099,Online,Online
20,2025-07-17,SKU-1096,144,1,699,699,Miami Dadeland,In-Store
21,2024-04-09,SKU-1201,202,1,699,699,Online,In-Store
22,2024-05-27,SKU-1179,102,1,499,499,San Francisco Union Square,Online
23,2025-12-31,SKU-1010,171,1,1099,1099,Miami Dadeland,Online
24,2024-05-23,SKU-1037,168,2,1299,2598,Boston Boylston,Online
25,2024-11-02,SKU-1098,304,1,699,699,Online,In-Store
26,2024-11-02,SKU-1169,244,1,349,349,Miami Dadeland,Online
27,2025-08-20,SKU-1228,158,3,899,2697,Miami Dadeland,In-Store
28,2025-04-30,SKU-1233,136,1,649,649,Dallas NorthPark,In-Store
29,2024-02-22,SKU-1270,299,1,1399,1399,Los Angeles Grove,Online
30,2025-01-24,SKU-1247,76,1,849,849,Miami Dadeland,Online
31,2024-07-14,SKU-1185,10,1,499,499,New York 5th Ave,Online
32,2025-05-28,SKU-1102,397,1,799,799,San Francisco Union Square,Online
33,2025-12-23,SKU-1300,71,1,1599,1599,Los Angeles Grove,In-Store
34,2025-01-20,SKU-1360,161,1,549,549,Dallas NorthPark,Online
35,2025-11-23,SKU-1169,396,1,349,349,Boston Boylston,In-Store
36,2025-05-10,SKU-1282,99,1,1499,1499,Dallas NorthPark,Online
37,2024-10-31,SKU-1074,395,2,1599,3198,Online,Online
38,2024-12-23,SKU-1241,287,1,749,749,Dallas NorthPark,In-Store
39,2025-11-23,SKU-1068,279,1,1499,1499,Online,In-Store
40,2024-05-29,SKU-1288,149,2,1649,3298,Online,In-Store
41,2025-11-02,SKU-1019,132,2,1099,2198,Austin Domain,Online
42,2025-07-29,SKU-1292,357,1,1649,1649,Online,Online
43,2024-02-21,SKU-1255,343,1,949,949,Boston Boylston,Online
44,2024-12-04,SKU-1058,368,1,1499,1499,Los Angeles Grove,In-Store
45,2024-06-10,SKU-1034,209,2,1299,2598,San Francisco Union Square,In-Store
46,2024-10-21,SKU-1131,165,1,1899,1899,Online,Online
47,2024-08-25,SKU-1267,274,1,1149,1149,Austin Domain,In-Store
48,2025-03-03,SKU-1009,452,2,999,1998,Miami Dadeland,In-Store
49,2025-05-22,SKU-1009,96,1,999,999,Dallas NorthPark,In-Store
50,2024-01-10,SKU-1332,153,2,629,1258,Chicago Michigan Ave,Online
51,2025-10-18,SKU-1355,279,1,249,249,Chicago Michigan Ave,In-Store
52,2024-10-06,SKU-1033,99,1,1299,1299,Miami Dadeland,Online
53,2024-07-09,SKU-1251,8,1,849,849,Austin Domain,In-Store
54,2024-06-28,SKU-1184,313,1,649,649,Miami Dadeland,In-Store
55,2024-03-29,SKU-1291,206,1,1499,1499,Seattle University Village,Online
56,2024-09-11,SKU-1035,4,1,1299,1299,Online,Online
57,2024-11-05,SKU-1261,299,2,1149,2298,Seattle University Village,Online
58,2024-03-04,SKU-1219,342,1,649,649,Online,Online
59,2025-12-21,SKU-1101,395,1,799,799,Online,Online
60,2025-09-21,SKU-1328,114,1,429,429,Online,Online
61,2025-09-12,SKU-1038,192,1,1299,1299,New York 5th Ave,Online
62,2025-11-11,SKU-1128,423,1,1899,1899,Online,Online
63,2024-03-24,SKU-1261,270,2,1149,2298,New York 5th Ave,In-Store
64,2024-03-04,SKU-1019,425,1,1099,1099,Chicago Michigan Ave,Online
65,2024-12-01,SKU-1186,438,1,649,649,Los Angeles Grove,Online
66,2024-04-03,SKU-1051,461,1,1499,1499,Los Angeles Grove,In-Store
67,2025-04-12,SKU-1117,289,1,1899,1899,Online,Online
68,2025-02-09,SKU-1283,131,1,1349,1349,Miami Dadeland,In-Store
69,2024-12-18,SKU-1188,359,1,649,649,Online,In-Store
70,2025-04-28,SKU-1336,17,1,429,429,Online,Online
71,2025-10-23,SKU-1033,494,1,1299,1299,New York 5th Ave,In-Store
72,2025-01-21,SKU-1095,193,2,699,1398,Online,In-Store
73,2024-12-22,SKU-1311,61,1,1649,1649,Online,Online
74,2024-08-16,SKU-1167,428,1,349,349,Online,Online
75,2025-07-11,SKU-1074,218,1,1599,1599,Chicago Michigan Ave,In-Store
76,2024-10-09,SKU-1061,97,1,1499,1499,Dallas NorthPark,In-Store
77,2025-03-05,SKU-1028,315,1,1199,1199,Austin Domain,In-Store
78,2024-04-13,SKU-1003,305,1,999,999,Online,In-Store
79,2024-02-15,SKU-1240,206,1,899,899,New York 5th Ave,Online
80,2024-05-23,SKU-1261,258,1,1149,1149,Dallas NorthPark,Online
81,2025-08-14,SKU-1328,307,1,429,429,Austin Domain,In-Store
82,2025-11-07,SKU-1059,267,2,1499,2998,Online,Online
83,2024-06-28,SKU-1015,321,2,1099,2198,Seattle University Village,In-Store
84,2025-10-20,SKU-1011,344,1,1099,1099,Online,Online
85,2024-11-03,SKU-1237,193,1,749,749,Online,Online
86,2025-12-25,SKU-1060,74,1,1499,1499,Miami Dadeland,In-Store
87,2025-07-24,SKU-1181,272,2,499,998,Online,Online
88,2025-04-05,SKU-1050,434,1,1499,1499,Online,Online
89,2025-01-21,SKU-1292,345,1,1649,1649,San Francisco Union Square,Online
90,2025-08-24,SKU-1018,371,1,1099,1099,Seattle University Village,Online
91,2024-11-06,SKU-1052,490,2,1499,2998,Boston Boylston,Online
92,2025-05-05,SKU-1047,469,1,1399,1399,Online,In-Store
93,2025-07-19,SKU-1051,165,2,1499,2998,Austin Domain,Online
94,2024-09-24,SKU-1169,185,1,349,349,Los Angeles Grove,Online
95,2025-04-25,SKU-1024,390,3,1199,3597,Miami Dadeland,In-Store
96,2025-07-30,SKU-1092,443,1,699,699,Online,Online
97,2025-08-16,SKU-1065,369,2,1499,2998,New York 5th Ave,Online
98,2024-09-08,SKU-1082,256,1,1699,1699,Chicago Michigan Ave,In-Store
99,2025-05-15,SKU-1084,495,1,1699,1699,Seattle University Village,In-Store
100,2024-12-26,SKU-1122,87,1,1299,1299,Online,Online
101,2025-10-19,SKU-1045,491,2,1399,2798,Online,Online
102,2025-11-15,SKU-1299,25,2,1449,2898,Austin Domain,Online
103,2025-12-25,SKU-1298,78,1,1599,1599,Online,Online
104,2025-11-13,SKU-1093,479,1,699,699,San Francisco Union Square,Online
105,2025-07-18,SKU-1139,211,1,2799,2799,Online,Online
106,2024-01-18,SKU-1068,258,3,1499,4497,Miami Dadeland,In-Store
107,2024-04-19,SKU-1283,471,2,1349,2698,Online,Online
108,2024-12-28,SKU-1047,137,1,1399,1399,Austin Domain,Online
109,2024-09-06,SKU-1346,357,1,299,299,Online,In-Store
110,2025-10-27,SKU-1300,389,1,1599,1599,Online,Online
111,2025-10-14,SKU-1094,5,1,699,699,Seattle University Village,Online
112,2024-12-05,SKU-1299,290,1,1449,1449,Dallas NorthPark,In-Store
113,2024-08-23,SKU-1319,109,2,1799,3598,Boston Boylston,In-Store
114,2024-03-17,SKU-1183,351,1,499,499,Boston Boylston,In-Store
115,2024-11-18,SKU-1182,9,1,649,649,Dallas NorthPark,In-Store
116,2025-02-11,SKU-1260,476,1,1099,1099,Online,Online
117,2025-02-02,SKU-1059,347,1,1499,1499,Boston Boylston,Online
118,2025-12-06,SKU-1262,371,1,1299,1299,Online,In-Store
119,2024-08-25,SKU-1086,430,1,1699,1699,Online,In-Store
120,2024-11-30,SKU-1203,16,1,699,699,San Francisco Union Square,In-Store
121,2025-07-20,SKU-1115,482,1,1499,1499,Online,Online
122,2025-09-25,SKU-1191,152,1,599,599,Miami Dadeland,In-Store
123,2025-12-29,SKU-1020,402,1,1199,1199,San Francisco Union Square,In-Store
124,2024-01-06,SKU-1078,483,1,1599,1599,Online,Online
125,2024-07-10,SKU-1067,221,1,1499,1499,New York 5th Ave,In-Store
126,2024-12-28,SKU-1101,284,1,799,799,Online,In-Store
127,2024-10-25,SKU-1080,212,1,1699,1699,Online,Online
128,2024-09-05,SKU-1322,293,2,1949,3898,Los Angeles Grove,In-Store
129,2024-10-01,SKU-1042,253,1,1399,1399,Online,Online
130,2024-03-19,SKU-1068,185,1,1499,1499,Online,Online
131,2024-07-19,SKU-1207,235,1,549,549,Online,Online
132,2025-09-27,SKU-1342,195,1,299,299,Miami Dadeland,Online
133,2025-10-28,SKU-1083,499,1,1699,1699,San Francisco Union Square,Online
134,2025-05-05,SKU-1198,161,1,849,849,Online,Online
135,2025-10-10,SKU-1079,252,1,1599,1599,Dallas NorthPark,In-Store
136,2025-02-06,SKU-1081,187,1,1699,1699,Online,In-Store
137,2025-11-29,SKU-1194,394,1,749,749,Chicago Michigan Ave,In-Store
138,2025-03-24,SKU-1122,409,1,1299,1299,Online,In-Store
139,2025-02-22,SKU-1288,345,1,1649,1649,Los Angeles Grove,In-Store
140,2025-03-09,SKU-1060,405,1,1499,1499,Online,Online
141,2025-07-01,SKU-1196,260,1,749,749,Boston Boylston,In-Store
142,2025-01-03,SKU-1104,360,1,799,799,Boston Boylston,Online
143,2024-09-11,SKU-1213,337,1,649,649,Seattle University Village,Online
144,2025-10-22,SKU-1202,347,1,849,849,San Francisco Union Square,In-Store
145,2024-04-18,SKU-1082,6,1,1699,1699,Online,Online
146,2025-12-05,SKU-1258,295,1,1099,1099,Online,Online
147,2025-12-08,SKU-1123,257,1,1499,1499,Online,In-Store
148,2024-03-28,SKU-1136,60,1,2799,2799,Miami Dadeland,In-Store
149,2024-07-30,SKU-1086,267,1,1699,1699,Los Angeles Grove,Online
150,2024-11-22,SKU-1109,35,1,799,799,Online,In-Store
151,2025-10-25,SKU-1028,56,1,1199,1199,Seattle University Village,Online
152,2024-06-27,SKU-1355,283,1,249,249,Online,In-Store
153,2025-02-18,SKU-1346,323,1,299,299,Online,In-Store
154,2025-09-20,SKU-1107,453,1,799,799,Online,In-Store
155,2024-07-29,SKU-1096,143,1,699,699,Austin Domain,In-Store
156,2025-07-03,SKU-1015,96,1,1099,1099,Online,Online
157,2025-05-16,SKU-1028,271,1,1199,1199,Dallas NorthPark,Online
158,2024-04-26,SKU-1096,179,1,699,699,Online,Online
159,2024-10-31,SKU-1043,471,1,1399,1399,San Francisco Union Square,Online
160,2024-11-08,SKU-1033,60,1,1299,1299,Online,In-Store
161,2024-05-21,SKU-1153,295,1,999,999,Online,Online
162,2025-10-22,SKU-1212,477,1,699,699,Dallas NorthPark,In-Store
163,2024-11-18,SKU-1140,432,1,2999,2999,New York 5th Ave,Online
164,2024-05-19,SKU-1089,100,1,1699,1699,Miami Dadeland,In-Store
165,2025-12-02,SKU-1150,252,1,4899,4899,New York 5th Ave,In-Store
166,2024-02-01,SKU-1139,408,1,2799,2799,Austin Domain,Online
167,2024-06-21,SKU-1068,400,1,1499,1499,Los Angeles Grove,In-Store
168,2024-04-25,SKU-1266,294,1,1299,1299,Online,In-Store
169,2024-02-12,SKU-1290,390,1,1649,1649,Seattle University Village,Online
170,2025-10-31,SKU-1357,385,1,549,549,Online,In-Store
171,2024-03-30,SKU-1008,225,1,999,999,Boston Boylston,Online
172,2025-08-25,SKU-1285,353,1,1499,1499,Online,In-Store
173,2024-05-22,SKU-1211,402,1,549,549,Online,Online
174,2024-10-14,SKU-1014,306,1,1099,1099,Chicago Michigan Ave,Online
175,2024-09-30,SKU-1240,488,1,899,899,Miami Dadeland,In-Store
176,2025-02-25,SKU-1230,471,1,799,799,Online,Online
177,2024-05-15,SKU-1220,128,1,799,799,Online,Online
178,2025-02-06,SKU-1061,251,1,1499,1499,Online,In-Store
179,2024-03-18,SKU-1208,325,1,699,699,Austin Domain,In-Store
180,2025-12-12,SKU-1100,480,1,799,799,Boston Boylston,Online
181,2024-04-05,SKU-1139,375,1,2799,2799,Dallas NorthPark,In-Store
182,2025-07-01,SKU-1237,204,2,749,1498,Online,Online
183,2024-10-17,SKU-1052,173,1,1499,1499,Chicago Michigan Ave,Online
184,2025-11-29,SKU-1302,391,1,1699,1699,Online,Online
185,2024-05-07,SKU-1273,476,1,1249,1249,Miami Dadeland,Online
186,2024-07-26,SKU-1000,353,2,999,1998,Boston Boylston,In-Store
187,2024-10-07,SKU-1075,48,2,1599,3198,San Francisco Union Square,Online
188,2024-06-18,SKU-1092,27,2,699,1398,New York 5th Ave,Online
189,2025-11-02,SKU-1238,47,1,899,899,Seattle University Village,Online
190,2024-08-19,SKU-1132,266,1,2099,2099,Seattle University Village,Online
191,2025-03-08,SKU-1237,356,1,749,749,Online,Online
192,2024-04-14,SKU-1095,53,1,699,699,Online,In-Store
193,2024-05-16,SKU-1034,329,1,1299,1299,Dallas NorthPark,Online
194,2025-10-27,SKU-1168,85,1,499,499,New York 5th Ave,In-Store
195,2025-02-25,SKU-1209,316,1,549,549,Seattle University Village,In-Store
196,2024-05-06,SKU-1021,302,1,1199,1199,Austin Domain,Online
197,2024-09-10,SKU-1107,142,1,799,799,San Francisco Union Square,Online
198,2024-10-18,SKU-1197,399,1,699,699,Dallas NorthPark,Online
199,2024-07-29,SKU-1300,266,2,1599,3198,San Francisco Union Square,Online
200,2024-09-02,SKU-1097,254,1,699,699,Online,Online
201,2024-01-13,SKU-1213,185,1,649,649,Dallas NorthPark,Online
202,2025-01-09,SKU-1305,280,1,1549,1549,Seattle University Village,In-Store
203,2024-01-18,SKU-1344,301,1,279,279,Online,Online
204,2025-02-11,SKU-1009,260,1,999,999,Online,In-Store
205,2025-02-15,SKU-1266,43,1,1299,1299,San Francisco Union Square,Online
206,2024-03-21,SKU-1038,262,1,1299,1299,Boston Boylston,In-Store
207,2025-08-23,SKU-1038,325,1,1299,1299,Austin Domain,In-Store
208,2025-03-23,SKU-1215,374,1,649,649,Dallas NorthPark,Online
209,2024-04-28,SKU-1060,233,2,1499,2998,San Francisco Union Square,Online
210,2024-06-28,SKU-1224,62,1,899,899,Online,Online
211,2024-12-21,SKU-1002,268,1,999,999,Los Angeles Grove,In-Store
212,2024-10-02,SKU-1064,376,1,1499,1499,Boston Boylston,In-Store
213,2024-10-05,SKU-1007,269,1,999,999,Online,In-Store
214,2025-04-11,SKU-1187,262,1,499,499,Online,Online
215,2024-09-18,SKU-1183,396,1,499,499,Online,In-Store
216,2025-06-05,SKU-1248,2,1,999,999,Online,In-Store
217,2025-01-27,SKU-1060,472,1,1499,1499,Online,In-Store
218,2025-11-02,SKU-1304,215,1,1699,1699,Online,Online
219,2024-03-20,SKU-1328,293,1,429,429,Online,Online
220,2025-06-12,SKU-1322,24,1,1949,1949,Dallas NorthPark,Online
221,2024-11-14,SKU-1124,168,1,1699,1699,Online,Online
222,2024-11-07,SKU-1092,379,1,699,699,San Francisco Union Square,Online
223,2024-07-19,SKU-1193,376,1,599,599,Boston Boylston,In-Store
224,2025-02-23,SKU-1061,13,1,1499,1499,Online,Online
225,2024-12-09,SKU-1296,1,2,1599,3198,Austin Domain,Online
226,2024-07-29,SKU-1254,272,1,1099,1099,Dallas NorthPark,Online
227,2024-05-25,SKU-1347,365,3,299,897,Online,Online
228,2025-02-26,SKU-1057,359,1,1499,1499,Boston Boylston,Online
229,2025-06-01,SKU-1258,69,1,1099,1099,San Francisco Union Square,Online
230,2025-11-09,SKU-1194,494,1,749,749,Online,Online
231,2025-02-06,SKU-1301,359,2,1549,3098,Miami Dadeland,Online
232,2024-07-26,SKU-1117,70,1,1899,1899,Austin Domain,In-Store
233,2025-04-22,SKU-1038,161,1,1299,1299,New York 5th Ave,Online
234,2024-11-11,SKU-1348,238,1,279,279,Online,Online
235,2025-12-22,SKU-1039,357,1,1299,1299,San Francisco Union Square,Online
236,2025-12-29,SKU-1304,128,1,1699,1699,Dallas NorthPark,Online
237,2024-06-27,SKU-1012,16,1,1099,1099,Dallas NorthPark,In-Store
238,2024-04-06,SKU-1179,237,1,499,499,Online,In-Store
239,2024-08-15,SKU-1030,67,1,1299,1299,Online,Online
240,2024-03-27,SKU-1233,299,2,649,1298,Chicago Michigan Ave,In-Store
241,2024-07-21,SKU-1018,463,3,1099,3297,San Francisco Union Square,In-Store
242,2024-12-05,SKU-1022,63,1,1199,1199,Online,Online
243,2025-02-08,SKU-1041,255,1,1399,1399,Online,In-Store
244,2024-07-10,SKU-1043,141,1,1399,1399,Online,In-Store
245,2024-09-08,SKU-1008,332,1,999,999,Online,Online
246,2024-10-13,SKU-1176,197,1,649,649,Online,Online
247,2025-10-07,SKU-1315,411,1,1649,1649,Chicago Michigan Ave,Online
248,2025-05-06,SKU-1095,279,1,699,699,Austin Domain,Online
249,2024-10-03,SKU-1183,93,1,499,499,Online,In-Store
250,2024-10-14,SKU-1007,30,1,999,999,Miami Dadeland,Online
251,2024-08-26,SKU-1089,499,1,1699,1699,Online,Online
252,2024-02-27,SKU-1060,392,1,1499,1499,Dallas NorthPark,Online
253,2024-12-29,SKU-1299,479,1,1449,1449,Miami Dadeland,In-Store
254,2025-12-15,SKU-1043,184,1,1399,1399,Boston Boylston,Online
255,2025-07-31,SKU-1239,73,2,749,1498,Chicago Michigan Ave,Online
256,2025-05-19,SKU-1357,278,2,549,1098,Online,Online
257,2024-08-12,SKU-1022,11,1,1199,1199,Chicago Michigan Ave,Online
258,2024-05-13,SKU-1329,175,1,599,599,Seattle University Village,In-Store
259,2024-01-23,SKU-1298,76,1,1599,1599,Chicago Michigan Ave,In-Store
260,2025-01-08,SKU-1269,492,1,1249,1249,Online,In-Store
261,2024-12-10,SKU-1223,155,1,749,749,Online,In-Store
262,2025-10-16,SKU-1252,492,1,999,999,Los Angeles Grove,Online
263,2025-09-20,SKU-1241,403,1,749,749,Online,In-Store
264,2025-12-06,SKU-1286,151,1,1649,1649,Online,In-Store
265,2025-02-04,SKU-1342,436,2,299,598,Dallas NorthPark,In-Store
266,2025-09-18,SKU-1008,114,1,999,999,San Francisco Union Square,Online
267,2024-03-20,SKU-1144,122,1,3399,3399,Online,Online
268,2025-12-26,SKU-1212,344,2,699,1398,San Francisco Union Square,In-Store
269,2024-09-12,SKU-1113,355,1,1699,1699,Online,Online
270,2025-01-30,SKU-1026,225,1,1199,1199,Austin Domain,In-Store
271,2025-01-22,SKU-1315,180,1,1649,1649,Chicago Michigan Ave,Online
272,2025-10-28,SKU-1133,389,2,2299,4598,Seattle University Village,Online
273,2024-10-28,SKU-1018,11,1,1099,1099,Online,In-Store
274,2025-01-19,SKU-1018,83,1,1099,1099,Austin Domain,Online
275,2025-08-31,SKU-1321,315,1,1799,1799,Boston Boylston,In-Store
276,2025-09-13,SKU-1107,456,1,799,799,New York 5th Ave,Online
277,2025-02-23,SKU-1082,357,3,1699,5097,Chicago Michigan Ave,In-Store
278,2024-10-31,SKU-1172,122,1,499,499,Online,Online
279,2024-02-25,SKU-1176,185,1,649,649,Online,Online
280,2025-05-06,SKU-1290,103,1,1649,1649,Online,Online
281,2025-04-29,SKU-1213,433,3,649,1947,Online,In-Store
282,2024-09-28,SKU-1128,47,2,1899,3798,San Francisco Union Square,Online
283,2024-07-10,SKU-1092,229,1,699,699,Online,Online
284,2025-07-31,SKU-1065,32,1,1499,1499,Online,In-Store
285,2025-07-08,SKU-1024,212,1,1199,1199,Dallas NorthPark,In-Store
286,2025-06-19,SKU-1178,215,1,649,649,Dallas NorthPark,In-Store
287,2024-08-29,SKU-1337,244,1,599,599,Online,Online
288,2025-08-07,SKU-1302,462,1,1699,1699,Los Angeles Grove,In-Store
289,2025-04-04,SKU-1355,89,1,249,249,Dallas NorthPark,Online
290,2024-02-13,SKU-1052,217,1,1499,1499,Online,In-Store
291,2024-05-31,SKU-1050,428,1,1499,1499,San Francisco Union Square,Online
292,2024-03-30,SKU-1250,199,1,999,999,Chicago Michigan Ave,In-Store
293,2024-01-13,SKU-1304,403,1,1699,1699,Seattle University Village,In-Store
294,2024-06-02,SKU-1272,76,1,1399,1399,Chicago Michigan Ave,In-Store
295,2024-04-18,SKU-1349,289,1,799,799,Austin Domain,In-Store
296,2025-02-24,SKU-1308,136,2,1699,3398,Online,Online
297,2024-10-09,SKU-1201,207,1,699,699,Online,In-Store
298,2024-12-05,SKU-1236,354,1,799,799,Online,In-Store
299,2024-01-21,SKU-1330,173,2,649,1298,Miami Dadeland,Online
300,2025-12-13,SKU-1069,351,1,1499,1499,Online,In-Store
301,2025-03-29,SKU-1033,397,3,1299,3897,Miami Dadeland,Online
302,2024-07-11,SKU-1103,227,1,799,799,Online,In-Store
303,2025-01-17,SKU-1255,421,1,949,949,Online,In-Store
304,2025-02-17,SKU-1016,70,1,1099,1099,Austin Domain,Online
305,2024-07-24,SKU-1184,429,1,649,649,Online,Online
306,2024-07-22,SKU-1012,141,1,1099,1099,Online,Online
307,2025-11-28,SKU-1098,16,2,699,1398,Online,Online
308,2025-04-30,SKU-1113,301,2,1699,3398,Chicago Michigan Ave,Online
309,2025-12-06,SKU-1296,47,1,1599,1599,Online,Online
310,2024-08-07,SKU-1040,439,1,1399,1399,Online,Online
311,2025-06-09,SKU-1051,11,1,1499,1499,Boston Boylston,In-Store
312,2024-05-15,SKU-1231,332,1,649,649,Online,In-Store
313,2024-11-08,SKU-1055,365,1,1499,1499,Dallas NorthPark,In-Store
314,2024-12-23,SKU-1105,236,1,799,799,Online,Online
315,2025-02-10,SKU-1229,300,1,649,649,Online,Online
316,2025-01-18,SKU-1223,288,1,749,749,San Francisco Union Square,In-Store
317,2024-03-06,SKU-1074,173,1,1599,1599,Dallas NorthPark,In-Store
318,2025-12-29,SKU-1306,488,1,1699,1699,Boston Boylston,Online
319,2024-02-28,SKU-1037,413,1,1299,1299,Miami Dadeland,In-Store
320,2024-05-23,SKU-1100,370,1,799,799,Online,Online
321,2025-02-18,SKU-1073,199,2,1599,3198,Austin Domain,In-Store
322,2024-12-17,SKU-1359,372,1,549,549,Seattle University Village,In-Store
323,2025-11-18,SKU-1213,184,1,649,649,Los Angeles Grove,In-Store
324,2024-07-04,SKU-1297,151,2,1449,2898,Online,Online
325,2024-07-06,SKU-1064,485,1,1499,1499,Seattle University Village,Online
326,2024-11-10,SKU-1022,216,1,1199,1199,Austin Domain,Online
327,2024-04-30,SKU-1064,241,1,1499,1499,Online,In-Store
328,2025-04-28,SKU-1189,456,1,599,599,Online,Online
329,2025-02-27,SKU-1230,28,1,799,799,Boston Boylston,Online
330,2025-08-06,SKU-1358,458,1,549,549,Boston Boylston,Online
331,2024-03-23,SKU-1078,250,1,1599,1599,Online,In-Store
332,2025-04-07,SKU-1078,141,1,1599,1599,Online,In-Store
333,2024-03-31,SKU-1187,67,1,499,499,San Francisco Union Square,In-Store
334,2025-01-27,SKU-1100,3,2,799,1598,Online,Online
335,2024-11-25,SKU-1093,388,1,699,699,Miami Dadeland,Online
336,2024-09-11,SKU-1229,116,1,649,649,Seattle University Village,Online
337,2025-08-25,SKU-1032,157,1,1299,1299,Online,In-Store
338,2025-06-16,SKU-1074,306,1,1599,1599,Los Angeles Grove,Online
339,2025-05-16,SKU-1233,184,1,649,649,Austin Domain,Online
340,2024-01-20,SKU-1324,117,1,1949,1949,Online,In-Store
341,2025-05-31,SKU-1052,87,1,1499,1499,Online,In-Store
342,2025-10-17,SKU-1277,131,1,1349,1349,Austin Domain,In-Store
343,2024-04-20,SKU-1194,335,1,749,749,Miami Dadeland,Online
344,2024-05-06,SKU-1028,281,1,1199,1199,Online,In-Store
345,2024-01-10,SKU-1051,155,1,1499,1499,New York 5th Ave,Online
346,2025-12-18,SKU-1162,71,1,5999,5999,New York 5th Ave,In-Store
347,2024-10-16,SKU-1153,59,1,999,999,Austin Domain,Online
348,2025-06-19,SKU-1201,499,1,699,699,Online,In-Store
349,2025-05-23,SKU-1073,467,1,1599,1599,Online,In-Store
350,2025-11-18,SKU-1082,46,1,1699,1699,Boston Boylston,In-Store
351,2024-04-02,SKU-1226,400,1,899,899,Los Angeles Grove,In-Store
352,2024-08-24,SKU-1025,234,1,1199,1199,Dallas NorthPark,Online
353,2024-06-27,SKU-1124,448,1,1699,1699,Online,Online
354,2024-04-28,SKU-1281,49,1,1349,1349,Miami Dadeland,In-Store
355,2025-10-24,SKU-1002,88,1,999,999,Online,In-Store
356,2024-04-05,SKU-1344,191,1,279,279,Miami Dadeland,Online
357,2024-10-05,SKU-1099,428,2,699,1398,Online,In-Store
358,2024-06-19,SKU-1280,58,1,1499,1499,Online,In-Store
359,2024-04-16,SKU-1355,214,1,249,249,Boston Boylston,Online
360,2025-09-17,SKU-1184,195,1,649,649,Austin Domain,In-Store
361,2024-05-13,SKU-1306,248,2,1699,3398,Boston Boylston,Online
362,2024-09-24,SKU-1102,336,1,799,799,Online,In-Store
363,2025-08-13,SKU-1229,371,1,649,649,Chicago Michigan Ave,In-Store
364,2025-06-19,SKU-1226,353,1,899,899,Seattle University Village,Online
365,2024-12-20,SKU-1223,340,1,749,749,Seattle University Village,Online
366,2025-09-19,SKU-1296,28,1,1599,1599,Online,In-Store
367,2025-05-22,SKU-1150,446,1,4899,4899,Online,In-Store
368,2024-10-11,SKU-1079,26,1,1599,1599,Los Angeles Grove,In-Store
369,2024-03-21,SKU-1094,236,1,699,699,New York 5th Ave,In-Store
370,2024-11-19,SKU-1021,61,1,1199,1199,Dallas NorthPark,In-Store
371,2024-02-06,SKU-1004,286,1,999,999,Chicago Michigan Ave,In-Store
372,2025-10-14,SKU-1277,156,2,1349,2698,Boston Boylston,In-Store
373,2024-12-15,SKU-1220,187,1,799,799,Miami Dadeland,In-Store
374,2025-09-26,SKU-1298,308,1,1599,1599,Los Angeles Grove,In-Store
375,2025-11-05,SKU-1245,114,1,849,849,Online,Online
376,2025-07-14,SKU-1211,268,1,549,549,Online,Online
377,2025-02-23,SKU-1320,55,1,1949,1949,Online,Online
378,2024-08-08,SKU-1030,235,2,1299,2598,Miami Dadeland,Online
379,2024-02-17,SKU-1084,475,1,1699,1699,San Francisco Union Square,In-Store
380,2025-04-13,SKU-1030,338,2,1299,2598,Chicago Michigan Ave,Online
381,2024-02-19,SKU-1348,284,1,279,279,Dallas NorthPark,In-Store
382,2024-06-30,SKU-1136,355,1,2799,2799,Chicago Michigan Ave,In-Store
383,2025-09-06,SKU-1032,311,1,1299,1299,Boston Boylston,Online
384,2025-12-10,SKU-1095,391,3,699,2097,Online,Online
385,2024-05-16,SKU-1085,71,1,1699,1699,New York 5th Ave,In-Store
386,2025-12-19,SKU-1259,281,1,949,949,Miami Dadeland,In-Store
387,2024-07-24,SKU-1336,108,1,429,429,San Francisco Union Square,Online
388,2025-12-28,SKU-1086,333,1,1699,1699,Dallas NorthPark,Online
389,2025-12-28,SKU-1173,60,1,499,499,Austin Domain,In-Store
390,2025-12-28,SKU-1190,214,2,749,1498,Seattle University Village,In-Store
391,2025-03-08,SKU-1169,414,2,349,698,Online,Online
392,2024-02-27,SKU-1094,103,1,699,699,Online,In-Store
393,2024-05-29,SKU-1355,430,1,249,249,Online,In-Store
394,2025-01-02,SKU-1050,417,1,1499,1499,New York 5th Ave,In-Store
395,2024-08-17,SKU-1228,381,1,899,899,San Francisco Union Square,Online
396,2025-12-13,SKU-1153,148,1,999,999,Seattle University Village,Online
397,2025-12-02,SKU-1095,161,1,699,699,Dallas NorthPark,Online
398,2025-03-29,SKU-1257,425,1,949,949,Online,In-Store
399,2025-08-25,SKU-1242,280,1,899,899,Austin Domain,Online
400,2025-04-04,SKU-1249,91,1,849,849,Dallas NorthPark,Online
401,2024-05-02,SKU-1348,194,1,279,279,Online,Online
402,2024-09-18,SKU-1065,3,1,1499,1499,Online,In-Store
403,2024-11-26,SKU-1038,306,1,1299,1299,Online,In-Store
404,2025-05-17,SKU-1203,405,1,699,699,Chicago Michigan Ave,Online
405,2024-08-13,SKU-1273,490,1,1249,1249,Online,Online
406,2025-07-03,SKU-1149,207,1,4699,4699,Online,Online
407,2025-01-04,SKU-1053,151,1,1499,1499,Online,In-Store
408,2025-10-26,SKU-1168,5,3,499,1497,Online,Online
409,2025-09-28,SKU-1059,125,1,1499,1499,Dallas NorthPark,In-Store
410,2024-04-26,SKU-1080,198,2,1699,3398,Online,In-Store
411,2025-01-18,SKU-1006,264,1,999,999,Miami Dadeland,Online
412,2024-07-16,SKU-1010,165,2,1099,2198,Los Angeles Grove,In-Store
413,2025-07-04,SKU-1041,274,2,1399,2798,Online,Online
414,2025-12-02,SKU-1226,218,1,899,899,Miami Dadeland,Online
415,2025-03-21,SKU-1292,332,2,1649,3298,Miami Dadeland,Online
416,2024-12-05,SKU-1233,20,1,649,649,Online,Online
417,2025-08-11,SKU-1278,421,1,1499,1499,Online,Online
418,2025-03-19,SKU-1096,162,1,699,699,Online,In-Store
419,2025-09-25,SKU-1170,33,1,499,499,Austin Domain,In-Store
420,2025-05-29,SKU-1239,55,1,749,749,Online,In-Store
421,2025-03-24,SKU-1200,196,1,849,849,New York 5th Ave,In-Store
422,2024-05-19,SKU-1130,383,1,1699,1699,New York 5th Ave,In-Store
423,2024-05-27,SKU-1174,153,2,649,1298,Seattle University Village,In-Store
424,2025-01-17,SKU-1278,491,1,1499,1499,Dallas NorthPark,In-Store
425,2024-01-06,SKU-1178,294,1,649,649,San Francisco Union Square,Online
426,2024-12-18,SKU-1341,109,1,249,249,New York 5th Ave,In-Store
427,2024-08-14,SKU-1154,316,1,999,999,Miami Dadeland,Online
428,2024-02-25,SKU-1045,436,1,1399,1399,Austin Domain,In-Store
429,2024-03-15,SKU-1176,149,1,649,649,Seattle University Village,Online
430,2024-12-04,SKU-1049,183,1,1399,1399,Online,In-Store
431,2024-07-17,SKU-1024,163,1,1199,1199,Los Angeles Grove,Online
432,2024-06-05,SKU-1222,290,1,899,899,Chicago Michigan Ave,In-Store
433,2024-11-16,SKU-1346,127,1,299,299,Austin Domain,In-Store
434,2025-01-03,SKU-1214,69,1,799,799,Seattle University Village,Online
435,2024-11-08,SKU-1134,250,1,2399,2399,Chicago Michigan Ave,Online
436,2024-05-23,SKU-1200,457,1,849,849,Chicago Michigan Ave,Online
437,2024-03-18,SKU-1316,457,1,1799,1799,Online,Online
438,2025-02-18,SKU-1007,394,1,999,999,Chicago Michigan Ave,In-Store
439,2025-07-06,SKU-1177,242,1,499,499,San Francisco Union Square,Online
440,2025-08-26,SKU-1097,376,2,699,1398,Miami Dadeland,Online
441,2025-01-07,SKU-1147,258,1,4499,4499,Online,Online
442,2025-12-01,SKU-1348,85,3,279,837,Austin Domain,Online
443,2025-08-02,SKU-1039,338,1,1299,1299,Boston Boylston,Online
444,2024-02-11,SKU-1252,113,2,999,1998,Austin Domain,Online
445,2025-11-15,SKU-1065,106,1,1499,1499,Los Angeles Grove,In-Store
446,2024-02-17,SKU-1096,21,2,699,1398,Dallas NorthPark,Online
447,2024-10-07,SKU-1240,428,1,899,899,Austin Domain,In-Store
448,2025-01-22,SKU-1184,188,1,649,649,Chicago Michigan Ave,In-Store
449,2024-08-16,SKU-1019,265,1,1099,1099,New York 5th Ave,In-Store
450,2025-09-10,SKU-1086,4,1,1699,1699,Los Angeles Grove,Online
451,2025-10-20,SKU-1041,144,1,1399,1399,Online,Online
452,2024-05-01,SKU-1090,339,1,699,699,Online,In-Store
453,2025-05-05,SKU-1247,246,1,849,849,Online,Online
454,2024-02-14,SKU-1294,66,1,1599,1599,Chicago Michigan Ave,Online
455,2025-08-09,SKU-1209,76,1,549,549,Online,Online
456,2025-09-05,SKU-1044,497,2,1399,2798,Chicago Michigan Ave,Online
457,2024-10-17,SKU-1247,485,1,849,849,Online,Online
458,2024-06-23,SKU-1358,113,2,549,1098,Miami Dadeland,In-Store
459,2024-07-05,SKU-1278,320,1,1499,1499,San Francisco Union Square,Online
460,2025-04-09,SKU-1249,306,1,849,849,Chicago Michigan Ave,Online
461,2024-07-26,SKU-1096,268,1,699,699,Miami Dadeland,Online
462,2024-04-08,SKU-1104,91,1,799,799,Los Angeles Grove,In-Store
463,2025-05-30,SKU-1009,386,1,999,999,Online,Online
464,2024-01-02,SKU-1032,460,1,1299,1299,Dallas NorthPark,In-Store
465,2024-02-14,SKU-1107,358,1,799,799,Chicago Michigan Ave,Online
466,2025-01-25,SKU-1281,180,1,1349,1349,Chicago Michigan Ave,In-Store
467,2024-04-10,SKU-1264,218,1,1299,1299,Online,Online
468,2024-10-17,SKU-1057,307,2,1499,2998,Boston Boylston,Online
469,2024-01-08,SKU-1047,296,1,1399,1399,Los Angeles Grove,Online
470,2024-11-19,SKU-1093,210,1,699,699,Online,Online
471,2025-07-02,SKU-1218,217,1,799,799,Chicago Michigan Ave,In-Store
472,2024-07-27,SKU-1358,212,1,549,549,Chicago Michigan Ave,In-Store
473,2025-05-10,SKU-1044,130,1,1399,1399,Dallas NorthPark,In-Store
474,2024-05-21,SKU-1269,438,1,1249,1249,Miami Dadeland,Online
475,2024-06-14,SKU-1057,52,1,1499,1499,Online,Online
476,2025-12-14,SKU-1084,351,1,1699,1699,Seattle University Village,Online
477,2024-04-03,SKU-1348,422,1,279,279,Online,In-Store
478,2024-08-15,SKU-1108,190,1,799,799,Online,Online
479,2025-09-20,SKU-1095,336,3,699,2097,Los Angeles Grove,In-Store
480,2024-06-28,SKU-1196,328,2,749,1498,Los Angeles Grove,Online
481,2025-06-14,SKU-1301,147,2,1549,3098,Online,In-Store
482,2025-09-21,SKU-1153,87,1,999,999,Seattle University Village,Online
483,2024-03-29,SKU-1220,142,3,799,2397,Austin Domain,Online
484,2025-06-14,SKU-1098,8,1,699,699,Austin Domain,Online
485,2025-07-26,SKU-1022,469,1,1199,1199,Chicago Michigan Ave,Online
486,2024-07-18,SKU-1286,233,1,1649,1649,Boston Boylston,In-Store
487,2024-04-19,SKU-1065,287,1,1499,1499,Online,Online
488,2024-09-20,SKU-1341,449,1,249,249,Chicago Michigan Ave,In-Store
489,2025-01-21,SKU-1062,289,1,1499,1499,Los Angeles Grove,Online
490,2025-11-28,SKU-1084,236,1,1699,1699,Boston Boylston,In-Store
491,2025-01-26,SKU-1135,325,1,2599,2599,Austin Domain,Online
492,2025-02-26,SKU-1239,490,1,749,749,Online,Online
493,2024-10-21,SKU-1239,48,1,749,749,New York 5th Ave,In-Store
494,2024-07-01,SKU-1085,244,1,1699,1699,Online,Online
495,2025-11-30,SKU-1186,477,1,649,649,Boston Boylston,Online
496,2024-09-28,SKU-1049,106,1,1399,1399,Online,In-Store
497,2024-04-19,SKU-1295,62,1,1449,1449,Boston Boylston,In-Store
498,2025-07-08,SKU-1223,491,1,749,749,Online,Online
499,2025-08-11,SKU-1205,445,1,549,549,Online,Online
500,2025-02-11,SKU-1265,114,1,1149,1149,Austin Domain,Online
501,2025-07-07,SKU-1166,17,1,499,499,Los Angeles Grove,Online
502,2024-05-03,SKU-1233,358,1,649,649,Los Angeles Grove,Online
503,2025-01-23,SKU-1002,298,1,999,999,Online,Online
504,2024-09-26,SKU-1306,122,1,1699,1699,Online,In-Store
505,2025-03-10,SKU-1085,108,1,1699,1699,New York 5th Ave,In-Store
506,2025-04-06,SKU-1091,93,1,699,699,Chicago Michigan Ave,In-Store
507,2024-10-03,SKU-1233,412,1,649,649,Online,Online
508,2024-06-02,SKU-1094,243,1,699,699,Miami Dadeland,Online
509,2025-10-07,SKU-1146,265,3,4299,12897,Chicago Michigan Ave,Online
510,2025-08-04,SKU-1138,25,1,2599,2599,New York 5th Ave,In-Store
511,2025-05-02,SKU-1014,430,1,1099,1099,San Francisco Union Square,Online
512,2025-07-27,SKU-1083,286,1,1699,1699,Boston Boylston,Online
513,2025-11-26,SKU-1004,494,1,999,999,San Francisco Union Square,In-Store
514,2024-10-18,SKU-1218,182,1,799,799,Online,Online
515,2024-03-21,SKU-1270,196,1,1399,1399,San Francisco Union Square,Online
516,2025-10-17,SKU-1345,414,2,249,498,Boston Boylston,Online
517,2024-03-14,SKU-1202,41,1,849,849,Online,Online
518,2024-09-30,SKU-1079,310,1,1599,1599,San Francisco Union Square,Online
519,2025-01-06,SKU-1112,383,2,1499,2998,Chicago Michigan Ave,In-Store
520,2024-01-24,SKU-1103,65,1,799,799,Seattle University Village,In-Store
521,2024-03-22,SKU-1338,108,1,649,649,Online,Online
522,2025-07-15,SKU-1015,28,2,1099,2198,Online,Online
523,2024-09-25,SKU-1265,317,1,1149,1149,Online,In-Store
524,2024-09-10,SKU-1316,378,1,1799,1799,Online,In-Store
525,2024-01-30,SKU-1032,18,1,1299,1299,Seattle University Village,In-Store
526,2025-07-07,SKU-1081,479,1,1699,1699,Online,Online
527,2024-06-30,SKU-1351,303,1,849,849,San Francisco Union Square,In-Store
528,2025-06-20,SKU-1212,328,1,699,699,San Francisco Union Square,Online
529,2024-04-01,SKU-1086,227,1,1699,1699,Online,Online
530,2025-06-19,SKU-1038,418,1,1299,1299,Austin Domain,Online
531,2025-12-05,SKU-1071,473,1,1599,1599,Los Angeles Grove,In-Store
532,2024-10-26,SKU-1074,306,1,1599,1599,Online,Online
533,2025-07-28,SKU-1093,224,1,699,699,New York 5th Ave,Online
534,2025-01-22,SKU-1254,113,1,1099,1099,Online,Online
535,2025-09-19,SKU-1059,414,1,1499,1499,Seattle University Village,Online
536,2024-10-02,SKU-1217,212,1,649,649,Online,Online
537,2025-04-11,SKU-1034,317,1,1299,1299,New York 5th Ave,In-Store
538,2024-06-04,SKU-1141,26,1,3399,3399,Dallas NorthPark,Online
539,2024-05-08,SKU-1352,367,1,829,829,New York 5th Ave,Online
540,2024-08-10,SKU-1022,176,1,1199,1199,New York 5th Ave,In-Store
541,2025-12-14,SKU-1145,406,1,3799,3799,Online,Online
542,2024-09-29,SKU-1259,398,1,949,949,New York 5th Ave,Online
543,2024-09-13,SKU-1045,419,2,1399,2798,Online,Online
544,2025-01-29,SKU-1353,395,1,129,129,Dallas NorthPark,Online
545,2024-04-06,SKU-1359,267,1,549,549,Seattle University Village,Online
546,2024-11-26,SKU-1097,82,2,699,1398,San Francisco Union Square,Online
547,2024-09-16,SKU-1337,247,1,599,599,San Francisco Union Square,Online
548,2024-08-11,SKU-1316,499,2,1799,3598,Online,In-Store
549,2024-10-09,SKU-1080,300,1,1699,1699,Online,In-Store
550,2025-12-08,SKU-1002,244,1,999,999,Seattle University Village,Online
551,2025-05-26,SKU-1268,47,1,1299,1299,Seattle University Village,Online
552,2024-03-02,SKU-1351,31,1,849,849,Online,Online
553,2025-05-14,SKU-1170,120,1,499,499,Online,In-Store
554,2025-03-25,SKU-1215,376,1,649,649,Online,In-Store
555,2024-02-10,SKU-1089,249,1,1699,1699,Seattle University Village,In-Store
556,2025-08-03,SKU-1173,96,1,499,499,Chicago Michigan Ave,Online
557,2025-09-05,SKU-1127,469,2,1699,3398,Miami Dadeland,Online
558,2024-09-26,SKU-1168,278,1,499,499,Online,Online
559,2024-07-08,SKU-1213,453,1,649,649,Online,In-Store
560,2024-03-05,SKU-1270,338,1,1399,1399,Dallas NorthPark,In-Store
561,2025-07-18,SKU-1047,79,1,1399,1399,San Francisco Union Square,Online
562,2025-06-19,SKU-1214,338,1,799,799,Online,In-Store
563,2024-07-25,SKU-1032,55,2,1299,2598,Los Angeles Grove,Online
564,2025-11-04,SKU-1185,251,1,499,499,Chicago Michigan Ave,In-Store
565,2025-09-12,SKU-1063,368,1,1499,1499,Online,In-Store
566,2024-03-22,SKU-1052,240,1,1499,1499,Miami Dadeland,Online
567,2025-03-01,SKU-1179,421,2,499,998,Online,In-Store
568,2024-02-11,SKU-1290,376,1,1649,1649,Online,Online
569,2024-04-09,SKU-1340,52,2,629,1258,Seattle University Village,Online
570,2024-09-11,SKU-1047,292,1,1399,1399,San Francisco Union Square,Online
571,2024-04-18,SKU-1259,393,1,949,949,San Francisco Union Square,Online
572,2024-04-16,SKU-1121,86,1,2099,2099,Austin Domain,Online
573,2025-06-30,SKU-1149,308,1,4699,4699,New York 5th Ave,Online
574,2024-11-28,SKU-1078,433,3,1599,4797,Online,In-Store
575,2025-09-15,SKU-1107,124,1,799,799,Chicago Michigan Ave,Online
576,2024-09-17,SKU-1266,185,2,1299,2598,Dallas NorthPark,Online
577,2024-10-18,SKU-1099,306,1,699,699,Online,Online
578,2024-08-15,SKU-1318,110,1,1949,1949,Miami Dadeland,Online
579,2024-10-09,SKU-1289,471,1,1499,1499,Chicago Michigan Ave,In-Store
580,2024-02-08,SKU-1332,236,1,629,629,Online,Online
581,2024-08-26,SKU-1091,132,1,699,699,Miami Dadeland,Online
582,2024-03-20,SKU-1099,371,2,699,1398,Online,Online
583,2025-12-20,SKU-1139,296,2,2799,5598,Miami Dadeland,Online
584,2025-08-13,SKU-1214,196,1,799,799,Online,Online
585,2025-03-20,SKU-1268,214,1,1299,1299,Boston Boylston,Online
586,2025-09-08,SKU-1268,476,1,1299,1299,Online,In-Store
587,2024-02-12,SKU-1095,164,1,699,699,Chicago Michigan Ave,Online
588,2024-02-21,SKU-1148,345,1,4899,4899,Austin Domain,Online
589,2025-05-31,SKU-1112,47,1,1499,1499,Online,Online
590,2024-03-25,SKU-1098,244,1,699,699,Chicago Michigan Ave,Online
591,2025-05-28,SKU-1099,223,1,699,699,Austin Domain,Online
592,2025-05-14,SKU-1033,203,1,1299,1299,San Francisco Union Square,Online
593,2024-09-09,SKU-1204,125,1,849,849,Online,In-Store
594,2024-04-01,SKU-1080,58,2,1699,3398,Seattle University Village,Online
595,2025-08-31,SKU-1086,336,1,1699,1699,Online,Online
596,2025-03-28,SKU-1357,320,1,549,549,Online,Online
597,2025-01-17,SKU-1288,80,1,1649,1649,Austin Domain,In-Store
598,2025-09-27,SKU-1028,475,1,1199,1199,Online,In-Store
599,2024-04-23,SKU-1071,157,1,1599,1599,New York 5th Ave,Online
600,2024-07-27,SKU-1052,280,1,1499,1499,Los Angeles Grove,Online
601,2024-05-24,SKU-1136,356,1,2799,2799,Seattle University Village,Online
602,2024-02-14,SKU-1190,131,1,749,749,Online,Online
603,2024-02-24,SKU-1276,239,1,1399,1399,San Francisco Union Square,Online
604,2025-11-06,SKU-1096,185,1,699,699,Boston Boylston,Online
605,2024-08-24,SKU-1308,195,1,1699,1699,Los Angeles Grove,In-Store
606,2025-09-03,SKU-1323,273,1,1799,1799,Online,Online
607,2025-12-30,SKU-1349,12,1,799,799,Online,In-Store
608,2024-06-09,SKU-1076,10,1,1599,1599,Online,Online
609,2025-05-28,SKU-1207,142,1,549,549,Miami Dadeland,In-Store
610,2024-01-31,SKU-1313,484,2,1649,3298,Chicago Michigan Ave,Online
611,2025-11-03,SKU-1037,71,2,1299,2598,Online,Online
612,2025-10-02,SKU-1347,352,1,299,299,Online,Online
613,2025-09-11,SKU-1038,169,3,1299,3897,New York 5th Ave,Online
614,2025-12-01,SKU-1219,410,1,649,649,Online,Online
615,2024-05-18,SKU-1234,221,2,799,1598,Dallas NorthPark,In-Store
616,2024-06-10,SKU-1036,163,2,1299,2598,Online,Online
617,2024-05-29,SKU-1247,373,1,849,849,Online,Online
618,2024-11-06,SKU-1352,227,2,829,1658,Austin Domain,In-Store
619,2024-06-04,SKU-1212,399,1,699,699,Online,Online
620,2025-09-23,SKU-1006,137,3,999,2997,San Francisco Union Square,In-Store
621,2024-01-27,SKU-1195,184,1,599,599,Online,In-Store
622,2025-04-25,SKU-1033,365,1,1299,1299,San Francisco Union Square,Online
623,2024-06-16,SKU-1096,99,1,699,699,Online,Online
624,2025-02-26,SKU-1350,114,2,849,1698,Austin Domain,In-Store
625,2025-03-25,SKU-1262,444,1,1299,1299,San Francisco Union Square,In-Store
626,2025-03-13,SKU-1308,208,2,1699,3398,Austin Domain,In-Store
627,2025-02-07,SKU-1290,314,1,1649,1649,Dallas NorthPark,In-Store
628,2025-12-22,SKU-1170,403,1,499,499,Online,Online
629,2024-09-08,SKU-1119,266,2,1699,3398,Chicago Michigan Ave,In-Store
630,2025-10-07,SKU-1009,493,1,999,999,Online,Online
631,2024-10-19,SKU-1099,237,1,699,699,Online,Online
632,2024-05-25,SKU-1330,238,1,649,649,Miami Dadeland,Online
633,2025-08-22,SKU-1248,481,1,999,999,Boston Boylston,Online
634,2024-01-26,SKU-1098,92,1,699,699,New York 5th Ave,In-Store
635,2024-04-02,SKU-1320,129,2,1949,3898,Online,In-Store
636,2024-05-06,SKU-1243,47,1,749,749,Online,Online
637,2025-01-28,SKU-1090,373,1,699,699,Austin Domain,Online
638,2025-01-24,SKU-1342,23,1,299,299,Austin Domain,In-Store
639,2024-06-02,SKU-1183,84,1,499,499,Boston Boylston,Online
640,2024-11-12,SKU-1243,374,1,749,749,Austin Domain,Online
641,2024-05-14,SKU-1208,492,1,699,699,Online,In-Store
642,2025-05-25,SKU-1063,279,1,1499,1499,Miami Dadeland,In-Store
643,2025-11-06,SKU-1142,244,1,2999,2999,New York 5th Ave,Online
644,2025-07-14,SKU-1197,143,1,699,699,San Francisco Union Square,In-Store
645,2024-05-31,SKU-1291,29,1,1499,1499,San Francisco Union Square,Online
646,2025-09-09,SKU-1302,153,1,1699,1699,Online,Online
647,2024-06-14,SKU-1027,345,3,1199,3597,Online,In-Store
648,2025-07-29,SKU-1238,91,1,899,899,Dallas NorthPark,In-Store
649,2024-11-02,SKU-1089,166,1,1699,1699,Online,Online
650,2025-07-17,SKU-1016,34,1,1099,1099,Online,Online
651,2025-06-23,SKU-1236,212,1,799,799,Chicago Michigan Ave,In-Store
652,2025-10-06,SKU-1202,271,1,849,849,Dallas NorthPark,Online
653,2025-12-24,SKU-1234,148,2,799,1598,New York 5th Ave,In-Store
654,2025-09-30,SKU-1064,182,1,1499,1499,Boston Boylston,In-Store
655,2025-05-24,SKU-1144,253,1,3399,3399,Miami Dadeland,In-Store
656,2024-07-17,SKU-1058,1,1,1499,1499,Online,Online
657,2024-07-31,SKU-1279,410,1,1349,1349,San Francisco Union Square,Online
658,2025-10-14,SKU-1011,109,1,1099,1099,Online,Online
659,2024-11-11,SKU-1070,154,1,1599,1599,Los Angeles Grove,Online
660,2024-12-15,SKU-1001,203,1,999,999,Seattle University Village,In-Store
661,2024-12-04,SKU-1007,427,1,999,999,Online,In-Store
662,2025-10-23,SKU-1328,70,1,429,429,Los Angeles Grove,In-Store
663,2024-12-09,SKU-1318,237,1,1949,1949,Austin Domain,Online
664,2024-11-02,SKU-1256,290,1,1099,1099,Seattle University Village,Online
665,2025-12-02,SKU-1170,170,1,499,499,Miami Dadeland,In-Store
666,2024-10-14,SKU-1088,431,2,1699,3398,Online,In-Store
667,2025-08-07,SKU-1208,311,1,699,699,New York 5th Ave,In-Store
668,2025-12-23,SKU-1307,440,1,1549,1549,Online,Online
669,2024-08-31,SKU-1103,191,1,799,799,New York 5th Ave,In-Store
670,2024-04-24,SKU-1053,192,1,1499,1499,Austin Domain,In-Store
671,2024-01-26,SKU-1327,410,1,449,449,Los Angeles Grove,Online
672,2025-06-20,SKU-1047,159,2,1399,2798,Austin Domain,Online
673,2025-06-12,SKU-1310,347,1,1799,1799,Dallas NorthPark,Online
674,2025-06-18,SKU-1009,60,1,999,999,Online,In-Store
675,2024-03-30,SKU-1233,171,1,649,649,Los Angeles Grove,Online
676,2024-11-15,SKU-1163,12,1,6999,6999,Chicago Michigan Ave,Online
677,2024-07-16,SKU-1318,147,1,1949,1949,Online,Online
678,2024-06-01,SKU-1110,81,1,1099,1099,Online,Online
679,2024-07-30,SKU-1206,278,1,699,699,Online,Online
680,2024-10-17,SKU-1035,294,1,1299,1299,Online,Online
681,2025-03-30,SKU-1202,26,1,849,849,Online,Online
682,2024-02-25,SKU-1228,45,1,899,899,New York 5th Ave,Online
683,2025-12-07,SKU-1195,359,1,599,599,New York 5th Ave,Online
684,2025-11-17,SKU-1082,415,1,1699,1699,Chicago Michigan Ave,In-Store
685,2024-05-14,SKU-1262,48,1,1299,1299,Miami Dadeland,In-Store
686,2025-12-01,SKU-1126,330,1,1499,1499,Seattle University Village,Online
687,2025-09-23,SKU-1057,133,1,1499,1499,Boston Boylston,Online
688,2024-11-28,SKU-1238,233,1,899,899,Los Angeles Grove,Online
689,2024-06-23,SKU-1028,145,1,1199,1199,Austin Domain,In-Store
690,2024-04-19,SKU-1031,167,1,1299,1299,Chicago Michigan Ave,Online
691,2025-08-27,SKU-1075,212,1,1599,1599,Online,Online
692,2024-03-08,SKU-1039,175,1,1299,1299,Online,In-Store
693,2025-08-03,SKU-1107,404,3,799,2397,Online,In-Store
694,2025-12-29,SKU-1043,294,1,1399,1399,Miami Dadeland,Online
695,2024-04-09,SKU-1195,421,1,599,599,New York 5th Ave,Online
696,2025-12-02,SKU-1101,417,1,799,799,San Francisco Union Square,In-Store
697,2024-03-03,SKU-1081,47,1,1699,1699,Online,Online
698,2024-01-01,SKU-1189,388,1,599,599,Online,Online
699,2025-08-14,SKU-1168,229,1,499,499,Online,In-Store
700,2025-11-26,SKU-1078,156,1,1599,1599,Boston Boylston,In-Store
701,2024-04-01,SKU-1246,299,2,999,1998,Online,In-Store
702,2024-10-28,SKU-1100,32,1,799,799,Online,Online
703,2025-01-02,SKU-1013,57,1,1099,1099,Miami Dadeland,In-Store
704,2025-02-07,SKU-1058,321,1,1499,1499,Online,Online
705,2025-11-09,SKU-1095,89,1,699,699,Los Angeles Grove,Online
706,2025-03-03,SKU-1095,79,2,699,1398,Online,In-Store
707,2025-10-25,SKU-1031,9,1,1299,1299,Online,In-Store
708,2024-05-19,SKU-1221,44,3,749,2247,Online,In-Store
709,2025-12-13,SKU-1305,310,2,1549,3098,Boston Boylston,In-Store
710,2025-04-05,SKU-1118,197,1,1499,1499,Online,Online
711,2024-08-30,SKU-1199,365,1,699,699,Los Angeles Grove,Online
712,2024-02-08,SKU-1175,291,1,499,499,Los Angeles Grove,Online
713,2024-03-22,SKU-1189,73,2,599,1198,Austin Domain,Online
714,2024-10-13,SKU-1305,239,1,1549,1549,Los Angeles Grove,Online
715,2025-10-07,SKU-1201,380,1,699,699,Seattle University Village,In-Store
716,2025-08-16,SKU-1232,160,1,799,799,San Francisco Union Square,In-Store
717,2025-04-09,SKU-1170,263,1,499,499,Boston Boylston,In-Store
718,2024-10-28,SKU-1082,149,1,1699,1699,Online,In-Store
719,2025-07-31,SKU-1196,134,1,749,749,Online,Online
720,2024-10-25,SKU-1042,415,1,1399,1399,Austin Domain,Online
721,2024-03-19,SKU-1137,436,1,3199,3199,Austin Domain,Online
722,2024-09-20,SKU-1203,8,1,699,699,Austin Domain,In-Store
723,2025-11-05,SKU-1326,229,1,449,449,Online,Online
724,2024-07-04,SKU-1273,410,1,1249,1249,Chicago Michigan Ave,Online
725,2025-09-01,SKU-1356,479,2,279,558,Miami Dadeland,In-Store
726,2025-01-27,SKU-1260,122,1,1099,1099,Seattle University Village,In-Store
727,2024-12-19,SKU-1041,28,1,1399,1399,San Francisco Union Square,In-Store
728,2025-02-12,SKU-1028,244,1,1199,1199,Online,In-Store
729,2025-01-23,SKU-1260,350,1,1099,1099,Seattle University Village,Online
730,2024-01-13,SKU-1036,148,2,1299,2598,Boston Boylston,Online
731,2025-11-30,SKU-1230,490,2,799,1598,Online,In-Store
732,2025-03-18,SKU-1212,313,2,699,1398,Boston Boylston,In-Store
733,2024-04-10,SKU-1083,131,1,1699,1699,San Francisco Union Square,Online
734,2025-11-19,SKU-1269,302,1,1249,1249,Austin Domain,Online
735,2024-11-16,SKU-1229,281,3,649,1947,Online,Online
736,2025-06-21,SKU-1016,54,1,1099,1099,Seattle University Village,Online
737,2024-02-04,SKU-1249,13,1,849,849,San Francisco Union Square,Online
738,2024-08-10,SKU-1194,487,2,749,1498,San Francisco Union Square,Online
739,2025-09-11,SKU-1346,67,1,299,299,Online,In-Store
740,2024-07-08,SKU-1217,459,1,649,649,Online,Online
741,2024-03-18,SKU-1073,328,1,1599,1599,New York 5th Ave,In-Store
742,2025-11-14,SKU-1267,395,1,1149,1149,Austin Domain,Online
743,2024-03-04,SKU-1272,196,1,1399,1399,New York 5th Ave,In-Store
744,2024-07-01,SKU-1064,226,1,1499,1499,Online,In-Store
745,2025-10-22,SKU-1050,252,1,1499,1499,Online,Online
746,2024-04-18,SKU-1107,468,1,799,799,New York 5th Ave,Online
747,2024-09-13,SKU-1008,398,1,999,999,New York 5th Ave,In-Store
748,2024-02-08,SKU-1037,341,1,1299,1299,New York 5th Ave,Online
749,2024-01-04,SKU-1082,264,1,1699,1699,Seattle University Village,In-Store
750,2024-03-12,SKU-1133,277,1,2299,2299,Online,Online
751,2024-05-04,SKU-1234,291,1,799,799,Chicago Michigan Ave,In-Store
752,2024-02-26,SKU-1083,324,1,1699,1699,Dallas NorthPark,In-Store
753,2024-12-14,SKU-1091,42,2,699,1398,Miami Dadeland,In-Store
754,2025-07-21,SKU-1072,21,1,1599,1599,Dallas NorthPark,In-Store
755,2024-04-19,SKU-1074,323,1,1599,1599,Seattle University Village,Online
756,2024-07-13,SKU-1315,72,1,1649,1649,Online,Online
757,2025-02-02,SKU-1359,33,1,549,549,Austin Domain,In-Store
758,2025-04-05,SKU-1146,495,2,4299,8598,Dallas NorthPark,Online
759,2024-02-13,SKU-1013,208,1,1099,1099,Online,In-Store
760,2025-11-25,SKU-1225,446,1,749,749,Boston Boylston,Online
761,2024-02-07,SKU-1188,377,2,649,1298,Online,In-Store
762,2024-02-16,SKU-1128,125,2,1899,3798,Seattle University Village,Online
763,2024-11-10,SKU-1042,421,1,1399,1399,Austin Domain,Online
764,2024-04-18,SKU-1042,59,1,1399,1399,Los Angeles Grove,In-Store
765,2025-03-12,SKU-1055,173,1,1499,1499,Miami Dadeland,In-Store
766,2025-12-01,SKU-1229,295,1,649,649,Chicago Michigan Ave,Online
767,2024-02-16,SKU-1348,304,1,279,279,Online,Online
768,2024-06-21,SKU-1068,357,1,1499,1499,Online,Online
769,2024-05-16,SKU-1060,52,1,1499,1499,Austin Domain,In-Store
770,2025-05-13,SKU-1093,42,1,699,699,Online,Online
771,2024-10-17,SKU-1022,214,1,1199,1199,Seattle University Village,In-Store
772,2024-05-26,SKU-1131,328,1,1899,1899,Online,Online
773,2025-12-09,SKU-1059,20,1,1499,1499,San Francisco Union Square,In-Store
774,2024-11-04,SKU-1202,179,1,849,849,New York 5th Ave,In-Store
775,2024-04-07,SKU-1047,317,3,1399,4197,Online,In-Store
776,2025-10-03,SKU-1172,338,1,499,499,Online,Online
777,2025-04-30,SKU-1028,255,1,1199,1199,Online,In-Store
778,2024-10-18,SKU-1010,108,1,1099,1099,New York 5th Ave,Online
779,2024-02-14,SKU-1282,54,1,1499,1499,Austin Domain,In-Store
780,2025-05-11,SKU-1043,264,1,1399,1399,Online,In-Store
781,2024-11-29,SKU-1247,215,1,849,849,Online,In-Store
782,2024-11-29,SKU-1081,117,1,1699,1699,Online,In-Store
783,2024-08-13,SKU-1309,38,1,1649,1649,Los Angeles Grove,Online
784,2025-09-16,SKU-1318,233,1,1949,1949,Online,Online
785,2025-01-02,SKU-1120,500,1,1899,1899,Online,Online
786,2024-10-14,SKU-1008,70,1,999,999,Online,Online
787,2024-08-13,SKU-1104,454,1,799,799,Online,Online
788,2024-06-23,SKU-1278,296,2,1499,2998,Dallas NorthPark,In-Store
789,2025-05-15,SKU-1021,442,2,1199,2398,Dallas NorthPark,In-Store
790,2025-03-14,SKU-1295,377,1,1449,1449,Boston Boylston,Online
791,2025-08-28,SKU-1108,485,1,799,799,Online,In-Store
792,2024-02-11,SKU-1001,241,3,999,2997,Austin Domain,Online
793,2025-12-14,SKU-1106,421,1,799,799,Online,Online
794,2025-12-10,SKU-1020,375,1,1199,1199,New York 5th Ave,Online
795,2024-04-02,SKU-1089,9,1,1699,1699,Los Angeles Grove,Online
796,2025-08-20,SKU-1240,13,2,899,1798,Dallas NorthPark,Online
797,2024-07-08,SKU-1034,405,1,1299,1299,Boston Boylston,In-Store
798,2025-10-04,SKU-1240,37,1,899,899,Online,In-Store
799,2024-10-03,SKU-1168,358,1,499,499,Dallas NorthPark,Online
800,2024-03-23,SKU-1278,318,1,1499,1499,Boston Boylston,In-Store
801,2025-11-21,SKU-1013,187,2,1099,2198,Boston Boylston,Online
802,2025-01-09,SKU-1091,188,1,699,699,Online,In-Store
803,2024-07-28,SKU-1016,71,1,1099,1099,Dallas NorthPark,Online
804,2025-08-17,SKU-1028,447,1,1199,1199,Dallas NorthPark,Online
805,2024-12-27,SKU-1257,460,1,949,949,Online,In-Store
806,2024-12-19,SKU-1069,232,1,1499,1499,Los Angeles Grove,Online
807,2025-11-25,SKU-1030,423,1,1299,1299,Chicago Michigan Ave,Online
808,2025-12-10,SKU-1206,415,1,699,699,Dallas NorthPark,In-Store
809,2024-03-30,SKU-1046,42,2,1399,2798,New York 5th Ave,Online
810,2024-06-17,SKU-1346,142,1,299,299,Online,Online
811,2025-10-04,SKU-1037,12,1,1299,1299,Online,In-Store
812,2024-12-21,SKU-1173,216,1,499,499,New York 5th Ave,In-Store
813,2024-08-25,SKU-1072,428,1,1599,1599,Dallas NorthPark,In-Store
814,2025-10-23,SKU-1102,403,1,799,799,Online,In-Store
815,2025-03-31,SKU-1237,235,1,749,749,Online,Online
816,2024-09-23,SKU-1276,117,1,1399,1399,Los Angeles Grove,In-Store
817,2024-12-27,SKU-1267,146,1,1149,1149,New York 5th Ave,Online
818,2024-10-19,SKU-1332,94,1,629,629,Dallas NorthPark,In-Store
819,2024-06-06,SKU-1235,83,1,649,649,Online,Online
820,2024-09-23,SKU-1078,190,1,1599,1599,Online,In-Store
821,2024-12-18,SKU-1008,76,1,999,999,Online,Online
822,2024-01-26,SKU-1040,208,1,1399,1399,Boston Boylston,In-Store
823,2024-06-08,SKU-1341,3,2,249,498,Dallas NorthPark,Online
824,2024-10-29,SKU-1151,243,1,5299,5299,Boston Boylston,In-Store
825,2025-11-13,SKU-1261,76,3,1149,3447,Miami Dadeland,In-Store
826,2024-04-25,SKU-1331,375,1,649,649,Los Angeles Grove,Online
827,2024-01-26,SKU-1229,206,1,649,649,San Francisco Union Square,Online
828,2025-09-14,SKU-1089,329,1,1699,1699,Online,Online
829,2024-07-19,SKU-1272,12,1,1399,1399,Online,In-Store
830,2025-06-08,SKU-1229,202,2,649,1298,Online,Online
831,2025-11-13,SKU-1199,185,2,699,1398,New York 5th Ave,In-Store
832,2024-01-13,SKU-1106,146,1,799,799,Online,Online
833,2024-08-08,SKU-1112,373,1,1499,1499,Boston Boylston,In-Store
834,2024-06-16,SKU-1103,413,1,799,799,Seattle University Village,In-Store
835,2025-08-24,SKU-1250,307,1,999,999,Online,Online
836,2024-12-09,SKU-1130,34,2,1699,3398,Dallas NorthPark,In-Store
837,2025-10-16,SKU-1093,469,1,699,699,Online,Online
838,2024-05-20,SKU-1123,103,1,1499,1499,Online,Online
839,2024-11-05,SKU-1178,428,1,649,649,Chicago Michigan Ave,Online
840,2024-01-03,SKU-1255,79,1,949,949,Online,In-Store
841,2025-10-31,SKU-1294,341,1,1599,1599,Boston Boylston,Online
842,2024-09-07,SKU-1141,15,1,3399,3399,Online,Online
843,2025-01-05,SKU-1359,298,1,549,549,Los Angeles Grove,Online
844,2025-12-11,SKU-1064,419,1,1499,1499,Online,Online
845,2024-06-15,SKU-1187,298,1,499,499,Online,Online
846,2024-06-16,SKU-1313,28,1,1649,1649,Online,Online
847,2024-10-23,SKU-1327,150,1,449,449,Chicago Michigan Ave,In-Store
848,2024-07-06,SKU-1155,392,1,1199,1199,Online,In-Store
849,2025-12-02,SKU-1174,410,2,649,1298,Online,In-Store
850,2025-08-16,SKU-1234,181,1,799,799,Miami Dadeland,Online
851,2025-05-11,SKU-1160,211,1,2599,2599,Online,In-Store
852,2024-08-14,SKU-1025,426,1,1199,1199,Online,In-Store
853,2025-06-22,SKU-1202,434,1,849,849,Chicago Michigan Ave,In-Store
854,2025-04-16,SKU-1262,470,1,1299,1299,Online,In-Store
855,2024-11-15,SKU-1331,354,1,649,649,Online,In-Store
856,2024-12-16,SKU-1317,89,1,1799,1799,Seattle University Village,Online
857,2025-12-11,SKU-1286,73,1,1649,1649,Seattle University Village,Online
858,2025-03-11,SKU-1052,354,3,1499,4497,Austin Domain,Online
859,2025-03-17,SKU-1004,22,1,999,999,Online,Online
860,2025-04-25,SKU-1222,61,1,899,899,Boston Boylston,Online
861,2024-04-08,SKU-1075,401,1,1599,1599,Online,In-Store
862,2025-11-17,SKU-1192,180,1,749,749,Online,Online
863,2025-08-16,SKU-1258,179,1,1099,1099,Online,In-Store
864,2025-06-01,SKU-1272,292,1,1399,1399,Online,In-Store
865,2024-07-15,SKU-1265,494,1,1149,1149,Online,In-Store
866,2024-04-11,SKU-1171,474,3,349,1047,Online,Online
867,2025-08-26,SKU-1242,95,1,899,899,New York 5th Ave,In-Store
868,2025-01-23,SKU-1045,218,1,1399,1399,Online,Online
869,2024-05-06,SKU-1028,239,3,1199,3597,Online,Online
870,2025-07-24,SKU-1264,370,1,1299,1299,Online,Online
871,2025-09-06,SKU-1028,377,1,1199,1199,Online,In-Store
872,2024-10-24,SKU-1111,438,1,1299,1299,New York 5th Ave,In-Store
873,2025-11-26,SKU-1319,189,1,1799,1799,Online,In-Store
874,2025-03-24,SKU-1141,268,1,3399,3399,San Francisco Union Square,Online
875,2025-08-27,SKU-1035,53,1,1299,1299,Austin Domain,In-Store
876,2024-07-22,SKU-1042,174,1,1399,1399,Online,In-Store
877,2025-03-10,SKU-1100,372,1,799,799,Los Angeles Grove,In-Store
878,2025-10-21,SKU-1266,483,1,1299,1299,New York 5th Ave,Online
879,2025-05-11,SKU-1198,262,1,849,849,Online,In-Store
880,2025-05-24,SKU-1026,119,1,1199,1199,San Francisco Union Square,Online
881,2024-03-10,SKU-1024,256,1,1199,1199,Seattle University Village,In-Store
882,2024-06-05,SKU-1095,156,1,699,699,San Francisco Union Square,Online
883,2025-05-19,SKU-1019,406,1,1099,1099,Los Angeles Grove,Online
884,2025-07-09,SKU-1145,176,1,3799,3799,Miami Dadeland,Online
885,2025-03-16,SKU-1004,451,1,999,999,Boston Boylston,Online
886,2025-04-15,SKU-1078,19,1,1599,1599,Online,In-Store
887,2025-12-24,SKU-1305,85,1,1549,1549,Los Angeles Grove,Online
888,2024-04-22,SKU-1245,292,1,849,849,Seattle University Village,In-Store
889,2025-05-02,SKU-1232,288,1,799,799,Miami Dadeland,Online
890,2025-01-21,SKU-1097,316,1,699,699,Seattle University Village,In-Store
891,2025-08-27,SKU-1070,24,1,1599,1599,Online,Online
892,2025-10-02,SKU-1284,175,1,1499,1499,Online,Online
893,2024-02-27,SKU-1358,339,1,549,549,Online,Online
894,2025-12-05,SKU-1077,34,1,1599,1599,Boston Boylston,Online
895,2024-02-08,SKU-1042,236,1,1399,1399,San Francisco Union Square,Online
896,2024-01-21,SKU-1155,357,1,1199,1199,Los Angeles Grove,Online
897,2024-11-26,SKU-1078,294,1,1599,1599,Online,Online
898,2025-05-23,SKU-1235,258,1,649,649,Miami Dadeland,In-Store
899,2025-03-22,SKU-1041,104,1,1399,1399,Los Angeles Grove,In-Store
900,2025-07-02,SKU-1275,110,1,1249,1249,Online,Online
901,2024-08-19,SKU-1359,320,1,549,549,Austin Domain,Online
902,2024-12-10,SKU-1298,140,1,1599,1599,Online,In-Store
903,2024-03-19,SKU-1131,334,1,1899,1899,Miami Dadeland,Online
904,2024-11-16,SKU-1074,103,1,1599,1599,New York 5th Ave,Online
905,2025-07-14,SKU-1156,93,1,599,599,Boston Boylston,In-Store
906,2025-05-26,SKU-1157,110,1,799,799,Seattle University Village,In-Store
907,2025-10-15,SKU-1337,273,1,599,599,Miami Dadeland,In-Store
908,2025-10-03,SKU-1324,31,2,1949,3898,Los Angeles Grove,Online
909,2025-12-02,SKU-1036,392,1,1299,1299,Online,Online
910,2024-03-06,SKU-1079,325,1,1599,1599,Online,Online
911,2024-09-19,SKU-1290,352,1,1649,1649,San Francisco Union Square,Online
912,2024-09-08,SKU-1028,409,1,1199,1199,Miami Dadeland,Online
913,2025-10-24,SKU-1180,464,1,649,649,Online,Online
914,2024-10-11,SKU-1034,338,1,1299,1299,Chicago Michigan Ave,In-Store
915,2024-01-21,SKU-1010,29,1,1099,1099,Miami Dadeland,Online
916,2025-02-20,SKU-1198,460,2,849,1698,Online,In-Store
917,2024-05-23,SKU-1022,121,2,1199,2398,Online,In-Store
918,2025-08-17,SKU-1335,487,1,449,449,Austin Domain,Online
919,2025-09-06,SKU-1144,63,1,3399,3399,Austin Domain,Online
920,2024-08-29,SKU-1293,479,1,1449,1449,New York 5th Ave,Online
921,2025-03-26,SKU-1043,210,2,1399,2798,Online,In-Store
922,2024-04-25,SKU-1140,163,1,2999,2999,Chicago Michigan Ave,Online
923,2024-05-28,SKU-1061,186,1,1499,1499,Los Angeles Grove,Online
924,2025-09-12,SKU-1076,18,1,1599,1599,Miami Dadeland,In-Store
925,2025-11-18,SKU-1339,123,1,649,649,Online,Online
926,2025-12-02,SKU-1213,63,1,649,649,Chicago Michigan Ave,Online
927,2025-02-06,SKU-1110,475,1,1099,1099,Dallas NorthPark,Online
928,2024-08-29,SKU-1022,153,1,1199,1199,Online,In-Store
929,2025-10-21,SKU-1328,209,1,429,429,Austin Domain,Online
930,2025-05-18,SKU-1019,242,1,1099,1099,Austin Domain,In-Store
931,2024-04-12,SKU-1082,423,1,1699,1699,Online,Online
932,2025-07-14,SKU-1016,378,1,1099,1099,Online,In-Store
933,2024-07-07,SKU-1264,323,1,1299,1299,New York 5th Ave,In-Store
934,2024-11-08,SKU-1000,161,1,999,999,Chicago Michigan Ave,Online
935,2025-10-26,SKU-1062,391,1,1499,1499,Online,In-Store
936,2025-04-07,SKU-1102,245,2,799,1598,Boston Boylston,Online
937,2024-12-01,SKU-1043,410,1,1399,1399,Online,Online
938,2025-01-21,SKU-1091,484,1,699,699,Miami Dadeland,In-Store
939,2025-07-25,SKU-1005,332,1,999,999,San Francisco Union Square,Online
940,2024-09-25,SKU-1022,360,1,1199,1199,Miami Dadeland,Online
941,2024-06-01,SKU-1204,46,1,849,849,Dallas NorthPark,Online
942,2025-06-22,SKU-1183,223,1,499,499,Austin Domain,In-Store
943,2024-08-17,SKU-1291,366,1,1499,1499,Online,In-Store
944,2025-05-21,SKU-1286,196,1,1649,1649,Online,In-Store
945,2024-10-16,SKU-1197,373,3,699,2097,Seattle University Village,Online
946,2024-10-24,SKU-1101,500,1,799,799,Online,In-Store
947,2025-12-01,SKU-1325,332,1,399,399,Los Angeles Grove,Online
948,2025-12-10,SKU-1033,204,1,1299,1299,Seattle University Village,In-Store
949,2024-09-19,SKU-1242,38,1,899,899,Online,Online
950,2024-12-28,SKU-1083,311,1,1699,1699,Dallas NorthPark,In-Store
951,2024-02-16,SKU-1196,3,1,749,749,Online,In-Store
952,2025-01-14,SKU-1075,68,1,1599,1599,Dallas NorthPark,In-Store
953,2025-05-30,SKU-1189,253,1,599,599,Boston Boylston,In-Store
954,2025-06-27,SKU-1032,222,1,1299,1299,Online,Online
955,2024-10-14,SKU-1011,383,1,1099,1099,Online,Online
956,2024-09-27,SKU-1323,265,1,1799,1799,Online,In-Store
957,2024-06-03,SKU-1078,285,3,1599,4797,Miami Dadeland,In-Store
958,2024-06-01,SKU-1279,28,1,1349,1349,Online,Online
959,2025-03-22,SKU-1064,60,1,1499,1499,Dallas NorthPark,In-Store
960,2025-12-27,SKU-1010,288,1,1099,1099,Los Angeles Grove,Online
961,2024-05-06,SKU-1299,179,2,1449,2898,Online,In-Store
962,2025-06-04,SKU-1045,422,1,1399,1399,Online,In-Store
963,2024-01-05,SKU-1191,270,1,599,599,Austin Domain,Online
964,2025-05-25,SKU-1330,347,1,649,649,Online,Online
965,2024-05-04,SKU-1070,202,3,1599,4797,Online,In-Store
966,2024-01-30,SKU-1026,42,1,1199,1199,Los Angeles Grove,In-Store
967,2024-10-02,SKU-1134,305,1,2399,2399,San Francisco Union Square,Online
968,2025-04-08,SKU-1010,167,1,1099,1099,Dallas NorthPark,In-Store
969,2024-05-12,SKU-1324,109,1,1949,1949,Miami Dadeland,In-Store
970,2024-03-13,SKU-1070,281,1,1599,1599,Dallas NorthPark,Online
971,2025-02-12,SKU-1099,46,1,699,699,Online,Online
972,2025-10-24,SKU-1096,386,1,699,699,Dallas NorthPark,Online
973,2024-11-13,SKU-1074,463,1,1599,1599,Seattle University Village,Online
974,2025-06-08,SKU-1224,103,1,899,899,Los Angeles Grove,In-Store
975,2025-03-09,SKU-1132,47,1,2099,2099,Austin Domain,In-Store
976,2025-03-12,SKU-1203,48,1,699,699,Online,Online
977,2025-12-03,SKU-1124,366,1,1699,1699,Online,Online
978,2024-10-24,SKU-1209,240,1,549,549,New York 5th Ave,In-Store
979,2024-05-10,SKU-1132,351,1,2099,2099,Boston Boylston,In-Store
980,2024-02-18,SKU-1165,283,1,349,349,Online,Online
981,2024-04-06,SKU-1026,238,1,1199,1199,Seattle University Village,In-Store
982,2024-03-24,SKU-1063,394,1,1499,1499,Los Angeles Grove,Online
983,2024-07-05,SKU-1222,432,1,899,899,New York 5th Ave,Online
984,2025-08-24,SKU-1312,371,1,1799,1799,New York 5th Ave,In-Store
985,2024-07-10,SKU-1207,109,1,549,549,Online,In-Store
986,2024-04-18,SKU-1199,223,2,699,1398,Chicago Michigan Ave,Online
987,2025-05-03,SKU-1029,236,1,1199,1199,Seattle University Village,In-Store
988,2025-05-13,SKU-1349,156,1,799,799,San Francisco Union Square,In-Store
989,2025-12-07,SKU-1089,346,1,1699,1699,New York 5th Ave,Online
990,2024-04-24,SKU-1031,418,1,1299,1299,Online,In-Store
991,2025-10-26,SKU-1305,75,1,1549,1549,San Francisco Union Square,Online
992,2024-07-14,SKU-1208,45,1,699,699,Online,Online
993,2024-06-19,SKU-1130,463,1,1699,1699,Online,In-Store
994,2025-04-05,SKU-1348,300,1,279,279,Online,Online
995,2024-12-07,SKU-1292,5,1,1649,1649,Online,In-Store
996,2025-05-22,SKU-1107,378,1,799,799,Chicago Michigan Ave,In-Store
997,2025-02-13,SKU-1360,249,1,549,549,Los Angeles Grove,In-Store
998,2025-05-14,SKU-1336,119,2,429,858,Seattle University Village,Online
999,2024-03-06,SKU-1105,138,1,799,799,Boston Boylston,Online
1000,2025-10-23,SKU-1130,178,1,1699,1699,New York 5th Ave,Online
1001,2025-04-25,SKU-1040,177,1,1399,1399,New York 5th Ave,Online
1002,2025-09-08,SKU-1192,437,1,749,749,Miami Dadeland,In-Store
1003,2025-12-29,SKU-1032,200,1,1299,1299,Dallas NorthPark,In-Store
1004,2025-04-28,SKU-1227,410,1,749,749,Dallas NorthPark,Online
1005,2024-03-29,SKU-1051,342,1,1499,1499,Los Angeles Grove,Online
1006,2025-03-01,SKU-1038,483,1,1299,1299,Dallas NorthPark,Online
1007,2024-01-19,SKU-1052,184,1,1499,1499,Boston Boylston,Online
1008,2025-05-30,SKU-1039,17,1,1299,1299,Miami Dadeland,Online
1009,2025-07-29,SKU-1028,115,1,1199,1199,Los Angeles Grove,In-Store
1010,2025-07-24,SKU-1274,137,1,1399,1399,Boston Boylston,In-Store
1011,2024-04-16,SKU-1311,362,1,1649,1649,Online,In-Store
1012,2024-04-23,SKU-1280,500,2,1499,2998,Online,In-Store
1013,2025-07-29,SKU-1273,22,2,1249,2498,Los Angeles Grove,Online
1014,2025-01-05,SKU-1029,81,1,1199,1199,Austin Domain,In-Store
1015,2024-04-11,SKU-1264,79,1,1299,1299,San Francisco Union Square,Online
1016,2025-03-25,SKU-1034,497,1,1299,1299,New York 5th Ave,In-Store
1017,2024-12-15,SKU-1061,147,1,1499,1499,Los Angeles Grove,Online
1018,2025-01-04,SKU-1092,323,1,699,699,Seattle University Village,Online
1019,2024-08-21,SKU-1261,71,1,1149,1149,Miami Dadeland,Online
1020,2025-06-12,SKU-1102,407,1,799,799,Seattle University Village,In-Store
1021,2025-06-13,SKU-1110,484,1,1099,1099,Online,Online
1022,2025-03-20,SKU-1100,32,1,799,799,New York 5th Ave,Online
1023,2025-08-11,SKU-1331,30,1,649,649,Dallas NorthPark,In-Store
1024,2024-10-29,SKU-1280,215,2,1499,2998,New York 5th Ave,In-Store
1025,2024-11-17,SKU-1178,466,1,649,649,Online,In-Store
1026,2024-05-30,SKU-1322,359,1,1949,1949,New York 5th Ave,In-Store
1027,2025-09-25,SKU-1316,334,1,1799,1799,New York 5th Ave,Online
1028,2024-07-21,SKU-1285,452,1,1499,1499,Online,Online
1029,2024-05-09,SKU-1083,267,1,1699,1699,Dallas NorthPark,Online
1030,2025-06-17,SKU-1023,175,1,1199,1199,Austin Domain,Online
1031,2025-08-29,SKU-1006,133,1,999,999,Online,In-Store
1032,2024-04-23,SKU-1249,375,3,849,2547,Online,Online
1033,2024-02-18,SKU-1208,388,1,699,699,San Francisco Union Square,Online
1034,2025-04-09,SKU-1074,174,1,1599,1599,Dallas NorthPark,In-Store
1035,2025-10-04,SKU-1357,341,1,549,549,Chicago Michigan Ave,In-Store
1036,2025-08-09,SKU-1087,345,1,1699,1699,Online,Online
1037,2025-06-12,SKU-1254,299,1,1099,1099,Online,In-Store
1038,2025-03-11,SKU-1118,425,1,1499,1499,New York 5th Ave,Online
1039,2024-08-07,SKU-1105,229,1,799,799,Online,In-Store
1040,2025-02-08,SKU-1100,447,1,799,799,Online,Online
1041,2025-05-16,SKU-1105,375,1,799,799,Dallas NorthPark,In-Store
1042,2025-12-29,SKU-1035,235,1,1299,1299,Online,In-Store
1043,2024-08-05,SKU-1306,234,1,1699,1699,Los Angeles Grove,In-Store
1044,2024-05-01,SKU-1340,309,1,629,629,Miami Dadeland,Online
1045,2025-06-19,SKU-1092,79,1,699,699,Online,Online
1046,2024-01-29,SKU-1093,406,1,699,699,Online,In-Store
1047,2024-11-08,SKU-1105,456,2,799,1598,Online,Online
1048,2025-07-14,SKU-1255,179,1,949,949,Online,Online
1049,2025-04-08,SKU-1135,461,1,2599,2599,Online,Online
1050,2024-05-15,SKU-1294,391,1,1599,1599,Online,In-Store
1051,2024-06-01,SKU-1264,444,1,1299,1299,Seattle University Village,Online
1052,2025-01-31,SKU-1207,120,1,549,549,Boston Boylston,Online
1053,2025-03-29,SKU-1011,377,1,1099,1099,Online,Online
1054,2025-10-07,SKU-1041,408,1,1399,1399,Austin Domain,Online
1055,2024-03-28,SKU-1216,99,1,799,799,Dallas NorthPark,Online
1056,2025-06-18,SKU-1262,97,2,1299,2598,Austin Domain,Online
1057,2025-06-28,SKU-1004,93,1,999,999,Dallas NorthPark,Online
1058,2025-08-16,SKU-1051,228,1,1499,1499,Online,Online
1059,2025-05-18,SKU-1079,442,1,1599,1599,Dallas NorthPark,Online
1060,2025-06-24,SKU-1045,163,1,1399,1399,Online,Online
1061,2024-10-19,SKU-1354,74,1,179,179,Online,In-Store
1062,2025-11-25,SKU-1038,87,2,1299,2598,Online,In-Store
1063,2024-11-01,SKU-1045,200,1,1399,1399,Online,Online
1064,2024-05-03,SKU-1319,27,1,1799,1799,Online,In-Store
1065,2025-05-31,SKU-1191,198,1,599,599,Dallas NorthPark,Online
1066,2024-03-08,SKU-1079,248,1,1599,1599,Online,In-Store
1067,2025-07-21,SKU-1327,494,1,449,449,Chicago Michigan Ave,Online
1068,2024-05-08,SKU-1265,156,1,1149,1149,Chicago Michigan Ave,Online
1069,2024-05-25,SKU-1299,192,1,1449,1449,Chicago Michigan Ave,Online
1070,2025-07-22,SKU-1061,232,2,1499,2998,Online,In-Store
1071,2025-10-30,SKU-1347,498,1,299,299,Online,Online
1072,2024-09-13,SKU-1331,430,1,649,649,Seattle University Village,In-Store
1073,2025-06-06,SKU-1298,145,1,1599,1599,Online,In-Store
1074,2025-02-08,SKU-1182,358,1,649,649,Online,Online
1075,2025-03-18,SKU-1179,108,1,499,499,San Francisco Union Square,In-Store
1076,2024-12-16,SKU-1079,326,1,1599,1599,Online,In-Store
1077,2024-11-25,SKU-1117,175,1,1899,1899,Online,In-Store
1078,2024-05-16,SKU-1081,331,2,1699,3398,Boston Boylston,In-Store
1079,2024-06-26,SKU-1001,212,1,999,999,Chicago Michigan Ave,In-Store
1080,2024-03-24,SKU-1139,404,1,2799,2799,Boston Boylston,In-Store
1081,2025-11-18,SKU-1171,228,2,349,698,Seattle University Village,Online
1082,2025-01-01,SKU-1285,199,1,1499,1499,Online,In-Store
1083,2025-04-18,SKU-1237,190,1,749,749,Dallas NorthPark,Online
1084,2024-10-14,SKU-1055,349,1,1499,1499,Boston Boylston,Online
1085,2024-11-06,SKU-1022,414,1,1199,1199,Seattle University Village,Online
1086,2024-10-14,SKU-1142,253,1,2999,2999,Boston Boylston,In-Store
1087,2025-10-15,SKU-1052,203,1,1499,1499,Online,Online
1088,2024-07-17,SKU-1146,338,1,4299,4299,Austin Domain,In-Store
1089,2025-08-25,SKU-1198,66,1,849,849,Austin Domain,Online
1090,2025-06-19,SKU-1336,374,2,429,858,Austin Domain,Online
1091,2025-12-10,SKU-1229,348,3,649,1947,Chicago Michigan Ave,Online
1092,2025-03-13,SKU-1180,329,1,649,649,Seattle University Village,In-Store
1093,2025-02-20,SKU-1302,141,1,1699,1699,Online,Online
1094,2024-02-14,SKU-1143,453,1,3199,3199,Seattle University Village,Online
1095,2024-11-19,SKU-1329,3,1,599,599,New York 5th Ave,Online
1096,2024-08-19,SKU-1313,354,1,1649,1649,New York 5th Ave,Online
1097,2024-11-14,SKU-1062,33,1,1499,1499,San Francisco Union Square,Online
1098,2025-08-29,SKU-1134,409,1,2399,2399,San Francisco Union Square,Online
1099,2024-09-01,SKU-1062,491,1,1499,1499,Online,Online
1100,2024-03-15,SKU-1083,398,1,1699,1699,San Francisco Union Square,Online
1101,2024-05-07,SKU-1023,44,1,1199,1199,Dallas NorthPark,In-Store
1102,2025-12-11,SKU-1094,34,2,699,1398,Austin Domain,Online
1103,2025-09-17,SKU-1281,321,1,1349,1349,New York 5th Ave,Online
1104,2025-01-25,SKU-1013,206,1,1099,1099,Online,In-Store
1105,2025-11-06,SKU-1058,320,1,1499,1499,Online,Online
1106,2025-09-26,SKU-1278,52,2,1499,2998,Online,In-Store
1107,2024-12-02,SKU-1273,301,1,1249,1249,Online,Online
1108,2024-07-17,SKU-1195,464,1,599,599,Chicago Michigan Ave,In-Store
1109,2025-09-27,SKU-1063,228,1,1499,1499,Online,Online
1110,2025-08-21,SKU-1010,224,1,1099,1099,Los Angeles Grove,In-Store
1111,2025-07-08,SKU-1089,398,1,1699,1699,Online,Online
1112,2024-01-09,SKU-1198,266,1,849,849,Chicago Michigan Ave,In-Store
1113,2025-07-26,SKU-1014,440,1,1099,1099,Online,Online
1114,2024-07-25,SKU-1353,403,1,129,129,Online,Online
1115,2025-04-23,SKU-1131,308,1,1899,1899,Seattle University Village,In-Store
1116,2024-11-02,SKU-1183,215,1,499,499,Online,Online
1117,2025-05-22,SKU-1312,113,2,1799,3598,Boston Boylston,In-Store
1118,2024-08-06,SKU-1236,123,1,799,799,Los Angeles Grove,In-Store
1119,2025-01-19,SKU-1286,106,1,1649,1649,New York 5th Ave,In-Store
1120,2025-01-01,SKU-1001,16,1,999,999,Chicago Michigan Ave,Online
1121,2025-01-03,SKU-1109,23,1,799,799,Dallas NorthPark,Online
1122,2024-09-25,SKU-1070,369,1,1599,1599,Online,In-Store
1123,2024-06-29,SKU-1061,432,1,1499,1499,Online,Online
1124,2025-11-01,SKU-1293,404,1,1449,1449,Boston Boylston,Online
1125,2025-01-13,SKU-1052,415,1,1499,1499,Online,Online
1126,2025-09-30,SKU-1167,452,1,349,349,New York 5th Ave,In-Store
1127,2024-05-13,SKU-1029,407,2,1199,2398,Online,Online
1128,2025-03-15,SKU-1236,326,1,799,799,Online,Online
1129,2025-07-02,SKU-1204,151,1,849,849,Austin Domain,Online
1130,2024-05-09,SKU-1013,436,1,1099,1099,Los Angeles Grove,In-Store
1131,2025-04-26,SKU-1139,405,1,2799,2799,Seattle University Village,Online
1132,2025-10-22,SKU-1152,385,1,799,799,Los Angeles Grove,Online
1133,2025-01-17,SKU-1124,270,1,1699,1699,Seattle University Village,In-Store
1134,2025-02-14,SKU-1143,327,1,3199,3199,Boston Boylston,In-Store
1135,2024-07-26,SKU-1009,232,1,999,999,Miami Dadeland,Online
1136,2025-08-08,SKU-1076,81,2,1599,3198,Dallas NorthPark,Online
1137,2024-03-27,SKU-1176,152,1,649,649,New York 5th Ave,Online
1138,2025-09-28,SKU-1190,173,1,749,749,New York 5th Ave,Online
1139,2024-11-20,SKU-1101,140,1,799,799,Online,Online
1140,2025-01-02,SKU-1058,462,1,1499,1499,Online,In-Store
1141,2024-10-10,SKU-1154,475,1,999,999,Online,Online
1142,2024-12-07,SKU-1089,101,1,1699,1699,Seattle University Village,Online
1143,2024-10-08,SKU-1257,98,1,949,949,Seattle University Village,In-Store
1144,2025-07-10,SKU-1360,468,1,549,549,Online,In-Store
1145,2025-02-17,SKU-1070,485,1,1599,1599,New York 5th Ave,In-Store
1146,2025-06-08,SKU-1220,390,1,799,799,Dallas NorthPark,In-Store
1147,2024-08-02,SKU-1056,243,1,1499,1499,Online,In-Store
1148,2025-04-17,SKU-1177,175,1,499,499,Austin Domain,Online
1149,2025-12-15,SKU-1046,214,1,1399,1399,Online,Online
1150,2025-08-14,SKU-1180,448,1,649,649,Online,In-Store
1151,2024-12-29,SKU-1002,174,1,999,999,Online,Online
1152,2025-12-08,SKU-1260,276,1,1099,1099,Online,In-Store
1153,2024-05-22,SKU-1183,79,1,499,499,Dallas NorthPark,In-Store
1154,2025-09-14,SKU-1184,294,1,649,649,Boston Boylston,In-Store
1155,2025-07-01,SKU-1050,198,1,1499,1499,Online,Online
1156,2024-11-07,SKU-1184,48,1,649,649,Online,In-Store
1157,2025-09-09,SKU-1044,251,1,1399,1399,Online,Online
1158,2024-07-29,SKU-1326,120,1,449,449,Online,Online
1159,2024-01-12,SKU-1118,88,1,1499,1499,Online,In-Store
1160,2024-05-12,SKU-1097,275,3,699,2097,New York 5th Ave,In-Store
1161,2024-07-30,SKU-1097,67,2,699,1398,Boston Boylston,Online
1162,2024-06-11,SKU-1287,310,1,1499,1499,Chicago Michigan Ave,Online
1163,2025-04-14,SKU-1050,142,1,1499,1499,Online,In-Store
1164,2025-09-11,SKU-1112,414,1,1499,1499,Online,Online
1165,2025-04-18,SKU-1184,295,1,649,649,Online,Online
1166,2024-12-21,SKU-1216,359,2,799,1598,Miami Dadeland,In-Store
1167,2024-06-28,SKU-1097,213,1,699,699,Online,In-Store
1168,2025-11-05,SKU-1252,94,1,999,999,Seattle University Village,Online
1169,2024-06-10,SKU-1238,141,1,899,899,Boston Boylston,Online
1170,2024-08-10,SKU-1225,466,1,749,749,Los Angeles Grove,In-Store
1171,2024-03-19,SKU-1177,387,3,499,1497,Online,In-Store
1172,2024-09-15,SKU-1081,107,1,1699,1699,Los Angeles Grove,Online
1173,2025-04-17,SKU-1018,196,1,1099,1099,Online,Online
1174,2024-09-13,SKU-1048,59,1,1399,1399,Seattle University Village,Online
1175,2025-04-17,SKU-1226,35,1,899,899,Online,In-Store
1176,2025-04-27,SKU-1244,421,1,899,899,Online,Online
1177,2024-06-30,SKU-1296,151,1,1599,1599,Online,In-Store
1178,2024-01-12,SKU-1042,347,1,1399,1399,Online,Online
1179,2025-11-22,SKU-1044,273,1,1399,1399,Online,In-Store
1180,2025-10-18,SKU-1295,340,1,1449,1449,Seattle University Village,In-Store
1181,2024-02-23,SKU-1097,307,1,699,699,Online,In-Store
1182,2025-01-18,SKU-1266,466,2,1299,2598,Online,Online
1183,2024-12-11,SKU-1105,421,3,799,2397,Online,In-Store
1184,2025-11-11,SKU-1055,86,2,1499,2998,Seattle University Village,Online
1185,2024-11-26,SKU-1154,288,1,999,999,San Francisco Union Square,In-Store
1186,2025-03-14,SKU-1336,62,1,429,429,Online,Online
1187,2025-10-31,SKU-1080,162,1,1699,1699,Online,Online
1188,2024-10-12,SKU-1054,333,1,1499,1499,San Francisco Union Square,Online
1189,2025-09-05,SKU-1316,256,1,1799,1799,Dallas NorthPark,Online
1190,2025-08-05,SKU-1170,88,3,499,1497,Online,Online
1191,2025-02-01,SKU-1080,348,1,1699,1699,Boston Boylston,In-Store
1192,2025-12-05,SKU-1033,163,1,1299,1299,Dallas NorthPark,In-Store
1193,2025-08-22,SKU-1016,230,1,1099,1099,Online,In-Store
1194,2024-01-14,SKU-1057,120,1,1499,1499,Online,In-Store
1195,2025-03-14,SKU-1030,388,1,1299,1299,Online,Online
1196,2024-07-25,SKU-1034,78,1,1299,1299,Online,In-Store
1197,2025-03-30,SKU-1059,379,1,1499,1499,Boston Boylston,Online
1198,2024-02-10,SKU-1079,267,1,1599,1599,Austin Domain,Online
1199,2024-08-22,SKU-1285,434,1,1499,1499,Austin Domain,Online
1200,2025-11-11,SKU-1051,128,1,1499,1499,Miami Dadeland,In-Store
1201,2025-06-17,SKU-1055,165,2,1499,2998,Online,In-Store
1202,2024-07-16,SKU-1016,27,1,1099,1099,San Francisco Union Square,Online
1203,2025-08-29,SKU-1050,282,1,1499,1499,Miami Dadeland,In-Store
1204,2025-04-23,SKU-1058,160,1,1499,1499,Online,Online
1205,2024-11-06,SKU-1105,147,1,799,799,Chicago Michigan Ave,In-Store
1206,2025-05-07,SKU-1050,41,2,1499,2998,Dallas NorthPark,Online
1207,2025-03-08,SKU-1094,259,1,699,699,San Francisco Union Square,Online
1208,2025-05-08,SKU-1038,11,2,1299,2598,Austin Domain,Online
1209,2024-11-03,SKU-1020,305,2,1199,2398,Chicago Michigan Ave,In-Store
1210,2024-11-09,SKU-1043,233,1,1399,1399,Online,In-Store
1211,2025-04-25,SKU-1134,101,1,2399,2399,Online,Online
1212,2025-01-18,SKU-1003,252,1,999,999,New York 5th Ave,Online
1213,2025-01-28,SKU-1098,251,1,699,699,Online,In-Store
1214,2024-05-07,SKU-1017,198,2,1099,2198,Dallas NorthPark,Online
1215,2024-12-22,SKU-1265,261,2,1149,2298,Seattle University Village,In-Store
1216,2025-01-29,SKU-1091,475,1,699,699,New York 5th Ave,Online
1217,2025-01-05,SKU-1132,324,2,2099,4198,Seattle University Village,Online
1218,2025-09-11,SKU-1224,234,1,899,899,Dallas NorthPark,Online
1219,2025-11-09,SKU-1061,431,1,1499,1499,Online,Online
1220,2025-01-28,SKU-1023,204,1,1199,1199,Seattle University Village,In-Store
1221,2025-03-09,SKU-1020,85,2,1199,2398,Miami Dadeland,Online
1222,2025-11-05,SKU-1075,454,2,1599,3198,Online,Online
1223,2024-04-01,SKU-1102,56,2,799,1598,San Francisco Union Square,In-Store
1224,2024-08-02,SKU-1085,477,1,1699,1699,Austin Domain,In-Store
1225,2025-05-18,SKU-1001,1,1,999,999,Online,In-Store
1226,2024-10-22,SKU-1104,376,1,799,799,New York 5th Ave,Online
1227,2025-05-13,SKU-1046,94,1,1399,1399,Los Angeles Grove,Online
1228,2024-07-24,SKU-1183,31,1,499,499,Austin Domain,In-Store
1229,2025-02-22,SKU-1047,226,3,1399,4197,San Francisco Union Square,In-Store
1230,2024-10-27,SKU-1308,44,1,1699,1699,Online,Online
1231,2025-05-04,SKU-1085,249,1,1699,1699,Seattle University Village,Online
1232,2024-01-08,SKU-1015,341,1,1099,1099,Chicago Michigan Ave,In-Store
1233,2024-01-08,SKU-1024,193,1,1199,1199,San Francisco Union Square,In-Store
1234,2025-04-29,SKU-1264,388,2,1299,2598,Online,Online
1235,2024-11-18,SKU-1092,419,2,699,1398,Online,Online
1236,2024-12-30,SKU-1099,448,1,699,699,Online,Online
1237,2024-05-22,SKU-1119,14,1,1699,1699,San Francisco Union Square,In-Store
1238,2024-09-11,SKU-1069,189,1,1499,1499,New York 5th Ave,In-Store
1239,2025-11-07,SKU-1309,97,1,1649,1649,Online,In-Store
1240,2025-10-10,SKU-1339,185,1,649,649,Boston Boylston,In-Store
1241,2024-08-27,SKU-1253,311,1,949,949,Los Angeles Grove,In-Store
1242,2025-05-02,SKU-1278,338,1,1499,1499,Miami Dadeland,In-Store
1243,2024-07-18,SKU-1253,365,1,949,949,Online,Online
1244,2025-05-31,SKU-1185,17,2,499,998,Online,In-Store
1245,2025-07-15,SKU-1075,448,1,1599,1599,Los Angeles Grove,In-Store
1246,2025-07-07,SKU-1344,124,1,279,279,Online,Online
1247,2024-04-18,SKU-1340,223,1,629,629,Dallas NorthPark,Online
1248,2025-01-27,SKU-1334,393,1,449,449,Online,In-Store
1249,2025-11-17,SKU-1224,64,2,899,1798,Seattle University Village,In-Store
1250,2025-12-09,SKU-1211,171,1,549,549,Boston Boylston,In-Store
1251,2025-10-21,SKU-1266,176,1,1299,1299,Online,In-Store
1252,2025-10-19,SKU-1253,402,1,949,949,Chicago Michigan Ave,In-Store
1253,2024-04-28,SKU-1284,149,1,1499,1499,Online,Online
1254,2024-04-28,SKU-1255,294,2,949,1898,Online,In-Store
1255,2024-01-02,SKU-1344,160,1,279,279,Online,Online
1256,2024-11-23,SKU-1300,395,3,1599,4797,Online,In-Store
1257,2025-09-08,SKU-1279,303,1,1349,1349,Online,Online
1258,2024-05-28,SKU-1171,418,1,349,349,Dallas NorthPark,In-Store
1259,2025-09-07,SKU-1146,146,1,4299,4299,Online,In-Store
1260,2025-09-05,SKU-1281,164,1,1349,1349,Online,In-Store
1261,2025-12-24,SKU-1030,294,3,1299,3897,Los Angeles Grove,In-Store
1262,2025-01-20,SKU-1143,31,1,3199,3199,Dallas NorthPark,Online
1263,2024-08-18,SKU-1292,359,1,1649,1649,Austin Domain,In-Store
1264,2025-02-05,SKU-1270,154,2,1399,2798,Dallas NorthPark,In-Store
1265,2025-07-15,SKU-1300,201,3,1599,4797,Online,In-Store
1266,2025-02-04,SKU-1357,37,1,549,549,Chicago Michigan Ave,Online
1267,2025-07-15,SKU-1237,202,1,749,749,Online,Online
1268,2024-02-25,SKU-1276,436,2,1399,2798,Dallas NorthPark,Online
1269,2025-03-28,SKU-1220,357,1,799,799,Los Angeles Grove,In-Store
1270,2024-07-19,SKU-1052,377,1,1499,1499,San Francisco Union Square,Online
1271,2024-05-31,SKU-1303,193,1,1549,1549,Dallas NorthPark,Online
1272,2024-04-08,SKU-1297,183,2,1449,2898,Dallas NorthPark,Online
1273,2025-10-27,SKU-1013,174,3,1099,3297,San Francisco Union Square,In-Store
1274,2024-02-04,SKU-1208,61,1,699,699,Online,Online
1275,2025-10-30,SKU-1233,382,2,649,1298,Online,In-Store
1276,2025-04-19,SKU-1278,443,1,1499,1499,Miami Dadeland,Online
1277,2024-01-12,SKU-1210,62,1,699,699,Online,Online
1278,2024-08-18,SKU-1214,12,2,799,1598,Chicago Michigan Ave,In-Store
1279,2024-04-06,SKU-1133,407,1,2299,2299,San Francisco Union Square,Online
1280,2024-11-01,SKU-1360,293,1,549,549,Online,Online
1281,2025-07-04,SKU-1244,95,2,899,1798,New York 5th Ave,In-Store
1282,2025-06-26,SKU-1098,251,1,699,699,Online,In-Store
1283,2025-10-29,SKU-1172,64,1,499,499,Austin Domain,Online
1284,2025-09-05,SKU-1221,356,1,749,749,Online,In-Store
1285,2024-05-11,SKU-1280,295,1,1499,1499,Online,Online
1286,2024-02-05,SKU-1181,44,2,499,998,Dallas NorthPark,Online
1287,2025-03-09,SKU-1090,484,1,699,699,San Francisco Union Square,Online
1288,2024-10-27,SKU-1011,338,2,1099,2198,Chicago Michigan Ave,Online
1289,2024-12-26,SKU-1140,311,1,2999,2999,Chicago Michigan Ave,Online
1290,2024-08-30,SKU-1024,19,1,1199,1199,Online,Online
1291,2025-09-08,SKU-1294,283,2,1599,3198,Online,Online
1292,2024-03-17,SKU-1032,282,1,1299,1299,Online,Online
1293,2024-03-26,SKU-1323,484,1,1799,1799,Online,Online
1294,2024-03-13,SKU-1236,323,1,799,799,Austin Domain,In-Store
1295,2025-01-16,SKU-1237,289,1,749,749,San Francisco Union Square,In-Store
1296,2024-06-06,SKU-1199,162,1,699,699,Dallas NorthPark,Online
1297,2024-03-20,SKU-1006,139,1,999,999,Online,Online
1298,2025-10-17,SKU-1175,46,1,499,499,Online,Online
1299,2024-08-19,SKU-1068,141,2,1499,2998,Online,Online
1300,2024-04-17,SKU-1350,401,1,849,849,Boston Boylston,Online
1301,2025-05-16,SKU-1250,49,1,999,999,Chicago Michigan Ave,In-Store
1302,2025-09-14,SKU-1307,51,1,1549,1549,Boston Boylston,Online
1303,2024-12-19,SKU-1341,413,1,249,249,Austin Domain,In-Store
1304,2025-02-16,SKU-1169,245,1,349,349,San Francisco Union Square,Online
1305,2025-11-04,SKU-1233,65,1,649,649,Online,In-Store
1306,2025-10-16,SKU-1066,499,2,1499,2998,Online,In-Store
1307,2025-04-13,SKU-1229,94,1,649,649,New York 5th Ave,Online
1308,2025-03-14,SKU-1127,267,1,1699,1699,Dallas NorthPark,In-Store
1309,2024-03-30,SKU-1286,486,1,1649,1649,Online,In-Store
1310,2024-03-19,SKU-1299,374,1,1449,1449,Online,Online
1311,2024-10-19,SKU-1187,284,1,499,499,Boston Boylston,In-Store
1312,2025-11-24,SKU-1002,261,2,999,1998,Dallas NorthPark,Online
1313,2025-11-24,SKU-1145,455,1,3799,3799,Chicago Michigan Ave,Online
1314,2024-01-08,SKU-1003,366,1,999,999,New York 5th Ave,Online
1315,2025-11-08,SKU-1086,487,3,1699,5097,Boston Boylston,In-Store
1316,2024-02-13,SKU-1340,311,1,629,629,New York 5th Ave,Online
1317,2024-08-18,SKU-1334,90,1,449,449,Online,In-Store
1318,2025-03-08,SKU-1155,254,2,1199,2398,Online,Online
1319,2024-09-12,SKU-1028,426,2,1199,2398,Chicago Michigan Ave,In-Store
1320,2024-10-27,SKU-1029,136,1,1199,1199,Online,In-Store
1321,2024-11-08,SKU-1184,476,1,649,649,Dallas NorthPark,In-Store
1322,2025-04-19,SKU-1291,457,1,1499,1499,San Francisco Union Square,Online
1323,2024-12-02,SKU-1088,153,1,1699,1699,Online,Online
1324,2024-12-29,SKU-1318,5,1,1949,1949,Online,Online
1325,2024-06-06,SKU-1021,211,1,1199,1199,Online,Online
1326,2024-08-19,SKU-1038,241,1,1299,1299,New York 5th Ave,Online
1327,2024-10-02,SKU-1106,56,1,799,799,Dallas NorthPark,In-Store
1328,2025-03-20,SKU-1109,3,1,799,799,Online,In-Store
1329,2024-02-11,SKU-1049,69,1,1399,1399,New York 5th Ave,In-Store
1330,2024-07-22,SKU-1322,486,1,1949,1949,Los Angeles Grove,In-Store
1331,2025-07-17,SKU-1066,254,1,1499,1499,Miami Dadeland,In-Store
1332,2025-02-13,SKU-1081,257,1,1699,1699,Seattle University Village,In-Store
1333,2024-04-20,SKU-1291,406,1,1499,1499,Online,Online
1334,2024-08-30,SKU-1146,27,1,4299,4299,Seattle University Village,Online
1335,2025-03-20,SKU-1353,246,1,129,129,Online,Online
1336,2024-06-05,SKU-1264,374,1,1299,1299,Los Angeles Grove,Online
1337,2025-12-18,SKU-1266,127,2,1299,2598,Seattle University Village,Online
1338,2024-04-15,SKU-1130,359,1,1699,1699,Austin Domain,In-Store
1339,2025-10-06,SKU-1047,325,2,1399,2798,Online,Online
1340,2024-07-15,SKU-1100,476,1,799,799,Online,Online
1341,2025-01-24,SKU-1049,209,2,1399,2798,Chicago Michigan Ave,In-Store
1342,2025-03-12,SKU-1354,246,1,179,179,Online,Online
1343,2025-01-07,SKU-1012,144,1,1099,1099,Dallas NorthPark,In-Store
1344,2024-07-05,SKU-1061,21,2,1499,2998,Online,In-Store
1345,2024-10-13,SKU-1080,466,1,1699,1699,San Francisco Union Square,Online
1346,2024-12-08,SKU-1062,156,1,1499,1499,Online,In-Store
1347,2024-05-13,SKU-1231,170,1,649,649,Online,In-Store
1348,2025-09-11,SKU-1256,191,1,1099,1099,Online,Online
1349,2024-04-18,SKU-1190,67,1,749,749,San Francisco Union Square,In-Store
1350,2025-11-01,SKU-1010,419,2,1099,2198,Online,In-Store
1351,2025-07-13,SKU-1332,317,1,629,629,Online,In-Store
1352,2024-06-06,SKU-1357,23,1,549,549,Online,Online
1353,2025-07-27,SKU-1243,500,2,749,1498,Online,Online
1354,2025-03-22,SKU-1209,35,1,549,549,Los Angeles Grove,Online
1355,2024-06-19,SKU-1343,307,1,299,299,Online,In-Store
1356,2024-03-03,SKU-1072,407,2,1599,3198,Dallas NorthPark,Online
1357,2025-06-29,SKU-1286,446,1,1649,1649,Los Angeles Grove,Online
1358,2025-07-29,SKU-1109,400,1,799,799,New York 5th Ave,In-Store
1359,2025-08-08,SKU-1051,112,1,1499,1499,Chicago Michigan Ave,Online
1360,2025-05-30,SKU-1333,363,1,399,399,Seattle University Village,Online
1361,2024-10-01,SKU-1302,283,1,1699,1699,Online,Online
1362,2025-10-16,SKU-1169,76,1,349,349,Dallas NorthPark,Online
1363,2024-02-22,SKU-1033,329,2,1299,2598,Dallas NorthPark,In-Store
1364,2025-10-26,SKU-1052,178,1,1499,1499,San Francisco Union Square,In-Store
1365,2025-07-16,SKU-1080,136,2,1699,3398,Seattle University Village,Online
1366,2024-02-28,SKU-1202,321,1,849,849,Miami Dadeland,In-Store
1367,2024-06-29,SKU-1054,132,2,1499,2998,Dallas NorthPark,Online
1368,2025-08-20,SKU-1354,55,1,179,179,Seattle University Village,In-Store
1369,2025-10-03,SKU-1341,325,1,249,249,San Francisco Union Square,Online
1370,2024-07-27,SKU-1110,298,1,1099,1099,San Francisco Union Square,In-Store
1371,2025-03-20,SKU-1098,189,1,699,699,Online,Online
1372,2024-06-29,SKU-1144,97,1,3399,3399,Chicago Michigan Ave,In-Store
1373,2024-11-13,SKU-1044,84,1,1399,1399,Boston Boylston,In-Store
1374,2024-05-26,SKU-1233,37,1,649,649,New York 5th Ave,Online
1375,2025-06-23,SKU-1216,71,1,799,799,Seattle University Village,In-Store
1376,2024-01-22,SKU-1198,57,1,849,849,Miami Dadeland,In-Store
1377,2024-09-11,SKU-1215,395,1,649,649,Online,Online
1378,2024-01-10,SKU-1208,491,1,699,699,Austin Domain,Online
1379,2024-03-28,SKU-1288,104,2,1649,3298,Online,In-Store
1380,2024-11-10,SKU-1318,170,1,1949,1949,Los Angeles Grove,Online
1381,2025-07-10,SKU-1173,64,1,499,499,Online,Online
1382,2025-03-01,SKU-1174,73,1,649,649,Online,Online
1383,2024-12-27,SKU-1056,336,1,1499,1499,Online,In-Store
1384,2024-04-25,SKU-1232,252,1,799,799,Online,Online
1385,2024-12-31,SKU-1025,40,2,1199,2398,San Francisco Union Square,Online
1386,2024-02-14,SKU-1331,310,2,649,1298,Online,Online
1387,2025-03-11,SKU-1083,77,1,1699,1699,Boston Boylston,In-Store
1388,2024-04-16,SKU-1207,139,1,549,549,Boston Boylston,In-Store
1389,2025-12-29,SKU-1335,409,1,449,449,Online,Online
1390,2025-11-02,SKU-1335,76,1,449,449,Online,Online
1391,2025-05-04,SKU-1247,418,1,849,849,Online,In-Store
1392,2024-04-02,SKU-1346,166,1,299,299,Dallas NorthPark,Online
1393,2025-03-10,SKU-1096,247,1,699,699,Seattle University Village,Online
1394,2025-10-31,SKU-1277,472,1,1349,1349,Online,Online
1395,2025-06-29,SKU-1144,275,1,3399,3399,Miami Dadeland,Online
1396,2025-08-14,SKU-1189,398,1,599,599,Seattle University Village,In-Store
1397,2024-01-03,SKU-1240,105,1,899,899,Dallas NorthPark,Online
1398,2024-04-22,SKU-1180,31,2,649,1298,Boston Boylston,Online
1399,2024-05-22,SKU-1301,151,1,1549,1549,Los Angeles Grove,In-Store
1400,2025-03-07,SKU-1177,125,2,499,998,Online,Online
1401,2025-12-13,SKU-1258,361,1,1099,1099,Online,In-Store
1402,2024-02-25,SKU-1237,360,1,749,749,Online,In-Store
1403,2024-06-10,SKU-1132,16,1,2099,2099,Online,Online
1404,2025-03-02,SKU-1061,77,1,1499,1499,Austin Domain,Online
1405,2024-11-02,SKU-1034,241,1,1299,1299,New York 5th Ave,Online
1406,2024-10-20,SKU-1272,57,1,1399,1399,Online,In-Store
1407,2025-05-30,SKU-1008,83,1,999,999,Online,In-Store
1408,2025-07-21,SKU-1230,365,2,799,1598,Miami Dadeland,In-Store
1409,2025-03-09,SKU-1147,477,1,4499,4499,Online,In-Store
1410,2024-05-08,SKU-1164,381,3,9999,29997,Online,In-Store
1411,2025-07-26,SKU-1054,310,1,1499,1499,Miami Dadeland,In-Store
1412,2025-10-19,SKU-1127,208,1,1699,1699,Miami Dadeland,Online
1413,2024-07-18,SKU-1281,139,1,1349,1349,Online,Online
1414,2024-01-29,SKU-1198,123,1,849,849,Online,Online
1415,2024-11-12,SKU-1016,97,1,1099,1099,Chicago Michigan Ave,In-Store
1416,2025-08-06,SKU-1008,290,1,999,999,Online,In-Store
1417,2024-04-05,SKU-1136,484,1,2799,2799,Online,In-Store
1418,2025-05-27,SKU-1260,100,2,1099,2198,Online,Online
1419,2025-11-21,SKU-1088,50,1,1699,1699,Online,In-Store
1420,2024-06-02,SKU-1148,13,1,4899,4899,Chicago Michigan Ave,Online
1421,2024-10-24,SKU-1191,83,2,599,1198,Online,Online
1422,2024-08-25,SKU-1315,453,1,1649,1649,Online,In-Store
1423,2025-05-28,SKU-1035,265,1,1299,1299,Dallas NorthPark,In-Store
1424,2025-04-03,SKU-1165,403,1,349,349,Online,Online
1425,2024-02-10,SKU-1207,457,2,549,1098,Seattle University Village,In-Store
1426,2025-09-13,SKU-1059,39,3,1499,4497,Dallas NorthPark,In-Store
1427,2024-01-16,SKU-1359,74,1,549,549,Austin Domain,Online
1428,2024-03-30,SKU-1308,256,1,1699,1699,Online,Online
1429,2024-10-13,SKU-1336,296,1,429,429,Online,Online
1430,2024-09-21,SKU-1044,243,1,1399,1399,Dallas NorthPark,In-Store
1431,2024-05-06,SKU-1110,498,2,1099,2198,Chicago Michigan Ave,Online
1432,2025-09-26,SKU-1305,470,1,1549,1549,Seattle University Village,Online
1433,2024-11-17,SKU-1154,192,1,999,999,Online,Online
1434,2025-11-29,SKU-1115,22,2,1499,2998,San Francisco Union Square,In-Store
1435,2025-07-28,SKU-1256,5,1,1099,1099,Online,Online
1436,2024-03-15,SKU-1093,115,1,699,699,Online,Online
1437,2025-10-19,SKU-1023,274,1,1199,1199,Boston Boylston,Online
1438,2025-02-10,SKU-1021,394,1,1199,1199,New York 5th Ave,Online
1439,2025-09-10,SKU-1016,249,1,1099,1099,Online,In-Store
1440,2025-07-12,SKU-1028,80,1,1199,1199,Dallas NorthPark,Online
1441,2025-09-07,SKU-1053,397,1,1499,1499,Online,In-Store
1442,2025-04-29,SKU-1090,110,1,699,699,Online,In-Store
1443,2024-10-03,SKU-1343,130,1,299,299,San Francisco Union Square,Online
1444,2024-11-01,SKU-1017,448,1,1099,1099,Seattle University Village,In-Store
1445,2024-09-22,SKU-1166,95,1,499,499,Miami Dadeland,Online
1446,2024-10-31,SKU-1322,85,1,1949,1949,Online,In-Store
1447,2024-06-13,SKU-1135,495,1,2599,2599,Seattle University Village,Online
1448,2024-01-11,SKU-1236,288,1,799,799,Austin Domain,In-Store
1449,2025-09-23,SKU-1019,75,1,1099,1099,Online,In-Store
1450,2024-11-20,SKU-1338,8,1,649,649,Online,Online
1451,2024-04-26,SKU-1036,406,2,1299,2598,Dallas NorthPark,Online
1452,2025-04-06,SKU-1163,483,1,6999,6999,Miami Dadeland,Online
1453,2024-04-09,SKU-1115,19,2,1499,2998,Online,In-Store
1454,2024-06-19,SKU-1104,308,1,799,799,Online,Online
1455,2025-08-13,SKU-1343,490,3,299,897,Online,In-Store
1456,2025-05-29,SKU-1004,420,2,999,1998,Boston Boylston,In-Store
1457,2025-02-24,SKU-1217,181,1,649,649,Online,Online
1458,2024-04-26,SKU-1165,475,1,349,349,Online,Online
1459,2025-07-09,SKU-1044,224,1,1399,1399,Online,In-Store
1460,2024-10-17,SKU-1234,360,1,799,799,San Francisco Union Square,In-Store
1461,2024-04-16,SKU-1304,46,3,1699,5097,San Francisco Union Square,In-Store
1462,2025-09-30,SKU-1102,475,1,799,799,Chicago Michigan Ave,In-Store
1463,2025-11-14,SKU-1148,149,1,4899,4899,Miami Dadeland,Online
1464,2024-04-27,SKU-1270,101,1,1399,1399,Miami Dadeland,In-Store
1465,2025-04-20,SKU-1087,212,1,1699,1699,Boston Boylston,In-Store
1466,2025-01-18,SKU-1274,401,1,1399,1399,Online,Online
1467,2025-02-28,SKU-1313,345,1,1649,1649,Online,In-Store
1468,2024-06-06,SKU-1103,405,1,799,799,Online,In-Store
1469,2024-12-09,SKU-1288,88,1,1649,1649,Dallas NorthPark,In-Store
1470,2024-07-16,SKU-1060,316,3,1499,4497,San Francisco Union Square,In-Store
1471,2024-05-11,SKU-1281,481,1,1349,1349,San Francisco Union Square,In-Store
1472,2025-06-13,SKU-1043,82,2,1399,2798,New York 5th Ave,Online
1473,2025-10-08,SKU-1281,296,1,1349,1349,Austin Domain,In-Store
1474,2025-07-20,SKU-1208,82,1,699,699,Dallas NorthPark,Online
1475,2025-10-05,SKU-1023,395,1,1199,1199,San Francisco Union Square,Online
1476,2024-03-21,SKU-1242,293,2,899,1798,Online,In-Store
1477,2025-10-08,SKU-1032,399,1,1299,1299,Online,Online
1478,2025-07-02,SKU-1321,431,1,1799,1799,Online,In-Store
1479,2025-11-06,SKU-1274,27,1,1399,1399,Online,In-Store
1480,2025-08-16,SKU-1208,444,1,699,699,Online,Online
1481,2024-10-16,SKU-1195,135,1,599,599,Boston Boylston,Online
1482,2024-07-31,SKU-1143,201,1,3199,3199,Online,In-Store
1483,2025-10-02,SKU-1103,40,1,799,799,Online,Online
1484,2025-04-06,SKU-1317,414,1,1799,1799,Online,Online
1485,2025-10-08,SKU-1323,311,1,1799,1799,Miami Dadeland,Online
1486,2025-09-20,SKU-1085,308,1,1699,1699,Chicago Michigan Ave,Online
1487,2024-07-16,SKU-1256,311,2,1099,2198,Online,Online
1488,2025-01-08,SKU-1154,59,1,999,999,Boston Boylston,Online
1489,2025-12-09,SKU-1034,482,1,1299,1299,Online,Online
1490,2025-12-26,SKU-1049,283,1,1399,1399,San Francisco Union Square,Online
1491,2025-02-13,SKU-1284,473,1,1499,1499,Online,Online
1492,2024-10-14,SKU-1233,493,2,649,1298,New York 5th Ave,In-Store
1493,2024-07-29,SKU-1266,489,1,1299,1299,Seattle University Village,Online
1494,2024-10-05,SKU-1113,418,1,1699,1699,Online,Online
1495,2024-12-27,SKU-1095,192,1,699,699,Boston Boylston,In-Store
1496,2025-06-07,SKU-1115,130,2,1499,2998,Chicago Michigan Ave,Online
1497,2025-06-27,SKU-1291,181,1,1499,1499,New York 5th Ave,Online
1498,2024-07-09,SKU-1284,184,1,1499,1499,Online,Online
1499,2024-11-17,SKU-1092,63,1,699,699,Online,In-Store
1500,2025-08-04,SKU-1245,408,1,849,849,Online,Online
1501,2024-08-05,SKU-1016,270,1,1099,1099,Online,In-Store
1502,2025-11-18,SKU-1245,39,2,849,1698,Chicago Michigan Ave,In-Store
1503,2024-11-23,SKU-1231,102,1,649,649,Online,In-Store
1504,2025-03-07,SKU-1145,62,3,3799,11397,Online,Online
1505,2025-08-13,SKU-1081,11,1,1699,1699,Online,In-Store
1506,2025-04-17,SKU-1303,146,3,1549,4647,Online,In-Store
1507,2025-06-24,SKU-1009,21,1,999,999,Online,Online
1508,2025-03-01,SKU-1127,371,1,1699,1699,Online,Online
1509,2024-11-16,SKU-1086,253,1,1699,1699,San Francisco Union Square,Online
1510,2025-10-18,SKU-1237,496,1,749,749,Boston Boylston,In-Store
1511,2024-08-17,SKU-1337,25,1,599,599,Miami Dadeland,Online
1512,2025-03-22,SKU-1358,116,2,549,1098,Online,Online
1513,2025-07-04,SKU-1323,3,1,1799,1799,Dallas NorthPark,In-Store
1514,2024-04-23,SKU-1064,25,1,1499,1499,Dallas NorthPark,Online
1515,2025-01-23,SKU-1082,139,1,1699,1699,Seattle University Village,In-Store
1516,2024-11-22,SKU-1190,442,1,749,749,Online,In-Store
1517,2025-10-14,SKU-1301,229,2,1549,3098,Seattle University Village,Online
1518,2025-05-16,SKU-1059,500,1,1499,1499,Online,In-Store
1519,2024-10-30,SKU-1135,365,1,2599,2599,Online,In-Store
1520,2024-07-29,SKU-1310,356,1,1799,1799,Online,In-Store
1521,2024-08-09,SKU-1015,240,1,1099,1099,Miami Dadeland,Online
1522,2025-08-27,SKU-1026,390,1,1199,1199,Chicago Michigan Ave,In-Store
1523,2025-04-09,SKU-1264,336,1,1299,1299,Online,Online
1524,2025-01-07,SKU-1327,198,1,449,449,Dallas NorthPark,In-Store
1525,2024-07-11,SKU-1155,36,1,1199,1199,Online,Online
1526,2025-10-25,SKU-1076,53,2,1599,3198,Online,In-Store
1527,2025-04-16,SKU-1257,96,1,949,949,Online,Online
1528,2024-05-01,SKU-1168,475,1,499,499,Chicago Michigan Ave,Online
1529,2025-03-17,SKU-1052,261,1,1499,1499,Online,Online
1530,2025-01-26,SKU-1092,375,1,699,699,Boston Boylston,Online
1531,2024-10-09,SKU-1047,272,1,1399,1399,San Francisco Union Square,Online
1532,2024-09-11,SKU-1027,491,1,1199,1199,Online,Online
1533,2024-09-01,SKU-1320,34,1,1949,1949,Chicago Michigan Ave,Online
1534,2025-02-18,SKU-1314,201,1,1799,1799,New York 5th Ave,Online
1535,2025-05-22,SKU-1290,106,1,1649,1649,Online,Online
1536,2024-10-21,SKU-1212,376,1,699,699,Online,Online
1537,2024-11-08,SKU-1325,437,1,399,399,Boston Boylston,Online
1538,2024-07-10,SKU-1078,171,1,1599,1599,Boston Boylston,Online
1539,2024-12-08,SKU-1003,11,1,999,999,Online,Online
1540,2024-01-10,SKU-1019,305,1,1099,1099,Online,Online
1541,2025-04-28,SKU-1000,57,2,999,1998,Online,Online
1542,2024-08-21,SKU-1230,269,1,799,799,Los Angeles Grove,In-Store
1543,2024-12-09,SKU-1270,232,1,1399,1399,Los Angeles Grove,Online
1544,2024-09-16,SKU-1174,187,1,649,649,Los Angeles Grove,In-Store
1545,2025-06-14,SKU-1075,397,1,1599,1599,Seattle University Village,In-Store
1546,2024-10-03,SKU-1298,352,1,1599,1599,Los Angeles Grove,In-Store
1547,2024-08-13,SKU-1036,338,1,1299,1299,Dallas NorthPark,Online
1548,2025-12-13,SKU-1007,499,1,999,999,New York 5th Ave,Online
1549,2025-01-21,SKU-1022,328,2,1199,2398,Online,Online
1550,2025-04-05,SKU-1208,491,1,699,699,Boston Boylston,Online
1551,2024-12-05,SKU-1326,201,1,449,449,Chicago Michigan Ave,In-Store
1552,2025-08-16,SKU-1068,267,1,1499,1499,Seattle University Village,In-Store
1553,2025-08-03,SKU-1030,496,1,1299,1299,Austin Domain,Online
1554,2025-12-02,SKU-1027,76,1,1199,1199,Los Angeles Grove,Online
1555,2025-11-11,SKU-1349,84,1,799,799,Online,Online
1556,2024-02-11,SKU-1280,112,1,1499,1499,Online,In-Store
1557,2025-03-16,SKU-1013,181,1,1099,1099,Seattle University Village,Online
1558,2024-10-17,SKU-1062,403,1,1499,1499,Miami Dadeland,In-Store
1559,2024-03-29,SKU-1267,366,1,1149,1149,Online,In-Store
1560,2024-03-23,SKU-1049,149,1,1399,1399,Online,Online
1561,2025-10-14,SKU-1088,198,1,1699,1699,New York 5th Ave,In-Store
1562,2024-11-05,SKU-1024,306,1,1199,1199,Online,In-Store
1563,2025-08-15,SKU-1230,72,1,799,799,Seattle University Village,Online
1564,2024-11-04,SKU-1033,157,1,1299,1299,Online,In-Store
1565,2025-01-19,SKU-1209,401,1,549,549,Boston Boylston,Online
1566,2024-11-16,SKU-1034,258,1,1299,1299,Dallas NorthPark,In-Store
1567,2025-03-06,SKU-1127,493,1,1699,1699,New York 5th Ave,Online
1568,2025-03-07,SKU-1180,46,2,649,1298,Austin Domain,In-Store
1569,2025-06-08,SKU-1075,192,1,1599,1599,Online,Online
1570,2025-02-06,SKU-1183,65,1,499,499,New York 5th Ave,Online
1571,2025-04-16,SKU-1283,430,2,1349,2698,Online,Online
1572,2024-12-07,SKU-1292,305,1,1649,1649,Online,Online
1573,2024-03-03,SKU-1135,63,1,2599,2599,Austin Domain,In-Store
1574,2024-07-28,SKU-1255,265,1,949,949,Online,In-Store
1575,2025-11-22,SKU-1143,328,1,3199,3199,Miami Dadeland,Online
1576,2024-01-07,SKU-1077,413,3,1599,4797,Los Angeles Grove,In-Store
1577,2025-09-10,SKU-1028,451,1,1199,1199,Online,Online
1578,2025-06-01,SKU-1050,228,1,1499,1499,New York 5th Ave,In-Store
1579,2024-07-07,SKU-1074,420,1,1599,1599,Online,In-Store
1580,2025-03-25,SKU-1064,440,1,1499,1499,San Francisco Union Square,Online
1581,2024-05-25,SKU-1036,420,1,1299,1299,Austin Domain,Online
1582,2024-07-24,SKU-1153,244,1,999,999,Los Angeles Grove,Online
1583,2025-01-11,SKU-1024,342,1,1199,1199,Online,Online
1584,2025-03-11,SKU-1280,76,1,1499,1499,Online,Online
1585,2024-11-06,SKU-1182,18,1,649,649,San Francisco Union Square,In-Store
1586,2024-12-29,SKU-1205,493,1,549,549,Online,In-Store
1587,2024-06-11,SKU-1120,184,1,1899,1899,Los Angeles Grove,In-Store
1588,2025-06-21,SKU-1052,200,2,1499,2998,Los Angeles Grove,Online
1589,2025-07-30,SKU-1037,174,1,1299,1299,Los Angeles Grove,In-Store
1590,2025-11-05,SKU-1034,156,1,1299,1299,Boston Boylston,Online
1591,2025-04-28,SKU-1296,311,1,1599,1599,San Francisco Union Square,In-Store
1592,2025-06-22,SKU-1333,133,1,399,399,Online,Online
1593,2025-09-24,SKU-1345,425,1,249,249,New York 5th Ave,Online
1594,2024-04-08,SKU-1302,341,1,1699,1699,Online,In-Store
1595,2024-08-30,SKU-1132,54,1,2099,2099,Boston Boylston,Online
1596,2025-03-06,SKU-1318,473,1,1949,1949,Online,In-Store
1597,2024-03-15,SKU-1028,227,1,1199,1199,Austin Domain,In-Store
1598,2024-11-24,SKU-1297,56,2,1449,2898,Seattle University Village,Online
1599,2024-07-23,SKU-1357,101,1,549,549,Online,Online
1600,2024-06-14,SKU-1071,223,1,1599,1599,Miami Dadeland,In-Store
1601,2025-10-06,SKU-1047,492,1,1399,1399,Seattle University Village,Online
1602,2025-01-03,SKU-1284,397,2,1499,2998,New York 5th Ave,Online
1603,2025-10-19,SKU-1017,271,1,1099,1099,Los Angeles Grove,In-Store
1604,2024-12-26,SKU-1185,183,1,499,499,San Francisco Union Square,In-Store
1605,2025-03-13,SKU-1034,321,1,1299,1299,Online,Online
1606,2024-11-01,SKU-1019,52,1,1099,1099,Online,Online
1607,2024-08-17,SKU-1198,421,1,849,849,Dallas NorthPark,In-Store
1608,2024-03-10,SKU-1062,447,1,1499,1499,Boston Boylston,In-Store
1609,2025-06-14,SKU-1018,478,1,1099,1099,San Francisco Union Square,Online
1610,2024-04-23,SKU-1205,299,1,549,549,Los Angeles Grove,In-Store
1611,2024-12-12,SKU-1065,216,1,1499,1499,Online,Online
1612,2025-07-14,SKU-1265,419,1,1149,1149,Austin Domain,In-Store
1613,2024-08-29,SKU-1223,253,2,749,1498,Online,In-Store
1614,2024-02-06,SKU-1323,178,1,1799,1799,Dallas NorthPark,In-Store
1615,2024-03-23,SKU-1196,455,1,749,749,Chicago Michigan Ave,In-Store
1616,2024-02-06,SKU-1067,255,1,1499,1499,Los Angeles Grove,In-Store
1617,2024-08-21,SKU-1107,11,1,799,799,Boston Boylston,Online
1618,2025-09-14,SKU-1272,441,1,1399,1399,Online,In-Store
1619,2025-01-31,SKU-1004,393,1,999,999,Online,Online
1620,2024-04-28,SKU-1239,225,1,749,749,Online,In-Store
1621,2024-12-17,SKU-1323,224,1,1799,1799,Boston Boylston,Online
1622,2025-02-26,SKU-1022,383,1,1199,1199,Austin Domain,In-Store
1623,2024-01-16,SKU-1170,448,1,499,499,Seattle University Village,In-Store
1624,2024-07-03,SKU-1019,145,1,1099,1099,Online,Online
1625,2024-10-26,SKU-1220,67,1,799,799,San Francisco Union Square,Online
1626,2024-09-13,SKU-1030,481,1,1299,1299,Chicago Michigan Ave,Online
1627,2024-08-13,SKU-1253,228,1,949,949,Seattle University Village,In-Store
1628,2025-10-31,SKU-1272,126,1,1399,1399,Chicago Michigan Ave,Online
1629,2024-02-25,SKU-1238,178,1,899,899,Boston Boylston,In-Store
1630,2024-07-27,SKU-1206,467,1,699,699,Online,In-Store
1631,2024-08-03,SKU-1057,63,1,1499,1499,Online,In-Store
1632,2025-12-16,SKU-1035,226,3,1299,3897,San Francisco Union Square,Online
1633,2024-02-04,SKU-1028,139,1,1199,1199,Online,Online
1634,2024-10-12,SKU-1291,438,1,1499,1499,San Francisco Union Square,Online
1635,2024-02-15,SKU-1306,115,1,1699,1699,Online,Online
1636,2024-11-08,SKU-1107,17,1,799,799,Chicago Michigan Ave,Online
1637,2024-12-10,SKU-1006,473,1,999,999,Miami Dadeland,Online
1638,2024-01-29,SKU-1261,175,1,1149,1149,Seattle University Village,In-Store
1639,2024-02-28,SKU-1307,414,1,1549,1549,Online,Online
1640,2025-07-01,SKU-1247,238,1,849,849,New York 5th Ave,In-Store
1641,2025-01-25,SKU-1267,240,1,1149,1149,Austin Domain,In-Store
1642,2025-11-29,SKU-1032,487,1,1299,1299,Online,In-Store
1643,2025-08-07,SKU-1268,203,1,1299,1299,Online,Online
1644,2025-10-30,SKU-1067,415,1,1499,1499,Austin Domain,Online
1645,2024-09-27,SKU-1076,434,1,1599,1599,Online,Online
1646,2025-01-02,SKU-1109,246,1,799,799,San Francisco Union Square,In-Store
1647,2024-03-22,SKU-1101,142,1,799,799,Boston Boylston,In-Store
1648,2024-09-21,SKU-1344,393,1,279,279,Austin Domain,Online
1649,2024-06-27,SKU-1143,76,1,3199,3199,Boston Boylston,In-Store
1650,2024-07-07,SKU-1058,351,1,1499,1499,Los Angeles Grove,Online
1651,2024-08-21,SKU-1079,32,1,1599,1599,Dallas NorthPark,In-Store
1652,2024-12-27,SKU-1353,277,1,129,129,Seattle University Village,In-Store
1653,2025-03-30,SKU-1087,58,1,1699,1699,Los Angeles Grove,Online
1654,2025-11-28,SKU-1081,213,1,1699,1699,Online,Online
1655,2025-09-13,SKU-1070,404,1,1599,1599,Online,In-Store
1656,2024-10-28,SKU-1321,319,1,1799,1799,Online,Online
1657,2025-08-28,SKU-1072,14,1,1599,1599,Online,Online
1658,2025-06-04,SKU-1078,402,1,1599,1599,Chicago Michigan Ave,Online
1659,2024-02-03,SKU-1053,337,1,1499,1499,Seattle University Village,Online
1660,2024-03-20,SKU-1360,491,1,549,549,Dallas NorthPark,Online
1661,2025-07-15,SKU-1148,376,1,4899,4899,New York 5th Ave,In-Store
1662,2024-02-22,SKU-1300,311,1,1599,1599,Los Angeles Grove,Online
1663,2025-08-12,SKU-1109,151,1,799,799,Boston Boylston,Online
1664,2024-08-24,SKU-1280,234,3,1499,4497,Online,In-Store
1665,2025-02-23,SKU-1236,186,1,799,799,Online,In-Store
1666,2025-05-10,SKU-1019,310,1,1099,1099,Online,In-Store
1667,2024-05-08,SKU-1057,474,1,1499,1499,Chicago Michigan Ave,In-Store
1668,2024-05-21,SKU-1101,311,1,799,799,Online,Online
1669,2025-03-07,SKU-1078,259,1,1599,1599,Dallas NorthPark,In-Store
1670,2024-07-03,SKU-1210,449,1,699,699,New York 5th Ave,Online
1671,2025-12-29,SKU-1104,477,1,799,799,Los Angeles Grove,Online
1672,2024-01-25,SKU-1309,354,1,1649,1649,Online,Online
1673,2025-02-01,SKU-1156,463,1,599,599,New York 5th Ave,Online
1674,2024-10-27,SKU-1237,61,1,749,749,Online,In-Store
1675,2024-04-20,SKU-1083,370,1,1699,1699,Online,In-Store
1676,2025-02-22,SKU-1088,323,1,1699,1699,New York 5th Ave,In-Store
1677,2024-05-17,SKU-1072,376,1,1599,1599,Online,In-Store
1678,2024-03-26,SKU-1328,78,2,429,858,Boston Boylston,In-Store
1679,2025-01-23,SKU-1092,165,1,699,699,New York 5th Ave,Online
1680,2024-04-09,SKU-1192,119,2,749,1498,Online,Online
1681,2025-08-16,SKU-1182,261,2,649,1298,Miami Dadeland,Online
1682,2024-07-01,SKU-1080,489,1,1699,1699,Online,In-Store
1683,2024-08-03,SKU-1253,221,3,949,2847,Los Angeles Grove,In-Store
1684,2024-10-18,SKU-1203,85,1,699,699,Online,Online
1685,2024-10-22,SKU-1109,481,2,799,1598,Boston Boylston,In-Store
1686,2025-11-13,SKU-1261,143,2,1149,2298,Online,Online
1687,2024-01-29,SKU-1296,307,1,1599,1599,Boston Boylston,In-Store
1688,2024-01-07,SKU-1172,251,1,499,499,Miami Dadeland,Online
1689,2025-08-07,SKU-1050,219,2,1499,2998,Austin Domain,Online
1690,2024-04-22,SKU-1293,367,1,1449,1449,Seattle University Village,In-Store
1691,2024-09-26,SKU-1112,45,1,1499,1499,Boston Boylston,In-Store
1692,2024-12-28,SKU-1252,412,1,999,999,Online,In-Store
1693,2025-06-03,SKU-1250,172,1,999,999,Online,In-Store
1694,2025-12-24,SKU-1154,353,1,999,999,Online,In-Store
1695,2025-06-17,SKU-1108,163,2,799,1598,Online,In-Store
1696,2025-10-11,SKU-1296,322,1,1599,1599,Online,Online
1697,2025-11-20,SKU-1093,101,2,699,1398,Online,Online
1698,2024-10-16,SKU-1286,68,1,1649,1649,Online,In-Store
1699,2024-08-07,SKU-1343,2,2,299,598,New York 5th Ave,Online
1700,2024-02-09,SKU-1202,215,1,849,849,Seattle University Village,In-Store
1701,2024-12-23,SKU-1210,248,1,699,699,Chicago Michigan Ave,In-Store
1702,2024-10-26,SKU-1312,343,1,1799,1799,Los Angeles Grove,In-Store
1703,2025-05-07,SKU-1097,152,1,699,699,Online,Online
1704,2024-10-21,SKU-1314,215,1,1799,1799,Dallas NorthPark,Online
1705,2025-04-20,SKU-1223,490,1,749,749,Online,Online
1706,2025-05-10,SKU-1237,431,1,749,749,Miami Dadeland,Online
1707,2024-10-24,SKU-1102,138,1,799,799,Los Angeles Grove,In-Store
1708,2024-11-26,SKU-1273,134,1,1249,1249,Seattle University Village,Online
1709,2024-09-23,SKU-1284,468,1,1499,1499,Online,Online
1710,2024-02-16,SKU-1054,158,1,1499,1499,New York 5th Ave,Online
1711,2025-10-02,SKU-1311,57,1,1649,1649,Dallas NorthPark,In-Store
1712,2024-01-21,SKU-1082,487,1,1699,1699,Seattle University Village,In-Store
1713,2024-12-27,SKU-1022,393,1,1199,1199,Austin Domain,Online
1714,2025-07-02,SKU-1012,102,1,1099,1099,Dallas NorthPark,In-Store
1715,2024-10-24,SKU-1098,411,1,699,699,Online,Online
1716,2024-09-11,SKU-1103,482,1,799,799,Online,In-Store
1717,2025-05-28,SKU-1261,204,1,1149,1149,Austin Domain,Online
1718,2025-10-08,SKU-1070,396,1,1599,1599,Seattle University Village,Online
1719,2025-01-21,SKU-1259,336,1,949,949,New York 5th Ave,In-Store
1720,2024-03-19,SKU-1312,38,2,1799,3598,Los Angeles Grove,In-Store
1721,2025-07-08,SKU-1252,310,1,999,999,Boston Boylston,Online
1722,2025-09-12,SKU-1192,440,1,749,749,Online,Online
1723,2024-10-07,SKU-1154,235,1,999,999,Online,Online
1724,2024-10-25,SKU-1220,220,1,799,799,Online,In-Store
1725,2025-12-20,SKU-1181,274,1,499,499,Los Angeles Grove,Online
1726,2025-01-16,SKU-1358,391,1,549,549,Chicago Michigan Ave,Online
1727,2025-02-10,SKU-1055,395,3,1499,4497,Online,Online
1728,2024-12-06,SKU-1182,74,1,649,649,Miami Dadeland,In-Store
1729,2025-05-16,SKU-1023,304,1,1199,1199,Online,Online
1730,2025-08-03,SKU-1204,390,1,849,849,Online,In-Store
1731,2024-12-11,SKU-1062,428,1,1499,1499,Online,Online
1732,2024-01-06,SKU-1182,138,1,649,649,Seattle University Village,In-Store
1733,2024-11-16,SKU-1278,492,1,1499,1499,San Francisco Union Square,Online
1734,2024-03-24,SKU-1242,472,1,899,899,Online,In-Store
1735,2024-06-14,SKU-1093,267,1,699,699,Austin Domain,Online
1736,2024-02-09,SKU-1109,454,3,799,2397,New York 5th Ave,Online
1737,2025-07-14,SKU-1281,215,1,1349,1349,New York 5th Ave,Online
1738,2025-11-23,SKU-1108,139,1,799,799,Los Angeles Grove,In-Store
1739,2024-05-24,SKU-1092,149,1,699,699,Los Angeles Grove,Online
1740,2025-06-15,SKU-1203,310,1,699,699,Online,Online
1741,2024-05-18,SKU-1337,85,2,599,1198,Chicago Michigan Ave,In-Store
1742,2024-06-02,SKU-1002,241,1,999,999,Online,In-Store
1743,2025-12-11,SKU-1077,49,1,1599,1599,Chicago Michigan Ave,Online
1744,2024-06-09,SKU-1015,35,1,1099,1099,Online,In-Store
1745,2024-07-16,SKU-1056,141,1,1499,1499,Online,In-Store
1746,2025-01-11,SKU-1106,320,1,799,799,Austin Domain,In-Store
1747,2024-07-26,SKU-1181,40,1,499,499,San Francisco Union Square,Online
1748,2025-07-31,SKU-1053,53,1,1499,1499,Online,Online
1749,2025-08-12,SKU-1216,396,1,799,799,Miami Dadeland,In-Store
1750,2025-09-22,SKU-1349,343,1,799,799,Boston Boylston,Online
1751,2024-08-09,SKU-1000,47,1,999,999,Boston Boylston,In-Store
1752,2024-01-01,SKU-1035,166,1,1299,1299,Online,In-Store
1753,2025-03-11,SKU-1034,341,1,1299,1299,Los Angeles Grove,Online
1754,2025-02-06,SKU-1263,194,1,1149,1149,Austin Domain,In-Store
1755,2024-11-20,SKU-1088,272,1,1699,1699,Online,In-Store
1756,2025-10-10,SKU-1053,427,1,1499,1499,Online,Online
1757,2025-12-12,SKU-1109,404,1,799,799,Online,Online
1758,2024-07-01,SKU-1322,13,1,1949,1949,Boston Boylston,In-Store
1759,2025-03-10,SKU-1268,110,1,1299,1299,San Francisco Union Square,In-Store
1760,2025-01-18,SKU-1330,92,1,649,649,Dallas NorthPark,In-Store
1761,2024-07-18,SKU-1048,3,1,1399,1399,Chicago Michigan Ave,Online
1762,2025-05-29,SKU-1326,472,2,449,898,Online,Online
1763,2025-02-11,SKU-1217,23,1,649,649,Dallas NorthPark,In-Store
1764,2025-08-08,SKU-1068,422,1,1499,1499,Online,In-Store
1765,2025-04-10,SKU-1128,252,1,1899,1899,Online,In-Store
1766,2024-04-16,SKU-1217,20,1,649,649,Online,In-Store
1767,2024-06-30,SKU-1244,446,1,899,899,Miami Dadeland,Online
1768,2025-03-30,SKU-1294,327,1,1599,1599,Seattle University Village,Online
1769,2024-07-17,SKU-1304,336,1,1699,1699,San Francisco Union Square,Online
1770,2024-11-20,SKU-1296,460,1,1599,1599,Seattle University Village,In-Store
1771,2025-06-12,SKU-1191,8,2,599,1198,Dallas NorthPark,Online
1772,2024-03-07,SKU-1296,99,1,1599,1599,Miami Dadeland,Online
1773,2025-03-30,SKU-1251,23,1,849,849,Online,Online
1774,2024-01-04,SKU-1150,160,1,4899,4899,Online,Online
1775,2025-12-14,SKU-1085,45,1,1699,1699,Chicago Michigan Ave,Online
1776,2024-03-29,SKU-1028,96,1,1199,1199,Online,In-Store
1777,2024-01-11,SKU-1005,112,1,999,999,San Francisco Union Square,Online
1778,2024-11-11,SKU-1312,429,2,1799,3598,Seattle University Village,In-Store
1779,2024-05-15,SKU-1307,159,1,1549,1549,Online,In-Store
1780,2024-11-19,SKU-1044,212,1,1399,1399,Online,Online
1781,2024-10-29,SKU-1315,133,1,1649,1649,Seattle University Village,Online
1782,2024-12-23,SKU-1140,396,1,2999,2999,San Francisco Union Square,Online
1783,2024-02-07,SKU-1210,487,1,699,699,Miami Dadeland,Online
1784,2025-12-20,SKU-1171,223,1,349,349,Online,In-Store
1785,2025-12-17,SKU-1278,496,1,1499,1499,Los Angeles Grove,In-Store
1786,2024-08-03,SKU-1278,133,1,1499,1499,Online,Online
1787,2025-10-08,SKU-1331,96,1,649,649,Los Angeles Grove,Online
1788,2025-11-05,SKU-1080,302,1,1699,1699,Boston Boylston,Online
1789,2024-01-09,SKU-1026,82,1,1199,1199,New York 5th Ave,Online
1790,2025-01-01,SKU-1217,157,1,649,649,Online,Online
1791,2025-09-23,SKU-1260,234,1,1099,1099,San Francisco Union Square,In-Store
1792,2024-09-06,SKU-1251,130,1,849,849,Seattle University Village,In-Store
1793,2024-02-11,SKU-1135,498,1,2599,2599,Boston Boylston,Online
1794,2024-04-20,SKU-1336,216,2,429,858,New York 5th Ave,Online
1795,2024-06-16,SKU-1188,263,1,649,649,Online,Online
1796,2025-06-20,SKU-1196,102,1,749,749,Dallas NorthPark,In-Store
1797,2024-02-25,SKU-1034,497,1,1299,1299,Online,In-Store
1798,2025-02-09,SKU-1035,85,1,1299,1299,Los Angeles Grove,In-Store
1799,2024-11-10,SKU-1049,42,1,1399,1399,Online,In-Store
1800,2024-06-06,SKU-1108,351,1,799,799,Chicago Michigan Ave,In-Store
1801,2024-04-12,SKU-1001,242,1,999,999,Chicago Michigan Ave,Online
1802,2025-01-20,SKU-1052,426,1,1499,1499,Los Angeles Grove,Online
1803,2024-11-21,SKU-1329,391,1,599,599,Dallas NorthPark,Online
1804,2025-11-21,SKU-1081,374,1,1699,1699,Boston Boylston,In-Store
1805,2025-11-16,SKU-1170,380,1,499,499,Dallas NorthPark,Online
1806,2024-08-28,SKU-1316,189,1,1799,1799,Online,Online
1807,2025-02-11,SKU-1000,469,1,999,999,Online,Online
1808,2024-11-05,SKU-1146,223,1,4299,4299,Online,Online
1809,2024-11-14,SKU-1044,199,1,1399,1399,Seattle University Village,Online
1810,2024-07-02,SKU-1065,84,2,1499,2998,New York 5th Ave,Online
1811,2024-12-20,SKU-1026,352,1,1199,1199,Austin Domain,In-Store
1812,2024-06-13,SKU-1100,164,1,799,799,Online,Online
1813,2025-10-31,SKU-1233,492,1,649,649,Seattle University Village,Online
1814,2025-10-11,SKU-1013,60,1,1099,1099,San Francisco Union Square,In-Store
1815,2025-04-29,SKU-1115,365,1,1499,1499,Online,Online
1816,2025-03-10,SKU-1090,273,1,699,699,Austin Domain,In-Store
1817,2025-12-25,SKU-1019,303,1,1099,1099,Online,Online
1818,2025-03-21,SKU-1203,25,2,699,1398,Los Angeles Grove,Online
1819,2024-02-21,SKU-1308,456,1,1699,1699,San Francisco Union Square,Online
1820,2024-01-25,SKU-1106,278,1,799,799,Online,Online
1821,2024-10-31,SKU-1104,326,1,799,799,Online,Online
1822,2025-02-09,SKU-1252,128,1,999,999,Online,Online
1823,2025-05-20,SKU-1031,221,1,1299,1299,Boston Boylston,Online
1824,2025-06-20,SKU-1120,292,1,1899,1899,Los Angeles Grove,Online
1825,2025-10-15,SKU-1092,416,1,699,699,Boston Boylston,Online
1826,2025-10-14,SKU-1354,384,1,179,179,Online,Online
1827,2025-10-30,SKU-1045,381,1,1399,1399,Boston Boylston,In-Store
1828,2024-07-15,SKU-1108,293,1,799,799,Online,Online
1829,2024-09-06,SKU-1155,356,2,1199,2398,Miami Dadeland,Online
1830,2025-03-23,SKU-1129,141,1,2099,2099,Austin Domain,In-Store
1831,2025-09-11,SKU-1069,205,1,1499,1499,Boston Boylston,In-Store
1832,2024-01-20,SKU-1068,401,1,1499,1499,New York 5th Ave,Online
1833,2025-10-12,SKU-1066,163,1,1499,1499,Online,Online
1834,2025-09-18,SKU-1242,148,1,899,899,Austin Domain,In-Store
1835,2025-09-01,SKU-1122,169,1,1299,1299,Chicago Michigan Ave,Online
1836,2024-11-23,SKU-1179,178,1,499,499,Miami Dadeland,Online
1837,2025-06-29,SKU-1303,358,1,1549,1549,Online,Online
1838,2025-08-08,SKU-1100,496,1,799,799,Online,Online
1839,2025-06-26,SKU-1356,190,1,279,279,Online,In-Store
1840,2024-06-08,SKU-1116,320,1,1699,1699,Chicago Michigan Ave,In-Store
1841,2024-01-24,SKU-1182,385,1,649,649,Dallas NorthPark,In-Store
1842,2025-07-04,SKU-1140,68,1,2999,2999,Online,In-Store
1843,2024-08-04,SKU-1030,57,1,1299,1299,Chicago Michigan Ave,Online
1844,2025-02-14,SKU-1039,282,1,1299,1299,New York 5th Ave,In-Store
1845,2024-11-23,SKU-1104,395,1,799,799,Online,Online
1846,2025-10-13,SKU-1315,163,2,1649,3298,Los Angeles Grove,Online
1847,2025-04-20,SKU-1056,147,1,1499,1499,Miami Dadeland,Online
1848,2024-10-22,SKU-1332,2,1,629,629,Chicago Michigan Ave,Online
1849,2024-04-10,SKU-1124,197,1,1699,1699,Chicago Michigan Ave,Online
1850,2024-01-30,SKU-1104,317,1,799,799,Online,In-Store
1851,2025-08-07,SKU-1148,375,1,4899,4899,New York 5th Ave,Online
1852,2025-10-02,SKU-1201,242,1,699,699,Seattle University Village,In-Store
1853,2025-10-31,SKU-1005,200,1,999,999,Chicago Michigan Ave,In-Store
1854,2025-01-12,SKU-1301,371,1,1549,1549,Boston Boylston,Online
1855,2024-11-26,SKU-1337,68,2,599,1198,Online,In-Store
1856,2024-09-07,SKU-1051,351,1,1499,1499,San Francisco Union Square,In-Store
1857,2025-05-27,SKU-1279,329,3,1349,4047,Online,In-Store
1858,2024-06-12,SKU-1082,126,2,1699,3398,Los Angeles Grove,In-Store
1859,2025-11-24,SKU-1001,209,1,999,999,Boston Boylston,In-Store
1860,2025-03-03,SKU-1306,491,1,1699,1699,Online,In-Store
1861,2025-10-24,SKU-1030,274,1,1299,1299,Seattle University Village,Online
1862,2025-02-11,SKU-1292,425,1,1649,1649,Miami Dadeland,In-Store
1863,2025-06-07,SKU-1090,323,1,699,699,San Francisco Union Square,Online
1864,2024-09-25,SKU-1030,389,1,1299,1299,Miami Dadeland,In-Store
1865,2025-02-26,SKU-1027,337,1,1199,1199,Online,In-Store
1866,2024-04-09,SKU-1278,169,1,1499,1499,San Francisco Union Square,Online
1867,2024-09-07,SKU-1321,388,1,1799,1799,Online,Online
1868,2025-12-17,SKU-1112,133,1,1499,1499,Chicago Michigan Ave,In-Store
1869,2024-10-22,SKU-1264,14,1,1299,1299,Online,Online
1870,2024-06-11,SKU-1090,291,1,699,699,San Francisco Union Square,Online
1871,2025-12-12,SKU-1109,66,1,799,799,Online,Online
1872,2024-01-29,SKU-1095,436,1,699,699,Online,Online
1873,2025-06-04,SKU-1190,382,1,749,749,Boston Boylston,Online
1874,2024-12-18,SKU-1132,330,2,2099,4198,Online,In-Store
1875,2025-05-11,SKU-1078,332,1,1599,1599,Online,Online
1876,2024-01-15,SKU-1043,343,2,1399,2798,Dallas NorthPark,Online
1877,2024-10-11,SKU-1077,312,1,1599,1599,Austin Domain,In-Store
1878,2025-04-15,SKU-1218,292,1,799,799,Boston Boylston,In-Store
1879,2025-06-20,SKU-1297,460,1,1449,1449,Online,Online
1880,2024-04-11,SKU-1224,488,1,899,899,Online,Online
1881,2025-07-04,SKU-1177,447,1,499,499,Online,In-Store
1882,2024-09-07,SKU-1113,132,1,1699,1699,Miami Dadeland,Online
1883,2024-08-21,SKU-1337,354,2,599,1198,Seattle University Village,Online
1884,2024-10-11,SKU-1354,47,1,179,179,Austin Domain,In-Store
1885,2024-05-15,SKU-1329,268,2,599,1198,Online,Online
1886,2025-05-03,SKU-1060,238,1,1499,1499,Online,In-Store
1887,2024-03-15,SKU-1012,101,1,1099,1099,Los Angeles Grove,Online
1888,2025-08-26,SKU-1131,111,1,1899,1899,San Francisco Union Square,Online
1889,2024-04-24,SKU-1002,369,1,999,999,Boston Boylston,In-Store
1890,2025-09-21,SKU-1048,387,1,1399,1399,New York 5th Ave,Online
1891,2025-05-19,SKU-1261,324,1,1149,1149,Online,Online
1892,2024-11-02,SKU-1155,136,2,1199,2398,Boston Boylston,Online
1893,2024-11-12,SKU-1068,321,1,1499,1499,New York 5th Ave,In-Store
1894,2024-11-22,SKU-1341,458,1,249,249,Dallas NorthPark,Online
1895,2025-03-18,SKU-1040,345,1,1399,1399,Online,In-Store
1896,2025-07-05,SKU-1111,422,1,1299,1299,Online,In-Store
1897,2025-05-28,SKU-1265,157,1,1149,1149,Online,Online
1898,2025-09-16,SKU-1025,108,1,1199,1199,Chicago Michigan Ave,Online
1899,2024-06-24,SKU-1039,437,1,1299,1299,Online,In-Store
1900,2025-04-30,SKU-1081,335,1,1699,1699,San Francisco Union Square,Online
1901,2024-09-26,SKU-1249,242,1,849,849,Dallas NorthPark,In-Store
1902,2024-12-28,SKU-1092,425,1,699,699,Austin Domain,Online
1903,2025-03-03,SKU-1106,3,1,799,799,Austin Domain,Online
1904,2024-05-23,SKU-1350,500,1,849,849,Los Angeles Grove,Online
1905,2025-11-08,SKU-1288,367,1,1649,1649,Online,In-Store
1906,2025-01-26,SKU-1005,167,1,999,999,Chicago Michigan Ave,In-Store
1907,2025-03-26,SKU-1279,439,1,1349,1349,Online,Online
1908,2025-08-30,SKU-1040,241,1,1399,1399,Dallas NorthPark,In-Store
1909,2025-12-24,SKU-1272,250,1,1399,1399,Online,In-Store
1910,2024-02-27,SKU-1191,328,1,599,599,Online,Online
1911,2025-04-28,SKU-1109,69,1,799,799,Boston Boylston,Online
1912,2024-06-04,SKU-1353,448,1,129,129,Online,Online
1913,2024-09-08,SKU-1049,168,1,1399,1399,Chicago Michigan Ave,In-Store
1914,2024-10-25,SKU-1065,354,1,1499,1499,Online,In-Store
1915,2025-12-29,SKU-1016,379,1,1099,1099,Online,In-Store
1916,2024-08-07,SKU-1324,95,1,1949,1949,Online,Online
1917,2025-12-21,SKU-1090,133,1,699,699,Online,In-Store
1918,2025-02-24,SKU-1005,219,1,999,999,New York 5th Ave,Online
1919,2025-06-08,SKU-1011,192,1,1099,1099,Online,Online
1920,2024-11-30,SKU-1008,405,1,999,999,Chicago Michigan Ave,Online
1921,2024-03-18,SKU-1083,290,1,1699,1699,Online,In-Store
1922,2025-06-09,SKU-1028,434,1,1199,1199,Miami Dadeland,In-Store
1923,2024-07-14,SKU-1127,385,1,1699,1699,Online,In-Store
1924,2024-06-04,SKU-1287,334,1,1499,1499,Online,Online
1925,2025-12-10,SKU-1187,379,1,499,499,Miami Dadeland,Online
1926,2024-01-07,SKU-1005,320,1,999,999,Miami Dadeland,Online
1927,2024-09-22,SKU-1056,439,1,1499,1499,Online,In-Store
1928,2025-11-12,SKU-1081,103,1,1699,1699,Austin Domain,In-Store
1929,2025-08-13,SKU-1088,79,2,1699,3398,Online,Online
1930,2025-06-30,SKU-1076,309,1,1599,1599,Dallas NorthPark,Online
1931,2024-03-11,SKU-1031,168,1,1299,1299,Boston Boylston,In-Store
1932,2024-06-16,SKU-1221,218,1,749,749,Dallas NorthPark,Online
1933,2024-01-28,SKU-1330,71,1,649,649,Boston Boylston,In-Store
1934,2024-01-27,SKU-1030,228,2,1299,2598,Boston Boylston,In-Store
1935,2025-03-25,SKU-1052,205,1,1499,1499,Online,In-Store
1936,2024-06-28,SKU-1193,260,1,599,599,Boston Boylston,In-Store
1937,2024-05-03,SKU-1030,482,1,1299,1299,Los Angeles Grove,In-Store
1938,2024-07-14,SKU-1259,108,1,949,949,Dallas NorthPark,In-Store
1939,2024-04-24,SKU-1089,484,1,1699,1699,Los Angeles Grove,Online
1940,2024-04-12,SKU-1281,182,1,1349,1349,Online,Online
1941,2025-10-29,SKU-1016,154,2,1099,2198,Online,In-Store
1942,2025-04-27,SKU-1218,9,1,799,799,Dallas NorthPark,Online
1943,2024-05-24,SKU-1217,434,1,649,649,Online,In-Store
1944,2025-12-12,SKU-1031,241,1,1299,1299,Austin Domain,Online
1945,2025-11-07,SKU-1281,151,2,1349,2698,Online,Online
1946,2025-06-15,SKU-1039,495,1,1299,1299,Online,In-Store
1947,2024-04-22,SKU-1225,403,1,749,749,Online,Online
1948,2024-09-28,SKU-1076,319,1,1599,1599,Online,In-Store
1949,2024-02-05,SKU-1082,377,2,1699,3398,Boston Boylston,In-Store
1950,2025-09-04,SKU-1011,370,1,1099,1099,Chicago Michigan Ave,Online
1951,2024-04-04,SKU-1003,215,2,999,1998,Dallas NorthPark,Online
1952,2025-07-03,SKU-1131,226,3,1899,5697,Online,In-Store
1953,2025-04-25,SKU-1212,461,1,699,699,Boston Boylston,Online
1954,2025-09-20,SKU-1220,343,1,799,799,Seattle University Village,Online
1955,2024-07-19,SKU-1259,65,2,949,1898,Online,Online
1956,2024-03-25,SKU-1339,381,1,649,649,Online,Online
1957,2024-08-19,SKU-1316,129,1,1799,1799,Online,In-Store
1958,2025-11-15,SKU-1081,303,3,1699,5097,Los Angeles Grove,In-Store
1959,2024-05-14,SKU-1315,168,1,1649,1649,New York 5th Ave,In-Store
1960,2024-02-05,SKU-1188,383,2,649,1298,Boston Boylston,Online
1961,2024-07-05,SKU-1011,8,1,1099,1099,Online,Online
1962,2024-11-26,SKU-1278,6,1,1499,1499,Chicago Michigan Ave,Online
1963,2025-08-14,SKU-1085,208,1,1699,1699,New York 5th Ave,Online
1964,2024-04-30,SKU-1206,382,1,699,699,Online,In-Store
1965,2024-07-09,SKU-1332,131,1,629,629,Online,In-Store
1966,2024-04-08,SKU-1268,343,1,1299,1299,Miami Dadeland,In-Store
1967,2025-03-12,SKU-1065,329,1,1499,1499,Online,Online
1968,2024-04-23,SKU-1023,62,3,1199,3597,Chicago Michigan Ave,Online
1969,2025-03-22,SKU-1311,284,1,1649,1649,Dallas NorthPark,Online
1970,2025-02-11,SKU-1308,420,1,1699,1699,Dallas NorthPark,In-Store
1971,2024-08-15,SKU-1048,398,1,1399,1399,Online,In-Store
1972,2024-06-04,SKU-1088,289,1,1699,1699,Miami Dadeland,Online
1973,2024-08-23,SKU-1280,356,1,1499,1499,Dallas NorthPark,Online
1974,2024-06-18,SKU-1093,326,1,699,699,San Francisco Union Square,In-Store
1975,2024-06-04,SKU-1298,277,1,1599,1599,Dallas NorthPark,In-Store
1976,2025-02-14,SKU-1304,152,1,1699,1699,New York 5th Ave,Online
1977,2024-11-25,SKU-1105,70,1,799,799,Seattle University Village,Online
1978,2025-11-15,SKU-1018,160,1,1099,1099,Online,In-Store
1979,2025-02-24,SKU-1194,72,1,749,749,Online,In-Store
1980,2024-09-05,SKU-1265,201,1,1149,1149,Austin Domain,In-Store
1981,2024-12-24,SKU-1097,37,1,699,699,Online,In-Store
1982,2025-08-22,SKU-1035,484,1,1299,1299,Seattle University Village,Online
1983,2024-12-01,SKU-1035,6,1,1299,1299,San Francisco Union Square,Online
1984,2025-09-04,SKU-1165,242,1,349,349,Online,Online
1985,2025-09-16,SKU-1289,233,1,1499,1499,Online,In-Store
1986,2024-10-05,SKU-1261,487,1,1149,1149,Dallas NorthPark,Online
1987,2025-04-22,SKU-1318,219,1,1949,1949,Chicago Michigan Ave,In-Store
1988,2024-10-25,SKU-1235,116,1,649,649,Los Angeles Grove,Online
1989,2025-01-06,SKU-1252,124,2,999,1998,Boston Boylston,In-Store
1990,2025-03-07,SKU-1295,30,2,1449,2898,San Francisco Union Square,In-Store
1991,2024-10-09,SKU-1069,464,1,1499,1499,Online,Online
1992,2024-12-31,SKU-1104,43,1,799,799,Online,In-Store
1993,2024-08-14,SKU-1137,303,1,3199,3199,New York 5th Ave,Online
1994,2025-05-14,SKU-1360,288,1,549,549,San Francisco Union Square,In-Store
1995,2025-11-14,SKU-1200,196,2,849,1698,Online,Online
1996,2024-04-10,SKU-1296,295,1,1599,1599,Online,In-Store
1997,2025-12-27,SKU-1059,463,1,1499,1499,San Francisco Union Square,In-Store
1998,2025-10-24,SKU-1246,404,1,999,999,New York 5th Ave,Online
1999,2025-02-12,SKU-1306,417,1,1699,1699,Miami Dadeland,In-Store
2000,2024-08-09,SKU-1107,291,2,799,1598,Online,In-Store
2001,2025-02-26,SKU-1082,411,1,1699,1699,Online,Online
2002,2025-11-30,SKU-1318,177,1,1949,1949,Online,In-Store
2003,2024-11-28,SKU-1068,235,1,1499,1499,Seattle University Village,In-Store
2004,2025-07-25,SKU-1267,395,1,1149,1149,Miami Dadeland,In-Store
2005,2024-06-25,SKU-1255,433,1,949,949,Los Angeles Grove,Online
2006,2024-08-21,SKU-1087,163,1,1699,1699,Miami Dadeland,Online
2007,2024-11-16,SKU-1248,319,1,999,999,Los Angeles Grove,Online
2008,2025-12-25,SKU-1095,249,1,699,699,Online,In-Store
2009,2024-06-21,SKU-1320,166,1,1949,1949,Online,Online
2010,2025-10-19,SKU-1077,287,1,1599,1599,Online,In-Store
2011,2024-03-18,SKU-1044,102,1,1399,1399,Online,In-Store
2012,2024-09-26,SKU-1328,75,1,429,429,Seattle University Village,Online
2013,2024-04-16,SKU-1098,433,2,699,1398,Dallas NorthPark,In-Store
2014,2025-08-06,SKU-1316,498,1,1799,1799,Online,In-Store
2015,2025-07-15,SKU-1110,80,1,1099,1099,Seattle University Village,Online
2016,2024-08-12,SKU-1143,126,1,3199,3199,Boston Boylston,Online
2017,2024-10-30,SKU-1285,125,1,1499,1499,Dallas NorthPark,In-Store
2018,2025-07-23,SKU-1136,283,1,2799,2799,Dallas NorthPark,Online
2019,2025-02-13,SKU-1046,322,1,1399,1399,Chicago Michigan Ave,In-Store
2020,2025-01-07,SKU-1096,412,1,699,699,Miami Dadeland,Online
2021,2024-08-28,SKU-1090,164,2,699,1398,Chicago Michigan Ave,Online
2022,2025-12-20,SKU-1236,127,1,799,799,Austin Domain,In-Store
2023,2025-06-03,SKU-1024,363,2,1199,2398,Los Angeles Grove,Online
2024,2024-12-22,SKU-1283,368,1,1349,1349,Seattle University Village,In-Store
2025,2024-10-02,SKU-1289,295,1,1499,1499,Miami Dadeland,Online
2026,2024-03-07,SKU-1109,489,1,799,799,Dallas NorthPark,Online
2027,2024-12-21,SKU-1114,245,1,1299,1299,Boston Boylston,Online
2028,2024-10-09,SKU-1231,292,1,649,649,Online,In-Store
2029,2025-03-17,SKU-1006,361,1,999,999,Austin Domain,Online
2030,2024-11-13,SKU-1098,276,1,699,699,Seattle University Village,Online
2031,2025-06-04,SKU-1058,485,1,1499,1499,New York 5th Ave,In-Store
2032,2024-01-07,SKU-1354,498,1,179,179,San Francisco Union Square,In-Store
2033,2024-03-13,SKU-1089,315,1,1699,1699,Online,Online
2034,2025-09-07,SKU-1040,397,1,1399,1399,Austin Domain,Online
2035,2025-05-21,SKU-1045,374,1,1399,1399,Online,Online
2036,2025-12-02,SKU-1341,199,1,249,249,Miami Dadeland,Online
2037,2024-07-06,SKU-1130,50,1,1699,1699,Online,Online
2038,2024-04-02,SKU-1107,95,1,799,799,Online,Online
2039,2024-03-24,SKU-1087,174,1,1699,1699,New York 5th Ave,Online
2040,2024-03-03,SKU-1064,286,2,1499,2998,Online,Online
2041,2025-06-25,SKU-1042,7,2,1399,2798,Online,Online
2042,2025-07-30,SKU-1006,192,2,999,1998,Miami Dadeland,In-Store
2043,2024-07-05,SKU-1047,275,1,1399,1399,Online,Online
2044,2025-09-06,SKU-1310,192,2,1799,3598,Chicago Michigan Ave,In-Store
2045,2024-06-30,SKU-1241,260,2,749,1498,Online,In-Store
2046,2025-07-04,SKU-1007,455,1,999,999,Dallas NorthPark,In-Store
2047,2024-10-25,SKU-1283,56,1,1349,1349,Online,Online
2048,2025-05-24,SKU-1160,99,2,2599,5198,San Francisco Union Square,In-Store
2049,2025-11-05,SKU-1330,281,2,649,1298,Miami Dadeland,In-Store
2050,2024-03-08,SKU-1340,174,1,629,629,Online,Online
2051,2025-02-17,SKU-1347,22,1,299,299,Online,In-Store
2052,2025-11-06,SKU-1330,363,1,649,649,Austin Domain,In-Store
2053,2025-11-01,SKU-1300,165,1,1599,1599,Boston Boylston,In-Store
2054,2025-07-13,SKU-1239,330,1,749,749,Online,Online
2055,2025-10-03,SKU-1114,219,1,1299,1299,New York 5th Ave,Online
2056,2024-11-25,SKU-1140,288,1,2999,2999,Los Angeles Grove,Online
2057,2024-10-21,SKU-1145,395,1,3799,3799,Seattle University Village,Online
2058,2024-04-01,SKU-1293,158,1,1449,1449,Boston Boylston,In-Store
2059,2024-11-17,SKU-1185,379,1,499,499,Online,Online
2060,2024-12-26,SKU-1349,494,1,799,799,Chicago Michigan Ave,In-Store
2061,2025-06-04,SKU-1232,269,1,799,799,Miami Dadeland,Online
2062,2024-08-07,SKU-1231,51,1,649,649,Los Angeles Grove,Online
2063,2024-07-27,SKU-1055,254,1,1499,1499,Online,In-Store
2064,2024-07-29,SKU-1003,461,2,999,1998,Seattle University Village,In-Store
2065,2024-12-04,SKU-1001,91,1,999,999,Dallas NorthPark,In-Store
2066,2024-02-15,SKU-1092,80,1,699,699,Online,Online
2067,2025-03-08,SKU-1225,349,2,749,1498,Chicago Michigan Ave,In-Store
2068,2025-10-31,SKU-1208,378,1,699,699,Boston Boylston,Online
2069,2025-01-21,SKU-1002,143,1,999,999,Miami Dadeland,Online
2070,2024-01-11,SKU-1271,321,1,1249,1249,Seattle University Village,Online
2071,2025-12-07,SKU-1266,115,1,1299,1299,Online,Online
2072,2024-03-09,SKU-1039,94,1,1299,1299,Chicago Michigan Ave,Online
2073,2025-12-12,SKU-1255,204,2,949,1898,Online,Online
2074,2024-05-02,SKU-1303,203,1,1549,1549,Miami Dadeland,In-Store
2075,2025-05-24,SKU-1342,103,1,299,299,Online,In-Store
2076,2024-08-22,SKU-1127,20,1,1699,1699,Miami Dadeland,Online
2077,2024-09-04,SKU-1264,224,1,1299,1299,San Francisco Union Square,Online
2078,2024-02-12,SKU-1035,340,1,1299,1299,Dallas NorthPark,In-Store
2079,2024-11-21,SKU-1047,23,1,1399,1399,Chicago Michigan Ave,In-Store
2080,2024-06-28,SKU-1085,180,2,1699,3398,Los Angeles Grove,In-Store
2081,2024-10-25,SKU-1014,259,1,1099,1099,Online,Online
2082,2025-03-25,SKU-1048,13,1,1399,1399,Boston Boylston,Online
2083,2025-07-24,SKU-1061,83,1,1499,1499,Online,In-Store
2084,2025-02-23,SKU-1014,266,1,1099,1099,Chicago Michigan Ave,In-Store
2085,2025-01-14,SKU-1042,20,2,1399,2798,Online,Online
2086,2025-07-30,SKU-1058,30,1,1499,1499,Miami Dadeland,In-Store
2087,2025-10-05,SKU-1029,19,1,1199,1199,Chicago Michigan Ave,Online
2088,2025-08-08,SKU-1217,331,2,649,1298,Online,In-Store
2089,2024-08-31,SKU-1096,350,2,699,1398,Los Angeles Grove,Online
2090,2025-05-05,SKU-1354,471,1,179,179,Boston Boylston,Online
2091,2024-10-20,SKU-1313,327,1,1649,1649,Austin Domain,In-Store
2092,2024-06-13,SKU-1096,189,1,699,699,Austin Domain,Online
2093,2025-02-24,SKU-1074,364,1,1599,1599,Boston Boylston,In-Store
2094,2025-10-03,SKU-1357,181,1,549,549,Online,Online
2095,2025-04-08,SKU-1315,228,1,1649,1649,Dallas NorthPark,Online
2096,2024-05-16,SKU-1084,371,1,1699,1699,Chicago Michigan Ave,Online
2097,2025-11-06,SKU-1244,402,1,899,899,San Francisco Union Square,In-Store
2098,2025-02-22,SKU-1175,192,1,499,499,San Francisco Union Square,Online
2099,2025-10-29,SKU-1035,232,1,1299,1299,Online,In-Store
2100,2024-02-22,SKU-1269,103,1,1249,1249,Online,In-Store
2101,2025-06-13,SKU-1039,222,1,1299,1299,Online,Online
2102,2025-11-14,SKU-1236,89,1,799,799,Online,In-Store
2103,2025-02-15,SKU-1182,295,1,649,649,Austin Domain,Online
2104,2024-05-13,SKU-1102,391,1,799,799,Boston Boylston,Online
2105,2025-10-05,SKU-1335,449,1,449,449,Online,Online
2106,2024-02-24,SKU-1016,170,1,1099,1099,Miami Dadeland,Online
2107,2024-06-03,SKU-1322,491,1,1949,1949,Online,In-Store
2108,2025-08-20,SKU-1090,464,2,699,1398,Miami Dadeland,Online
2109,2024-04-13,SKU-1240,411,1,899,899,Chicago Michigan Ave,In-Store
2110,2025-06-29,SKU-1037,467,1,1299,1299,San Francisco Union Square,Online
2111,2024-10-14,SKU-1177,354,1,499,499,Miami Dadeland,Online
2112,2025-03-31,SKU-1028,50,2,1199,2398,Austin Domain,Online
2113,2024-06-23,SKU-1095,393,1,699,699,Online,In-Store
2114,2025-08-21,SKU-1287,293,2,1499,2998,Online,In-Store
2115,2025-08-03,SKU-1351,177,2,849,1698,Boston Boylston,In-Store
2116,2024-05-18,SKU-1316,320,1,1799,1799,Online,Online
2117,2025-11-15,SKU-1037,101,3,1299,3897,Dallas NorthPark,Online
2118,2024-03-26,SKU-1243,182,2,749,1498,San Francisco Union Square,In-Store
2119,2025-03-03,SKU-1003,87,2,999,1998,Online,Online
2120,2024-01-25,SKU-1155,251,3,1199,3597,Online,Online
2121,2024-09-26,SKU-1217,230,1,649,649,Dallas NorthPark,Online
2122,2025-11-03,SKU-1068,235,3,1499,4497,San Francisco Union Square,Online
2123,2025-10-01,SKU-1007,6,2,999,1998,Austin Domain,Online
2124,2025-01-24,SKU-1094,199,2,699,1398,Online,In-Store
2125,2025-06-08,SKU-1237,438,1,749,749,Dallas NorthPark,Online
2126,2024-12-20,SKU-1241,369,1,749,749,Online,Online
2127,2025-04-05,SKU-1070,471,1,1599,1599,Seattle University Village,In-Store
2128,2024-04-26,SKU-1327,12,2,449,898,Miami Dadeland,In-Store
2129,2025-01-17,SKU-1026,34,1,1199,1199,Online,In-Store
2130,2024-01-10,SKU-1271,371,2,1249,2498,Online,In-Store
2131,2024-06-08,SKU-1309,299,1,1649,1649,San Francisco Union Square,In-Store
2132,2025-11-11,SKU-1122,55,2,1299,2598,San Francisco Union Square,Online
2133,2024-03-24,SKU-1034,96,2,1299,2598,Online,In-Store
2134,2024-08-26,SKU-1000,108,1,999,999,Online,Online
2135,2025-05-02,SKU-1079,419,1,1599,1599,Online,In-Store
2136,2024-10-21,SKU-1199,375,1,699,699,Seattle University Village,In-Store
2137,2024-01-07,SKU-1015,41,1,1099,1099,Online,Online
2138,2024-07-12,SKU-1035,359,1,1299,1299,Online,In-Store
2139,2024-08-21,SKU-1046,84,1,1399,1399,New York 5th Ave,In-Store
2140,2025-10-17,SKU-1074,147,1,1599,1599,Online,Online
2141,2024-01-08,SKU-1085,336,1,1699,1699,Boston Boylston,In-Store
2142,2024-03-04,SKU-1070,33,1,1599,1599,Los Angeles Grove,In-Store
2143,2025-03-16,SKU-1015,41,1,1099,1099,Seattle University Village,In-Store
2144,2025-11-21,SKU-1113,46,3,1699,5097,Online,In-Store
2145,2025-09-12,SKU-1328,348,1,429,429,Dallas NorthPark,In-Store
2146,2025-01-01,SKU-1250,381,1,999,999,Miami Dadeland,Online
2147,2025-07-13,SKU-1074,382,1,1599,1599,Online,In-Store
2148,2025-04-21,SKU-1010,451,1,1099,1099,Los Angeles Grove,In-Store
2149,2025-04-19,SKU-1299,445,3,1449,4347,Boston Boylston,Online
2150,2025-03-05,SKU-1035,487,1,1299,1299,Online,Online
2151,2025-10-09,SKU-1078,77,3,1599,4797,New York 5th Ave,Online
2152,2024-06-25,SKU-1276,78,1,1399,1399,San Francisco Union Square,Online
2153,2024-06-02,SKU-1023,139,1,1199,1199,Online,Online
2154,2025-07-16,SKU-1097,143,1,699,699,Online,Online
2155,2024-06-12,SKU-1248,250,1,999,999,Dallas NorthPark,Online
2156,2024-11-27,SKU-1347,362,1,299,299,Los Angeles Grove,Online
2157,2024-08-09,SKU-1058,214,2,1499,2998,Los Angeles Grove,In-Store
2158,2024-11-14,SKU-1210,351,1,699,699,San Francisco Union Square,In-Store
2159,2024-12-15,SKU-1197,372,1,699,699,Online,In-Store
2160,2025-04-29,SKU-1031,33,1,1299,1299,Online,Online
2161,2025-12-05,SKU-1061,120,2,1499,2998,Boston Boylston,In-Store
2162,2025-05-02,SKU-1211,403,2,549,1098,Online,Online
2163,2024-05-10,SKU-1277,495,1,1349,1349,Online,In-Store
2164,2025-08-30,SKU-1351,313,1,849,849,Online,In-Store
2165,2024-01-20,SKU-1139,161,1,2799,2799,Los Angeles Grove,Online
2166,2024-03-24,SKU-1259,271,1,949,949,Los Angeles Grove,In-Store
2167,2024-09-29,SKU-1318,35,2,1949,3898,New York 5th Ave,In-Store
2168,2024-05-26,SKU-1276,187,1,1399,1399,Miami Dadeland,Online
2169,2024-12-01,SKU-1061,183,1,1499,1499,Miami Dadeland,Online
2170,2024-11-23,SKU-1036,249,1,1299,1299,Dallas NorthPark,In-Store
2171,2025-10-23,SKU-1170,97,1,499,499,Dallas NorthPark,In-Store
2172,2024-07-18,SKU-1030,269,1,1299,1299,Miami Dadeland,Online
2173,2024-01-12,SKU-1276,153,1,1399,1399,Online,Online
2174,2025-03-07,SKU-1006,41,1,999,999,Online,In-Store
2175,2025-01-26,SKU-1358,285,1,549,549,Online,Online
2176,2025-04-11,SKU-1078,142,2,1599,3198,Online,In-Store
2177,2024-11-26,SKU-1071,490,1,1599,1599,Online,Online
2178,2024-05-25,SKU-1081,162,1,1699,1699,Miami Dadeland,Online
2179,2024-11-27,SKU-1006,203,1,999,999,Online,In-Store
2180,2024-11-27,SKU-1264,290,1,1299,1299,Austin Domain,Online
2181,2025-12-31,SKU-1154,68,1,999,999,Los Angeles Grove,In-Store
2182,2024-06-16,SKU-1034,482,1,1299,1299,Seattle University Village,Online
2183,2024-03-24,SKU-1089,212,1,1699,1699,Online,Online
2184,2025-03-02,SKU-1099,329,1,699,699,Austin Domain,In-Store
2185,2024-07-31,SKU-1175,230,1,499,499,Online,In-Store
2186,2024-02-27,SKU-1309,331,1,1649,1649,Seattle University Village,Online
2187,2025-05-05,SKU-1215,22,1,649,649,Online,In-Store
2188,2024-05-20,SKU-1342,257,2,299,598,Online,Online
2189,2025-06-06,SKU-1211,392,1,549,549,Online,Online
2190,2024-03-10,SKU-1245,21,1,849,849,Online,Online
2191,2024-12-23,SKU-1057,360,1,1499,1499,Online,In-Store
2192,2025-02-10,SKU-1152,109,1,799,799,Online,Online
2193,2024-09-29,SKU-1208,285,1,699,699,Online,Online
2194,2024-09-19,SKU-1295,172,1,1449,1449,Online,In-Store
2195,2025-04-07,SKU-1097,15,1,699,699,New York 5th Ave,In-Store
2196,2024-07-28,SKU-1227,95,1,749,749,Online,Online
2197,2024-07-29,SKU-1026,103,2,1199,2398,Austin Domain,In-Store
2198,2024-08-07,SKU-1074,454,1,1599,1599,San Francisco Union Square,Online
2199,2024-08-23,SKU-1124,291,1,1699,1699,Boston Boylston,In-Store
2200,2024-01-13,SKU-1054,111,1,1499,1499,Miami Dadeland,In-Store
2201,2025-02-01,SKU-1051,369,2,1499,2998,Online,In-Store
2202,2025-05-18,SKU-1198,246,1,849,849,Chicago Michigan Ave,Online
2203,2024-09-11,SKU-1356,40,2,279,558,San Francisco Union Square,In-Store
2204,2024-01-12,SKU-1302,485,1,1699,1699,Online,Online
2205,2024-06-12,SKU-1112,50,1,1499,1499,Online,Online
2206,2025-01-16,SKU-1047,39,1,1399,1399,Online,In-Store
2207,2024-05-02,SKU-1074,155,1,1599,1599,Online,Online
2208,2024-07-28,SKU-1335,62,3,449,1347,Boston Boylston,In-Store
2209,2025-05-02,SKU-1231,90,1,649,649,Online,Online
2210,2025-08-16,SKU-1058,356,2,1499,2998,Chicago Michigan Ave,Online
2211,2025-12-09,SKU-1240,79,1,899,899,Online,Online
2212,2025-03-18,SKU-1094,426,1,699,699,Los Angeles Grove,Online
2213,2025-11-03,SKU-1003,33,2,999,1998,Dallas NorthPark,In-Store
2214,2024-07-26,SKU-1243,411,1,749,749,Online,In-Store
2215,2025-12-07,SKU-1348,230,1,279,279,Miami Dadeland,In-Store
2216,2025-03-21,SKU-1011,287,1,1099,1099,Dallas NorthPark,Online
2217,2024-02-18,SKU-1057,147,1,1499,1499,Online,In-Store
2218,2024-06-16,SKU-1119,192,1,1699,1699,San Francisco Union Square,Online
2219,2025-10-16,SKU-1177,178,1,499,499,New York 5th Ave,In-Store
2220,2024-10-26,SKU-1092,76,3,699,2097,Miami Dadeland,In-Store
2221,2025-01-03,SKU-1143,493,1,3199,3199,New York 5th Ave,In-Store
2222,2025-01-02,SKU-1315,331,1,1649,1649,Los Angeles Grove,In-Store
2223,2024-02-13,SKU-1306,176,1,1699,1699,Los Angeles Grove,In-Store
2224,2025-07-07,SKU-1207,324,1,549,549,Miami Dadeland,Online
2225,2024-07-29,SKU-1280,423,1,1499,1499,Seattle University Village,Online
2226,2025-05-28,SKU-1104,279,1,799,799,Online,Online
2227,2025-11-11,SKU-1001,483,2,999,1998,Online,Online
2228,2024-04-29,SKU-1243,167,1,749,749,Austin Domain,In-Store
2229,2025-11-03,SKU-1175,420,1,499,499,New York 5th Ave,In-Store
2230,2024-04-18,SKU-1259,116,1,949,949,San Francisco Union Square,Online
2231,2024-07-11,SKU-1294,367,2,1599,3198,Online,In-Store
2232,2024-05-27,SKU-1149,469,1,4699,4699,Online,In-Store
2233,2024-08-02,SKU-1060,278,1,1499,1499,San Francisco Union Square,In-Store
2234,2024-10-29,SKU-1047,62,1,1399,1399,Online,In-Store
2235,2025-04-08,SKU-1230,487,1,799,799,Online,In-Store
2236,2025-09-03,SKU-1222,154,1,899,899,Online,Online
2237,2025-05-04,SKU-1075,326,1,1599,1599,San Francisco Union Square,Online
2238,2024-11-23,SKU-1141,180,1,3399,3399,Online,In-Store
2239,2025-07-05,SKU-1305,395,1,1549,1549,Online,In-Store
2240,2025-12-02,SKU-1205,252,1,549,549,Dallas NorthPark,Online
2241,2024-03-29,SKU-1348,244,1,279,279,Online,Online
2242,2025-10-08,SKU-1061,473,1,1499,1499,Online,Online
2243,2025-04-25,SKU-1084,18,1,1699,1699,Online,In-Store
2244,2025-09-20,SKU-1240,211,1,899,899,Online,In-Store
2245,2024-01-29,SKU-1194,479,1,749,749,Los Angeles Grove,Online
2246,2025-08-01,SKU-1045,199,1,1399,1399,Miami Dadeland,Online
2247,2024-04-30,SKU-1249,358,1,849,849,Los Angeles Grove,Online
2248,2024-02-10,SKU-1116,149,2,1699,3398,San Francisco Union Square,Online
2249,2024-03-19,SKU-1233,102,2,649,1298,Los Angeles Grove,Online
2250,2025-10-31,SKU-1096,464,1,699,699,Online,Online
2251,2025-11-30,SKU-1075,299,1,1599,1599,Miami Dadeland,Online
2252,2024-04-28,SKU-1112,52,1,1499,1499,Online,Online
2253,2024-01-25,SKU-1354,225,1,179,179,Los Angeles Grove,In-Store
2254,2025-12-11,SKU-1107,189,1,799,799,San Francisco Union Square,Online
2255,2025-07-24,SKU-1130,360,1,1699,1699,New York 5th Ave,Online
2256,2025-01-01,SKU-1065,244,2,1499,2998,New York 5th Ave,In-Store
2257,2024-05-03,SKU-1324,13,2,1949,3898,Online,In-Store
2258,2025-07-13,SKU-1224,192,1,899,899,Chicago Michigan Ave,Online
2259,2025-08-19,SKU-1351,212,1,849,849,Online,Online
2260,2025-12-19,SKU-1050,201,1,1499,1499,Online,Online
2261,2025-11-12,SKU-1275,137,1,1249,1249,Chicago Michigan Ave,Online
2262,2024-09-06,SKU-1313,441,1,1649,1649,Los Angeles Grove,Online
2263,2024-08-07,SKU-1224,51,1,899,899,Online,In-Store
2264,2024-03-13,SKU-1208,75,2,699,1398,Seattle University Village,In-Store
2265,2025-05-04,SKU-1036,263,1,1299,1299,Dallas NorthPark,Online
2266,2025-02-27,SKU-1041,430,1,1399,1399,San Francisco Union Square,In-Store
2267,2025-03-18,SKU-1292,22,1,1649,1649,Boston Boylston,In-Store
2268,2025-01-17,SKU-1006,201,1,999,999,New York 5th Ave,In-Store
2269,2025-05-05,SKU-1056,315,2,1499,2998,Dallas NorthPark,Online
2270,2025-10-12,SKU-1101,81,2,799,1598,Online,Online
2271,2025-09-06,SKU-1144,16,1,3399,3399,New York 5th Ave,In-Store
2272,2025-10-18,SKU-1240,21,1,899,899,Online,Online
2273,2024-12-15,SKU-1124,156,1,1699,1699,Miami Dadeland,In-Store
2274,2025-04-26,SKU-1330,262,2,649,1298,Los Angeles Grove,In-Store
2275,2025-07-27,SKU-1296,473,1,1599,1599,Seattle University Village,In-Store
2276,2024-12-11,SKU-1274,47,1,1399,1399,Seattle University Village,In-Store
2277,2024-03-05,SKU-1169,129,1,349,349,San Francisco Union Square,In-Store
2278,2024-08-21,SKU-1311,161,1,1649,1649,Boston Boylston,Online
2279,2024-11-09,SKU-1059,99,1,1499,1499,Miami Dadeland,Online
2280,2025-03-10,SKU-1102,343,1,799,799,San Francisco Union Square,In-Store
2281,2025-12-05,SKU-1318,152,1,1949,1949,Online,In-Store
2282,2024-07-28,SKU-1244,409,1,899,899,Los Angeles Grove,Online
2283,2024-10-25,SKU-1029,327,1,1199,1199,Online,In-Store
2284,2025-10-25,SKU-1211,415,1,549,549,Los Angeles Grove,Online
2285,2025-08-04,SKU-1136,236,1,2799,2799,Chicago Michigan Ave,Online
2286,2025-01-20,SKU-1199,417,1,699,699,Chicago Michigan Ave,Online
2287,2024-09-17,SKU-1016,476,1,1099,1099,Los Angeles Grove,In-Store
2288,2025-06-07,SKU-1176,291,1,649,649,New York 5th Ave,Online
2289,2025-05-16,SKU-1355,305,1,249,249,Online,Online
2290,2024-05-05,SKU-1078,186,1,1599,1599,Austin Domain,In-Store
2291,2024-04-20,SKU-1010,281,1,1099,1099,Chicago Michigan Ave,Online
2292,2025-03-09,SKU-1023,105,1,1199,1199,Online,In-Store
2293,2025-10-01,SKU-1014,369,1,1099,1099,Online,Online
2294,2025-08-07,SKU-1057,385,1,1499,1499,Online,In-Store
2295,2025-07-20,SKU-1297,300,1,1449,1449,Online,Online
2296,2024-07-27,SKU-1282,278,1,1499,1499,San Francisco Union Square,In-Store
2297,2024-10-03,SKU-1022,415,1,1199,1199,Los Angeles Grove,Online
2298,2025-04-15,SKU-1299,313,1,1449,1449,Online,Online
2299,2024-09-01,SKU-1054,344,1,1499,1499,Online,In-Store
2300,2024-08-06,SKU-1197,119,1,699,699,Online,Online
2301,2025-01-28,SKU-1244,436,1,899,899,San Francisco Union Square,Online
2302,2025-11-20,SKU-1172,252,1,499,499,New York 5th Ave,In-Store
2303,2025-06-03,SKU-1085,316,1,1699,1699,Online,Online
2304,2024-03-20,SKU-1051,308,1,1499,1499,Miami Dadeland,In-Store
2305,2024-08-11,SKU-1041,161,1,1399,1399,Online,Online
2306,2025-01-23,SKU-1245,308,2,849,1698,Boston Boylston,In-Store
2307,2025-10-22,SKU-1233,358,1,649,649,Online,In-Store
2308,2025-01-03,SKU-1005,196,1,999,999,Online,Online
2309,2025-03-23,SKU-1112,131,1,1499,1499,Online,Online
2310,2024-06-10,SKU-1326,87,1,449,449,Online,In-Store
2311,2024-07-19,SKU-1158,434,1,1099,1099,Online,Online
2312,2025-12-25,SKU-1011,469,1,1099,1099,Online,In-Store
2313,2025-06-21,SKU-1177,478,1,499,499,Online,Online
2314,2024-07-09,SKU-1035,118,1,1299,1299,New York 5th Ave,Online
2315,2025-09-27,SKU-1016,27,2,1099,2198,Chicago Michigan Ave,In-Store
2316,2024-06-29,SKU-1310,148,2,1799,3598,Chicago Michigan Ave,In-Store
2317,2024-07-19,SKU-1319,309,1,1799,1799,Seattle University Village,Online
2318,2024-07-02,SKU-1025,274,1,1199,1199,Online,Online
2319,2024-06-05,SKU-1264,274,1,1299,1299,Dallas NorthPark,Online
2320,2024-10-05,SKU-1002,263,2,999,1998,Miami Dadeland,Online
2321,2024-06-20,SKU-1319,25,1,1799,1799,Los Angeles Grove,In-Store
2322,2025-01-11,SKU-1060,294,1,1499,1499,Austin Domain,Online
2323,2025-12-31,SKU-1118,128,1,1499,1499,Online,In-Store
2324,2024-05-19,SKU-1010,1,3,1099,3297,Online,Online
2325,2025-07-17,SKU-1140,278,1,2999,2999,Seattle University Village,In-Store
2326,2025-06-16,SKU-1125,182,1,1899,1899,Austin Domain,In-Store
2327,2024-09-14,SKU-1296,269,1,1599,1599,Dallas NorthPark,Online
2328,2024-02-07,SKU-1304,106,1,1699,1699,Online,In-Store
2329,2025-02-26,SKU-1297,196,1,1449,1449,Online,Online
2330,2024-01-17,SKU-1078,111,1,1599,1599,New York 5th Ave,In-Store
2331,2024-05-23,SKU-1036,333,2,1299,2598,Austin Domain,Online
2332,2025-03-25,SKU-1035,130,2,1299,2598,Los Angeles Grove,Online
2333,2025-04-19,SKU-1125,67,2,1899,3798,New York 5th Ave,Online
2334,2024-04-13,SKU-1341,152,2,249,498,Online,Online
2335,2025-03-19,SKU-1326,40,2,449,898,San Francisco Union Square,Online
2336,2025-05-05,SKU-1154,35,1,999,999,Online,Online
2337,2024-04-13,SKU-1331,75,1,649,649,Austin Domain,In-Store
2338,2025-10-07,SKU-1014,267,1,1099,1099,Online,Online
2339,2024-12-21,SKU-1083,319,1,1699,1699,Online,Online
2340,2025-03-24,SKU-1281,389,1,1349,1349,Los Angeles Grove,In-Store
2341,2025-08-02,SKU-1009,260,1,999,999,Online,In-Store
2342,2025-11-07,SKU-1335,366,1,449,449,New York 5th Ave,In-Store
2343,2024-07-20,SKU-1066,48,1,1499,1499,San Francisco Union Square,Online
2344,2024-01-13,SKU-1054,489,1,1499,1499,Online,Online
2345,2024-06-04,SKU-1048,219,1,1399,1399,Chicago Michigan Ave,Online
2346,2024-03-08,SKU-1328,84,1,429,429,Miami Dadeland,Online
2347,2025-04-24,SKU-1135,469,1,2599,2599,Dallas NorthPark,In-Store
2348,2025-04-15,SKU-1142,416,1,2999,2999,Boston Boylston,In-Store
2349,2024-09-21,SKU-1354,296,2,179,358,Chicago Michigan Ave,In-Store
2350,2025-11-11,SKU-1286,168,1,1649,1649,Chicago Michigan Ave,In-Store
2351,2025-11-29,SKU-1295,143,1,1449,1449,Miami Dadeland,In-Store
2352,2025-03-20,SKU-1061,248,1,1499,1499,Online,In-Store
2353,2025-02-18,SKU-1074,27,3,1599,4797,Dallas NorthPark,Online
2354,2024-05-31,SKU-1306,285,1,1699,1699,Online,In-Store
2355,2024-06-05,SKU-1314,475,1,1799,1799,Online,Online
2356,2025-03-05,SKU-1090,291,1,699,699,Online,Online
2357,2025-11-09,SKU-1040,34,1,1399,1399,Austin Domain,In-Store
2358,2025-03-18,SKU-1014,79,1,1099,1099,New York 5th Ave,In-Store
2359,2024-11-11,SKU-1083,121,1,1699,1699,Los Angeles Grove,In-Store
2360,2024-08-07,SKU-1333,208,1,399,399,New York 5th Ave,Online
2361,2024-12-10,SKU-1060,82,1,1499,1499,San Francisco Union Square,In-Store
2362,2024-03-25,SKU-1302,408,1,1699,1699,Austin Domain,Online
2363,2025-12-15,SKU-1106,332,2,799,1598,Online,Online
2364,2024-10-25,SKU-1128,432,1,1899,1899,Online,In-Store
2365,2025-08-08,SKU-1291,45,1,1499,1499,Online,In-Store
2366,2025-08-19,SKU-1082,43,1,1699,1699,Dallas NorthPark,In-Store
2367,2024-06-23,SKU-1289,460,1,1499,1499,New York 5th Ave,In-Store
2368,2025-09-22,SKU-1026,429,1,1199,1199,Chicago Michigan Ave,In-Store
2369,2025-09-12,SKU-1070,437,1,1599,1599,Online,In-Store
2370,2025-09-13,SKU-1238,115,1,899,899,Seattle University Village,Online
2371,2025-12-12,SKU-1302,243,1,1699,1699,Miami Dadeland,Online
2372,2025-12-23,SKU-1152,418,1,799,799,New York 5th Ave,In-Store
2373,2024-11-12,SKU-1058,342,3,1499,4497,Online,Online
2374,2024-03-22,SKU-1037,31,1,1299,1299,Chicago Michigan Ave,Online
2375,2024-06-01,SKU-1026,371,1,1199,1199,Online,In-Store
2376,2025-05-08,SKU-1233,223,1,649,649,New York 5th Ave,In-Store
2377,2025-08-24,SKU-1225,155,1,749,749,Dallas NorthPark,Online
2378,2024-06-09,SKU-1130,201,1,1699,1699,Online,Online
2379,2024-09-15,SKU-1007,200,2,999,1998,Online,Online
2380,2025-12-27,SKU-1221,442,1,749,749,Online,Online
2381,2025-03-08,SKU-1081,338,2,1699,3398,Online,In-Store
2382,2024-01-08,SKU-1183,446,1,499,499,Austin Domain,In-Store
2383,2024-12-08,SKU-1103,76,1,799,799,Online,Online
2384,2024-10-11,SKU-1154,465,1,999,999,Online,Online
2385,2025-01-04,SKU-1009,365,1,999,999,Online,In-Store
2386,2025-05-28,SKU-1084,104,1,1699,1699,Online,Online
2387,2025-06-01,SKU-1221,141,1,749,749,Chicago Michigan Ave,In-Store
2388,2025-09-18,SKU-1359,101,1,549,549,New York 5th Ave,In-Store
2389,2025-08-28,SKU-1280,281,1,1499,1499,Online,In-Store
2390,2024-01-19,SKU-1119,209,1,1699,1699,Chicago Michigan Ave,In-Store
2391,2025-03-03,SKU-1015,476,1,1099,1099,Los Angeles Grove,In-Store
2392,2025-08-28,SKU-1185,115,2,499,998,New York 5th Ave,Online
2393,2024-08-22,SKU-1219,343,1,649,649,Boston Boylston,Online
2394,2024-02-11,SKU-1066,114,1,1499,1499,Dallas NorthPark,Online
2395,2024-03-18,SKU-1099,411,1,699,699,Miami Dadeland,Online
2396,2024-01-17,SKU-1321,257,2,1799,3598,Boston Boylston,In-Store
2397,2025-09-06,SKU-1266,340,1,1299,1299,Online,In-Store
2398,2024-10-21,SKU-1053,400,1,1499,1499,Online,Online
2399,2024-12-02,SKU-1357,91,1,549,549,Chicago Michigan Ave,Online
2400,2025-10-24,SKU-1232,126,1,799,799,Dallas NorthPark,Online
2401,2024-09-21,SKU-1032,87,1,1299,1299,San Francisco Union Square,In-Store
2402,2024-07-27,SKU-1103,374,2,799,1598,Online,Online
2403,2025-07-09,SKU-1335,355,1,449,449,Chicago Michigan Ave,Online
2404,2024-01-04,SKU-1355,489,2,249,498,Online,In-Store
2405,2024-07-02,SKU-1278,59,2,1499,2998,Austin Domain,Online
2406,2025-07-01,SKU-1147,239,1,4499,4499,Los Angeles Grove,Online
2407,2024-12-30,SKU-1203,404,1,699,699,Online,Online
2408,2024-09-13,SKU-1283,372,1,1349,1349,Online,In-Store
2409,2024-03-29,SKU-1282,33,1,1499,1499,Online,Online
2410,2024-07-17,SKU-1165,246,1,349,349,Dallas NorthPark,In-Store
2411,2025-02-02,SKU-1087,406,1,1699,1699,Austin Domain,Online
2412,2024-08-05,SKU-1154,86,1,999,999,Online,In-Store
2413,2024-03-09,SKU-1269,500,1,1249,1249,Dallas NorthPark,Online
2414,2025-05-21,SKU-1221,286,2,749,1498,Austin Domain,Online
2415,2024-02-12,SKU-1215,19,1,649,649,New York 5th Ave,Online
2416,2025-01-16,SKU-1088,333,3,1699,5097,Online,In-Store
2417,2025-04-19,SKU-1001,44,1,999,999,Online,Online
2418,2025-08-30,SKU-1163,70,1,6999,6999,Los Angeles Grove,In-Store
2419,2024-05-02,SKU-1177,320,1,499,499,Miami Dadeland,In-Store
2420,2025-07-03,SKU-1213,421,1,649,649,New York 5th Ave,Online
2421,2025-11-11,SKU-1026,494,2,1199,2398,Dallas NorthPark,In-Store
2422,2024-10-14,SKU-1287,175,3,1499,4497,Miami Dadeland,In-Store
2423,2025-05-25,SKU-1353,158,1,129,129,Austin Domain,Online
2424,2024-07-08,SKU-1006,365,1,999,999,Online,Online
2425,2024-04-12,SKU-1166,186,1,499,499,Online,In-Store
2426,2024-05-06,SKU-1267,94,1,1149,1149,Chicago Michigan Ave,In-Store
2427,2024-11-14,SKU-1019,431,1,1099,1099,Austin Domain,In-Store
2428,2025-12-30,SKU-1327,282,1,449,449,Dallas NorthPark,In-Store
2429,2025-11-04,SKU-1174,153,2,649,1298,Online,Online
2430,2025-03-06,SKU-1334,48,1,449,449,San Francisco Union Square,Online
2431,2025-08-25,SKU-1012,3,1,1099,1099,Online,Online
2432,2025-07-08,SKU-1127,55,1,1699,1699,Online,In-Store
2433,2024-03-24,SKU-1181,172,1,499,499,Online,In-Store
2434,2025-10-07,SKU-1184,416,2,649,1298,Online,Online
2435,2025-11-29,SKU-1242,261,1,899,899,Online,Online
2436,2025-08-13,SKU-1231,407,2,649,1298,Austin Domain,In-Store
2437,2025-03-16,SKU-1142,109,1,2999,2999,San Francisco Union Square,Online
2438,2024-05-19,SKU-1290,208,1,1649,1649,Dallas NorthPark,Online
2439,2025-09-23,SKU-1188,439,1,649,649,Boston Boylston,In-Store
2440,2024-01-02,SKU-1063,59,1,1499,1499,New York 5th Ave,Online
2441,2024-07-07,SKU-1063,417,1,1499,1499,San Francisco Union Square,Online
2442,2024-02-11,SKU-1226,119,1,899,899,Dallas NorthPark,In-Store
2443,2024-05-16,SKU-1251,495,1,849,849,Online,In-Store
2444,2024-04-23,SKU-1186,425,1,649,649,Seattle University Village,Online
2445,2024-05-30,SKU-1085,371,1,1699,1699,San Francisco Union Square,Online
2446,2025-01-22,SKU-1091,338,3,699,2097,Los Angeles Grove,Online
2447,2024-05-29,SKU-1223,106,2,749,1498,New York 5th Ave,Online
2448,2024-09-05,SKU-1224,251,2,899,1798,Los Angeles Grove,Online
2449,2025-04-19,SKU-1012,82,1,1099,1099,Online,In-Store
2450,2024-10-23,SKU-1014,105,1,1099,1099,New York 5th Ave,In-Store
2451,2025-03-12,SKU-1035,394,1,1299,1299,Online,In-Store
2452,2024-12-22,SKU-1168,156,1,499,499,San Francisco Union Square,Online
2453,2025-05-03,SKU-1234,494,1,799,799,New York 5th Ave,Online
2454,2024-01-18,SKU-1055,400,2,1499,2998,Online,Online
2455,2025-06-05,SKU-1054,329,2,1499,2998,Dallas NorthPark,Online
2456,2025-12-07,SKU-1247,51,1,849,849,Online,In-Store
2457,2024-01-21,SKU-1280,33,1,1499,1499,Chicago Michigan Ave,In-Store
2458,2024-09-07,SKU-1060,388,1,1499,1499,Dallas NorthPark,In-Store
2459,2025-06-26,SKU-1303,472,1,1549,1549,Online,Online
2460,2024-01-21,SKU-1167,168,1,349,349,Austin Domain,In-Store
2461,2025-05-07,SKU-1104,100,1,799,799,Online,In-Store
2462,2025-12-13,SKU-1247,412,1,849,849,Online,Online
2463,2025-09-08,SKU-1100,290,1,799,799,Chicago Michigan Ave,Online
2464,2024-09-07,SKU-1129,167,1,2099,2099,Online,Online
2465,2024-12-07,SKU-1128,253,1,1899,1899,Online,In-Store
2466,2025-08-01,SKU-1004,459,1,999,999,Online,Online
2467,2025-07-01,SKU-1010,379,1,1099,1099,Online,In-Store
2468,2024-05-18,SKU-1353,114,1,129,129,Austin Domain,Online
2469,2025-08-24,SKU-1024,210,1,1199,1199,Online,Online
2470,2024-08-02,SKU-1192,48,1,749,749,Online,Online
2471,2025-09-04,SKU-1029,275,1,1199,1199,Austin Domain,In-Store
2472,2024-10-10,SKU-1060,278,1,1499,1499,Online,In-Store
2473,2025-05-16,SKU-1250,419,2,999,1998,Dallas NorthPark,In-Store
2474,2025-05-30,SKU-1316,299,1,1799,1799,Online,In-Store
2475,2024-12-31,SKU-1000,386,1,999,999,New York 5th Ave,In-Store
2476,2025-10-04,SKU-1006,293,1,999,999,Online,Online
2477,2024-02-16,SKU-1042,376,1,1399,1399,Online,In-Store
2478,2024-03-03,SKU-1049,339,1,1399,1399,New York 5th Ave,In-Store
2479,2024-07-28,SKU-1007,188,1,999,999,San Francisco Union Square,In-Store
2480,2024-06-06,SKU-1074,353,1,1599,1599,Online,In-Store
2481,2025-01-18,SKU-1130,18,1,1699,1699,Chicago Michigan Ave,In-Store
2482,2024-06-10,SKU-1319,109,1,1799,1799,Online,Online
2483,2024-06-19,SKU-1108,137,1,799,799,Seattle University Village,In-Store
2484,2025-08-28,SKU-1315,461,1,1649,1649,Dallas NorthPark,In-Store
2485,2025-08-31,SKU-1082,273,1,1699,1699,Seattle University Village,Online
2486,2025-03-31,SKU-1114,143,1,1299,1299,Online,In-Store
2487,2024-01-21,SKU-1332,101,1,629,629,New York 5th Ave,Online
2488,2025-08-18,SKU-1170,60,2,499,998,Miami Dadeland,Online
2489,2025-06-30,SKU-1013,487,1,1099,1099,Miami Dadeland,In-Store
2490,2025-12-30,SKU-1098,378,1,699,699,Miami Dadeland,Online
2491,2024-05-09,SKU-1044,124,2,1399,2798,Boston Boylston,Online
2492,2024-09-04,SKU-1200,276,2,849,1698,Chicago Michigan Ave,Online
2493,2024-12-06,SKU-1171,282,1,349,349,Online,Online
2494,2024-07-29,SKU-1106,72,2,799,1598,Miami Dadeland,Online
2495,2025-10-01,SKU-1212,227,1,699,699,Online,In-Store
2496,2024-11-25,SKU-1175,236,1,499,499,Online,Online
2497,2024-01-12,SKU-1300,400,1,1599,1599,Online,In-Store
2498,2024-02-01,SKU-1006,43,1,999,999,Online,In-Store
2499,2024-03-25,SKU-1283,353,1,1349,1349,Online,In-Store
2500,2025-07-05,SKU-1024,332,1,1199,1199,Online,In-Store
2501,2024-06-02,SKU-1259,181,1,949,949,Online,In-Store
2502,2024-10-23,SKU-1278,386,1,1499,1499,Online,Online
2503,2025-11-15,SKU-1174,296,1,649,649,Chicago Michigan Ave,Online
2504,2024-06-03,SKU-1165,90,1,349,349,Miami Dadeland,Online
2505,2025-01-23,SKU-1206,241,1,699,699,Online,Online
2506,2024-01-03,SKU-1006,339,1,999,999,Online,Online
2507,2025-01-05,SKU-1086,371,1,1699,1699,Los Angeles Grove,Online
2508,2024-08-29,SKU-1101,212,1,799,799,Online,Online
2509,2025-11-08,SKU-1056,26,1,1499,1499,Online,In-Store
2510,2024-02-12,SKU-1274,283,1,1399,1399,Seattle University Village,In-Store
2511,2025-02-24,SKU-1013,309,1,1099,1099,Miami Dadeland,In-Store
2512,2024-01-18,SKU-1204,396,1,849,849,San Francisco Union Square,In-Store
2513,2024-07-08,SKU-1338,65,2,649,1298,Online,Online
2514,2025-02-05,SKU-1011,130,1,1099,1099,Miami Dadeland,Online
2515,2024-01-06,SKU-1179,134,1,499,499,San Francisco Union Square,Online
2516,2025-04-30,SKU-1304,256,1,1699,1699,Boston Boylston,Online
2517,2024-07-11,SKU-1048,271,1,1399,1399,San Francisco Union Square,Online
2518,2024-05-24,SKU-1060,357,1,1499,1499,New York 5th Ave,In-Store
2519,2025-10-22,SKU-1249,343,1,849,849,Seattle University Village,Online
2520,2025-03-05,SKU-1074,388,1,1599,1599,Seattle University Village,Online
2521,2024-08-07,SKU-1249,54,1,849,849,Online,In-Store
2522,2025-02-03,SKU-1020,150,2,1199,2398,Dallas NorthPark,In-Store
2523,2025-01-17,SKU-1039,388,2,1299,2598,Online,In-Store
2524,2025-11-22,SKU-1046,189,1,1399,1399,Online,In-Store
2525,2024-01-24,SKU-1073,343,2,1599,3198,Online,Online
2526,2024-10-24,SKU-1102,263,1,799,799,Chicago Michigan Ave,In-Store
2527,2024-08-19,SKU-1150,375,2,4899,9798,Online,Online
2528,2024-10-09,SKU-1237,170,1,749,749,Seattle University Village,Online
2529,2025-11-20,SKU-1201,353,1,699,699,Online,Online
2530,2024-10-25,SKU-1213,123,3,649,1947,Online,Online
2531,2024-07-17,SKU-1351,425,1,849,849,Chicago Michigan Ave,In-Store
2532,2024-08-15,SKU-1315,414,1,1649,1649,Online,Online
2533,2025-06-22,SKU-1023,239,1,1199,1199,Seattle University Village,In-Store
2534,2024-07-22,SKU-1174,124,1,649,649,San Francisco Union Square,In-Store
2535,2025-02-18,SKU-1049,330,1,1399,1399,Online,Online
2536,2024-03-19,SKU-1314,490,2,1799,3598,Online,In-Store
2537,2024-12-01,SKU-1264,200,1,1299,1299,Online,In-Store
2538,2025-06-21,SKU-1304,457,1,1699,1699,Online,In-Store
2539,2024-01-31,SKU-1052,301,1,1499,1499,Online,In-Store
2540,2025-09-03,SKU-1027,269,1,1199,1199,Boston Boylston,Online
2541,2025-12-20,SKU-1094,255,1,699,699,Online,Online
2542,2025-03-01,SKU-1354,470,1,179,179,Online,In-Store
2543,2024-12-20,SKU-1053,69,1,1499,1499,Boston Boylston,Online
2544,2025-06-22,SKU-1198,328,1,849,849,Austin Domain,Online
2545,2025-02-10,SKU-1172,272,1,499,499,Los Angeles Grove,In-Store
2546,2025-02-21,SKU-1191,100,1,599,599,Online,In-Store
2547,2025-06-01,SKU-1339,76,1,649,649,Online,Online
2548,2024-04-04,SKU-1083,131,1,1699,1699,Dallas NorthPark,In-Store
2549,2025-06-16,SKU-1304,275,1,1699,1699,New York 5th Ave,In-Store
2550,2024-12-11,SKU-1292,122,1,1649,1649,Los Angeles Grove,Online
2551,2024-02-17,SKU-1108,266,1,799,799,Seattle University Village,Online
2552,2024-01-19,SKU-1032,481,1,1299,1299,Online,Online
2553,2024-07-27,SKU-1357,185,1,549,549,New York 5th Ave,In-Store
2554,2024-01-28,SKU-1022,198,2,1199,2398,Online,Online
2555,2024-04-12,SKU-1079,488,1,1599,1599,Online,Online
2556,2025-03-16,SKU-1321,261,1,1799,1799,Chicago Michigan Ave,Online
2557,2025-05-11,SKU-1027,218,1,1199,1199,Austin Domain,In-Store
2558,2025-06-21,SKU-1035,426,1,1299,1299,Online,In-Store
2559,2025-07-21,SKU-1010,3,1,1099,1099,Austin Domain,In-Store
2560,2024-08-31,SKU-1272,245,1,1399,1399,Miami Dadeland,In-Store
2561,2025-02-21,SKU-1254,24,1,1099,1099,Online,In-Store
2562,2024-04-14,SKU-1203,342,1,699,699,Online,In-Store
2563,2025-06-03,SKU-1004,189,1,999,999,Dallas NorthPark,In-Store
2564,2025-08-10,SKU-1016,94,1,1099,1099,Dallas NorthPark,In-Store
2565,2024-06-18,SKU-1117,207,1,1899,1899,Austin Domain,In-Store
2566,2025-10-01,SKU-1207,294,1,549,549,Miami Dadeland,In-Store
2567,2025-10-19,SKU-1220,310,1,799,799,Austin Domain,In-Store
2568,2025-04-12,SKU-1228,46,1,899,899,Boston Boylston,Online
2569,2025-01-28,SKU-1170,327,1,499,499,Dallas NorthPark,Online
2570,2024-01-22,SKU-1082,396,1,1699,1699,Los Angeles Grove,Online
2571,2024-07-18,SKU-1205,489,3,549,1647,Online,Online
2572,2024-08-16,SKU-1046,151,1,1399,1399,Austin Domain,In-Store
2573,2024-02-26,SKU-1107,209,1,799,799,San Francisco Union Square,Online
2574,2025-10-17,SKU-1179,61,1,499,499,Los Angeles Grove,Online
2575,2024-06-27,SKU-1318,384,1,1949,1949,Online,In-Store
2576,2025-09-13,SKU-1359,113,1,549,549,Online,In-Store
2577,2025-06-16,SKU-1325,71,1,399,399,San Francisco Union Square,In-Store
2578,2024-10-18,SKU-1004,424,1,999,999,Online,Online
2579,2024-05-25,SKU-1101,462,1,799,799,Seattle University Village,In-Store
2580,2024-05-30,SKU-1085,208,1,1699,1699,Chicago Michigan Ave,Online
2581,2024-09-29,SKU-1229,48,1,649,649,Austin Domain,Online
2582,2024-03-15,SKU-1094,473,1,699,699,Miami Dadeland,Online
2583,2025-11-19,SKU-1135,426,1,2599,2599,Seattle University Village,Online
2584,2025-08-08,SKU-1047,173,1,1399,1399,Dallas NorthPark,In-Store
2585,2024-09-30,SKU-1062,205,1,1499,1499,Chicago Michigan Ave,Online
2586,2025-06-05,SKU-1278,140,1,1499,1499,San Francisco Union Square,Online
2587,2025-05-04,SKU-1007,386,2,999,1998,Online,Online
2588,2025-02-04,SKU-1302,465,1,1699,1699,Boston Boylston,Online
2589,2025-01-31,SKU-1013,258,1,1099,1099,Online,Online
2590,2024-01-27,SKU-1048,25,1,1399,1399,Dallas NorthPark,Online
2591,2024-03-23,SKU-1013,151,1,1099,1099,San Francisco Union Square,Online
2592,2025-02-21,SKU-1254,397,1,1099,1099,Online,In-Store
2593,2025-03-29,SKU-1048,329,1,1399,1399,New York 5th Ave,Online
2594,2024-10-13,SKU-1251,139,1,849,849,Online,Online
2595,2024-06-15,SKU-1111,30,1,1299,1299,Seattle University Village,Online
2596,2025-02-25,SKU-1034,344,1,1299,1299,Online,Online
2597,2025-05-18,SKU-1004,372,1,999,999,San Francisco Union Square,Online
2598,2024-06-13,SKU-1095,290,1,699,699,Seattle University Village,In-Store
2599,2025-02-10,SKU-1267,480,1,1149,1149,Los Angeles Grove,Online
2600,2024-07-26,SKU-1016,233,1,1099,1099,Online,In-Store
2601,2024-06-24,SKU-1344,104,1,279,279,Online,In-Store
2602,2024-03-22,SKU-1027,238,1,1199,1199,Online,In-Store
2603,2024-04-14,SKU-1321,41,1,1799,1799,San Francisco Union Square,Online
2604,2024-08-31,SKU-1028,423,1,1199,1199,Los Angeles Grove,In-Store
2605,2025-08-10,SKU-1033,500,1,1299,1299,Online,Online
2606,2025-11-14,SKU-1054,280,1,1499,1499,Online,Online
2607,2025-08-15,SKU-1012,166,2,1099,2198,Online,In-Store
2608,2024-04-06,SKU-1073,221,1,1599,1599,Online,In-Store
2609,2024-09-13,SKU-1058,426,1,1499,1499,Online,Online
2610,2025-04-19,SKU-1027,380,1,1199,1199,Austin Domain,In-Store
2611,2024-01-15,SKU-1042,427,1,1399,1399,Online,Online
2612,2025-07-03,SKU-1141,424,1,3399,3399,Online,In-Store
2613,2025-03-05,SKU-1065,88,2,1499,2998,Chicago Michigan Ave,Online
2614,2025-12-04,SKU-1292,311,1,1649,1649,New York 5th Ave,In-Store
2615,2025-07-06,SKU-1308,125,1,1699,1699,Boston Boylston,In-Store
2616,2024-11-22,SKU-1044,210,1,1399,1399,Online,Online
2617,2024-01-24,SKU-1259,253,2,949,1898,Austin Domain,In-Store
2618,2025-11-28,SKU-1246,475,1,999,999,Dallas NorthPark,Online
2619,2025-05-23,SKU-1239,121,1,749,749,Boston Boylston,Online
2620,2024-01-16,SKU-1283,187,2,1349,2698,Austin Domain,Online
2621,2024-06-24,SKU-1035,93,1,1299,1299,Online,Online
2622,2025-02-06,SKU-1228,348,1,899,899,Boston Boylston,Online
2623,2025-04-03,SKU-1271,480,1,1249,1249,Online,Online
2624,2025-06-19,SKU-1184,334,1,649,649,Austin Domain,Online
2625,2025-08-04,SKU-1355,204,1,249,249,Dallas NorthPark,In-Store
2626,2025-07-01,SKU-1344,396,1,279,279,Seattle University Village,Online
2627,2025-07-13,SKU-1207,445,1,549,549,Online,Online
2628,2024-12-04,SKU-1318,409,1,1949,1949,Online,In-Store
2629,2025-07-09,SKU-1251,222,1,849,849,Dallas NorthPark,In-Store
2630,2024-10-25,SKU-1235,332,1,649,649,Online,In-Store
2631,2025-06-08,SKU-1084,284,1,1699,1699,San Francisco Union Square,In-Store
2632,2025-07-12,SKU-1070,260,1,1599,1599,Los Angeles Grove,In-Store
2633,2025-03-27,SKU-1327,47,1,449,449,Online,Online
2634,2025-02-03,SKU-1320,245,1,1949,1949,Online,In-Store
2635,2025-09-22,SKU-1220,232,1,799,799,Online,In-Store
2636,2025-10-04,SKU-1348,340,1,279,279,Dallas NorthPark,Online
2637,2024-06-02,SKU-1169,439,1,349,349,San Francisco Union Square,In-Store
2638,2024-06-06,SKU-1150,429,1,4899,4899,Miami Dadeland,Online
2639,2024-02-09,SKU-1187,405,1,499,499,San Francisco Union Square,Online
2640,2024-07-09,SKU-1165,350,1,349,349,San Francisco Union Square,Online
2641,2024-01-31,SKU-1012,340,1,1099,1099,Boston Boylston,Online
2642,2025-09-26,SKU-1359,170,1,549,549,Seattle University Village,In-Store
2643,2024-10-13,SKU-1007,461,1,999,999,Chicago Michigan Ave,In-Store
2644,2024-09-14,SKU-1085,94,1,1699,1699,Dallas NorthPark,Online
2645,2024-12-27,SKU-1194,424,1,749,749,Miami Dadeland,Online
2646,2024-05-16,SKU-1213,350,1,649,649,Chicago Michigan Ave,In-Store
2647,2024-08-15,SKU-1067,444,1,1499,1499,Dallas NorthPark,Online
2648,2024-04-15,SKU-1322,175,1,1949,1949,New York 5th Ave,Online
2649,2024-07-10,SKU-1232,273,2,799,1598,Austin Domain,In-Store
2650,2024-12-17,SKU-1335,200,1,449,449,Online,In-Store
2651,2025-12-12,SKU-1100,114,1,799,799,Online,In-Store
2652,2025-05-31,SKU-1233,55,1,649,649,Chicago Michigan Ave,Online
2653,2025-05-16,SKU-1091,266,2,699,1398,Online,Online
2654,2025-09-16,SKU-1301,165,1,1549,1549,Austin Domain,In-Store
2655,2024-01-08,SKU-1071,100,1,1599,1599,Online,In-Store
2656,2025-08-13,SKU-1312,39,2,1799,3598,Boston Boylston,Online
2657,2024-02-18,SKU-1135,102,1,2599,2599,Los Angeles Grove,In-Store
2658,2024-02-08,SKU-1189,45,1,599,599,Miami Dadeland,Online
2659,2025-04-09,SKU-1076,56,1,1599,1599,Online,Online
2660,2025-01-09,SKU-1026,318,1,1199,1199,Boston Boylston,In-Store
2661,2025-06-21,SKU-1131,50,1,1899,1899,Online,Online
2662,2025-09-27,SKU-1301,137,1,1549,1549,Dallas NorthPark,Online
2663,2024-10-17,SKU-1307,487,1,1549,1549,Austin Domain,Online
2664,2025-01-27,SKU-1270,316,1,1399,1399,Chicago Michigan Ave,In-Store
2665,2025-07-28,SKU-1237,31,1,749,749,San Francisco Union Square,In-Store
2666,2025-01-04,SKU-1262,67,1,1299,1299,Online,Online
2667,2025-02-15,SKU-1179,84,1,499,499,Boston Boylston,In-Store
2668,2025-03-14,SKU-1179,214,2,499,998,Online,Online
2669,2025-04-05,SKU-1269,276,1,1249,1249,New York 5th Ave,Online
2670,2024-12-11,SKU-1041,262,1,1399,1399,Online,In-Store
2671,2024-12-13,SKU-1226,376,1,899,899,Chicago Michigan Ave,In-Store
2672,2025-12-30,SKU-1279,431,1,1349,1349,San Francisco Union Square,Online
2673,2024-05-01,SKU-1032,496,2,1299,2598,Online,In-Store
2674,2024-01-07,SKU-1356,452,1,279,279,Online,Online
2675,2025-08-23,SKU-1076,332,1,1599,1599,Boston Boylston,Online
2676,2024-04-28,SKU-1058,410,1,1499,1499,Online,Online
2677,2025-05-07,SKU-1051,18,1,1499,1499,Los Angeles Grove,In-Store
2678,2025-11-29,SKU-1106,52,1,799,799,Online,Online
2679,2025-01-30,SKU-1162,301,1,5999,5999,San Francisco Union Square,In-Store
2680,2025-12-07,SKU-1035,480,2,1299,2598,Online,Online
2681,2024-10-26,SKU-1212,330,1,699,699,New York 5th Ave,In-Store
2682,2025-12-21,SKU-1032,86,1,1299,1299,Boston Boylston,Online
2683,2024-08-11,SKU-1342,413,1,299,299,Miami Dadeland,In-Store
2684,2024-05-16,SKU-1283,98,1,1349,1349,Miami Dadeland,Online
2685,2025-10-22,SKU-1200,4,2,849,1698,San Francisco Union Square,In-Store
2686,2024-04-02,SKU-1014,267,1,1099,1099,Online,Online
2687,2025-04-19,SKU-1039,177,1,1299,1299,Online,Online
2688,2024-03-30,SKU-1129,341,1,2099,2099,New York 5th Ave,In-Store
2689,2024-11-24,SKU-1322,134,1,1949,1949,Austin Domain,Online
2690,2025-01-23,SKU-1208,80,1,699,699,Miami Dadeland,In-Store
2691,2025-06-07,SKU-1081,419,1,1699,1699,Austin Domain,In-Store
2692,2025-07-21,SKU-1117,124,2,1899,3798,Austin Domain,Online
2693,2025-03-26,SKU-1176,492,1,649,649,Online,Online
2694,2024-07-22,SKU-1015,227,1,1099,1099,Austin Domain,In-Store
2695,2024-07-09,SKU-1332,490,1,629,629,Miami Dadeland,Online
2696,2025-08-03,SKU-1045,466,1,1399,1399,San Francisco Union Square,In-Store
2697,2025-03-13,SKU-1314,410,2,1799,3598,Online,In-Store
2698,2025-07-20,SKU-1018,282,1,1099,1099,Online,In-Store
2699,2024-09-07,SKU-1081,405,1,1699,1699,Chicago Michigan Ave,In-Store
2700,2024-11-11,SKU-1050,137,1,1499,1499,New York 5th Ave,Online
2701,2025-05-19,SKU-1215,113,1,649,649,Online,Online
2702,2024-12-06,SKU-1061,134,1,1499,1499,Boston Boylston,In-Store
2703,2024-04-29,SKU-1344,93,1,279,279,Boston Boylston,In-Store
2704,2024-01-03,SKU-1300,96,1,1599,1599,Chicago Michigan Ave,Online
2705,2025-11-13,SKU-1040,462,1,1399,1399,San Francisco Union Square,In-Store
2706,2024-08-07,SKU-1326,252,1,449,449,Seattle University Village,In-Store
2707,2025-06-15,SKU-1034,125,2,1299,2598,Online,Online
2708,2024-05-17,SKU-1228,407,3,899,2697,Online,In-Store
2709,2024-07-11,SKU-1249,89,1,849,849,Online,Online
2710,2025-12-03,SKU-1264,454,1,1299,1299,Los Angeles Grove,Online
2711,2025-12-01,SKU-1306,108,1,1699,1699,Seattle University Village,In-Store
2712,2024-12-31,SKU-1313,95,1,1649,1649,Online,Online
2713,2024-02-11,SKU-1332,104,1,629,629,Online,In-Store
2714,2024-03-24,SKU-1058,418,1,1499,1499,Chicago Michigan Ave,In-Store
2715,2024-12-21,SKU-1079,428,1,1599,1599,Boston Boylston,In-Store
2716,2024-04-05,SKU-1310,12,1,1799,1799,Austin Domain,In-Store
2717,2025-08-23,SKU-1041,384,2,1399,2798,Online,Online
2718,2025-10-31,SKU-1075,445,1,1599,1599,Austin Domain,Online
2719,2024-01-06,SKU-1202,296,1,849,849,New York 5th Ave,Online
2720,2024-04-05,SKU-1052,312,1,1499,1499,Dallas NorthPark,Online
2721,2024-06-04,SKU-1012,60,1,1099,1099,Online,Online
2722,2025-04-16,SKU-1233,210,1,649,649,Los Angeles Grove,In-Store
2723,2025-11-20,SKU-1013,46,1,1099,1099,Online,Online
2724,2024-02-12,SKU-1026,62,2,1199,2398,San Francisco Union Square,Online
2725,2025-06-25,SKU-1033,390,1,1299,1299,New York 5th Ave,Online
2726,2024-08-07,SKU-1332,19,1,629,629,Online,Online
2727,2024-01-14,SKU-1094,339,1,699,699,Online,In-Store
2728,2025-06-17,SKU-1224,54,1,899,899,Online,In-Store
2729,2024-01-24,SKU-1043,405,1,1399,1399,Chicago Michigan Ave,Online
2730,2024-01-09,SKU-1166,296,2,499,998,Seattle University Village,In-Store
2731,2024-05-11,SKU-1037,9,1,1299,1299,Miami Dadeland,In-Store
2732,2024-12-24,SKU-1239,370,1,749,749,Online,In-Store
2733,2024-01-02,SKU-1284,413,1,1499,1499,Boston Boylston,In-Store
2734,2025-12-12,SKU-1184,299,1,649,649,Los Angeles Grove,Online
2735,2024-05-01,SKU-1024,73,2,1199,2398,Online,Online
2736,2025-01-10,SKU-1089,199,1,1699,1699,Online,In-Store
2737,2024-03-17,SKU-1052,455,1,1499,1499,Austin Domain,Online
2738,2024-02-25,SKU-1035,217,1,1299,1299,Online,In-Store
2739,2024-10-11,SKU-1133,31,1,2299,2299,Online,In-Store
2740,2024-03-28,SKU-1111,221,1,1299,1299,New York 5th Ave,In-Store
2741,2024-10-15,SKU-1102,272,1,799,799,San Francisco Union Square,In-Store
2742,2024-06-11,SKU-1085,424,1,1699,1699,Boston Boylston,In-Store
2743,2024-10-19,SKU-1001,17,1,999,999,Online,Online
2744,2025-02-19,SKU-1204,490,2,849,1698,Los Angeles Grove,In-Store
2745,2024-11-11,SKU-1213,319,1,649,649,Online,Online
2746,2025-01-15,SKU-1229,146,3,649,1947,New York 5th Ave,Online
2747,2024-04-18,SKU-1061,71,1,1499,1499,Miami Dadeland,Online
2748,2025-07-22,SKU-1108,31,1,799,799,Austin Domain,In-Store
2749,2024-01-28,SKU-1155,413,1,1199,1199,Boston Boylston,In-Store
2750,2025-02-12,SKU-1178,142,1,649,649,Austin Domain,Online
2751,2025-07-11,SKU-1040,7,1,1399,1399,Los Angeles Grove,In-Store
2752,2024-05-31,SKU-1226,304,1,899,899,Online,In-Store
2753,2025-04-19,SKU-1352,44,1,829,829,Online,Online
2754,2025-04-18,SKU-1117,365,1,1899,1899,Online,Online
2755,2025-01-04,SKU-1011,497,2,1099,2198,Chicago Michigan Ave,Online
2756,2024-06-28,SKU-1074,59,1,1599,1599,Seattle University Village,Online
2757,2025-06-28,SKU-1182,441,1,649,649,Chicago Michigan Ave,Online
2758,2024-09-16,SKU-1106,255,1,799,799,Online,Online
2759,2025-11-18,SKU-1001,412,1,999,999,Boston Boylston,Online
2760,2025-03-26,SKU-1100,473,1,799,799,Online,Online
2761,2024-03-21,SKU-1098,181,1,699,699,Chicago Michigan Ave,Online
2762,2025-05-01,SKU-1293,10,1,1449,1449,Online,In-Store
2763,2024-11-14,SKU-1100,495,1,799,799,Online,In-Store
2764,2024-02-21,SKU-1261,229,1,1149,1149,Chicago Michigan Ave,In-Store
2765,2024-01-21,SKU-1031,384,1,1299,1299,San Francisco Union Square,In-Store
2766,2024-03-10,SKU-1174,421,2,649,1298,Seattle University Village,In-Store
2767,2024-10-03,SKU-1304,294,1,1699,1699,Online,Online
2768,2024-06-25,SKU-1360,22,1,549,549,Online,In-Store
2769,2025-10-24,SKU-1009,426,1,999,999,San Francisco Union Square,Online
2770,2025-06-25,SKU-1327,253,1,449,449,San Francisco Union Square,In-Store
2771,2025-12-02,SKU-1049,62,1,1399,1399,Miami Dadeland,Online
2772,2025-02-24,SKU-1179,465,1,499,499,Online,Online
2773,2024-02-20,SKU-1053,249,1,1499,1499,Los Angeles Grove,Online
2774,2024-11-26,SKU-1058,224,1,1499,1499,Online,In-Store
2775,2025-09-01,SKU-1349,149,1,799,799,Chicago Michigan Ave,In-Store
2776,2024-01-16,SKU-1359,35,1,549,549,Seattle University Village,In-Store
2777,2025-11-07,SKU-1041,72,1,1399,1399,Online,Online
2778,2025-07-07,SKU-1156,433,1,599,599,Online,Online
2779,2025-11-12,SKU-1013,338,1,1099,1099,Online,In-Store
2780,2025-07-12,SKU-1208,484,1,699,699,Dallas NorthPark,Online
2781,2025-09-21,SKU-1092,293,1,699,699,Los Angeles Grove,Online
2782,2024-05-30,SKU-1358,460,1,549,549,Online,In-Store
2783,2025-07-04,SKU-1348,258,1,279,279,San Francisco Union Square,In-Store
2784,2024-03-13,SKU-1333,497,1,399,399,Chicago Michigan Ave,Online
2785,2024-06-13,SKU-1064,389,1,1499,1499,Online,In-Store
2786,2024-08-26,SKU-1315,293,1,1649,1649,Dallas NorthPark,In-Store
2787,2025-07-06,SKU-1093,89,2,699,1398,Online,Online
2788,2024-11-23,SKU-1172,243,1,499,499,Seattle University Village,In-Store
2789,2025-07-30,SKU-1044,44,1,1399,1399,Online,Online
2790,2024-06-10,SKU-1265,262,1,1149,1149,Boston Boylston,In-Store
2791,2025-09-06,SKU-1193,344,1,599,599,New York 5th Ave,In-Store
2792,2025-02-05,SKU-1037,297,1,1299,1299,Dallas NorthPark,In-Store
2793,2024-02-21,SKU-1300,137,1,1599,1599,Online,Online
2794,2024-03-31,SKU-1244,405,1,899,899,Chicago Michigan Ave,Online
2795,2025-07-19,SKU-1106,329,1,799,799,Online,Online
2796,2025-07-20,SKU-1228,286,1,899,899,Online,In-Store
2797,2025-04-16,SKU-1088,298,1,1699,1699,Miami Dadeland,In-Store
2798,2024-10-26,SKU-1226,328,1,899,899,Online,In-Store
2799,2025-09-16,SKU-1105,193,1,799,799,Online,Online
2800,2024-01-27,SKU-1066,137,1,1499,1499,New York 5th Ave,Online
2801,2025-07-28,SKU-1016,174,1,1099,1099,Online,Online
2802,2024-09-05,SKU-1355,423,1,249,249,San Francisco Union Square,Online
2803,2025-08-10,SKU-1175,492,1,499,499,Austin Domain,Online
2804,2025-05-28,SKU-1170,117,1,499,499,San Francisco Union Square,In-Store
2805,2025-05-06,SKU-1034,78,1,1299,1299,Dallas NorthPark,In-Store
2806,2025-03-11,SKU-1112,12,1,1499,1499,San Francisco Union Square,Online
2807,2024-04-25,SKU-1074,301,1,1599,1599,Boston Boylston,In-Store
2808,2025-09-06,SKU-1061,328,1,1499,1499,Miami Dadeland,In-Store
2809,2024-04-20,SKU-1310,120,1,1799,1799,Online,In-Store
2810,2024-09-11,SKU-1319,23,1,1799,1799,Boston Boylston,Online
2811,2025-12-18,SKU-1153,12,1,999,999,Boston Boylston,Online
2812,2025-05-22,SKU-1345,75,1,249,249,Online,In-Store
2813,2024-07-16,SKU-1106,357,1,799,799,Online,Online
2814,2024-03-05,SKU-1183,241,1,499,499,Austin Domain,Online
2815,2025-06-12,SKU-1326,65,1,449,449,Seattle University Village,In-Store
2816,2024-02-12,SKU-1186,280,1,649,649,Chicago Michigan Ave,In-Store
2817,2025-07-18,SKU-1000,75,1,999,999,Online,Online
2818,2024-04-17,SKU-1067,404,1,1499,1499,Online,Online
2819,2025-01-20,SKU-1046,485,1,1399,1399,Online,Online
2820,2024-09-11,SKU-1223,358,1,749,749,Dallas NorthPark,Online
2821,2025-06-02,SKU-1205,196,1,549,549,Chicago Michigan Ave,In-Store
2822,2025-08-25,SKU-1308,134,1,1699,1699,Dallas NorthPark,In-Store
2823,2024-05-18,SKU-1012,370,1,1099,1099,San Francisco Union Square,Online
2824,2025-01-04,SKU-1299,127,1,1449,1449,Seattle University Village,Online
2825,2024-03-13,SKU-1236,243,1,799,799,Online,In-Store
2826,2025-07-04,SKU-1015,386,1,1099,1099,Austin Domain,In-Store
2827,2025-02-24,SKU-1051,500,1,1499,1499,Seattle University Village,Online
2828,2025-01-16,SKU-1155,307,1,1199,1199,Online,Online
2829,2025-10-28,SKU-1012,294,1,1099,1099,Online,Online
2830,2024-07-02,SKU-1168,25,1,499,499,Online,Online
2831,2025-07-24,SKU-1093,315,2,699,1398,New York 5th Ave,Online
2832,2024-09-25,SKU-1012,83,1,1099,1099,Online,In-Store
2833,2025-01-07,SKU-1077,251,1,1599,1599,Austin Domain,Online
2834,2024-11-11,SKU-1318,394,1,1949,1949,Online,Online
2835,2024-01-30,SKU-1272,218,1,1399,1399,Online,In-Store
2836,2025-01-25,SKU-1092,402,1,699,699,Online,In-Store
2837,2024-10-23,SKU-1268,28,1,1299,1299,Online,In-Store
2838,2024-02-24,SKU-1198,5,1,849,849,Seattle University Village,In-Store
2839,2024-06-28,SKU-1039,78,1,1299,1299,Online,In-Store
2840,2025-05-04,SKU-1279,356,1,1349,1349,San Francisco Union Square,Online
2841,2024-03-09,SKU-1033,200,1,1299,1299,Online,Online
2842,2024-04-04,SKU-1070,191,3,1599,4797,Boston Boylston,In-Store
2843,2025-06-13,SKU-1286,328,1,1649,1649,Online,Online
2844,2024-01-16,SKU-1264,56,3,1299,3897,Los Angeles Grove,Online
2845,2025-07-26,SKU-1098,66,1,699,699,Online,Online
2846,2025-01-01,SKU-1188,228,2,649,1298,Boston Boylston,In-Store
2847,2024-05-18,SKU-1334,368,1,449,449,New York 5th Ave,Online
2848,2024-03-18,SKU-1040,76,1,1399,1399,Austin Domain,In-Store
2849,2024-08-22,SKU-1013,377,1,1099,1099,Austin Domain,Online
2850,2025-08-25,SKU-1056,374,1,1499,1499,Online,In-Store
2851,2025-10-12,SKU-1011,87,1,1099,1099,Online,Online
2852,2024-05-06,SKU-1155,344,1,1199,1199,Chicago Michigan Ave,In-Store
2853,2025-01-05,SKU-1148,409,2,4899,9798,Austin Domain,In-Store
2854,2025-03-15,SKU-1011,131,1,1099,1099,Online,Online
2855,2024-05-29,SKU-1219,446,1,649,649,Online,In-Store
2856,2024-06-06,SKU-1027,479,2,1199,2398,Seattle University Village,Online
2857,2025-05-18,SKU-1267,350,1,1149,1149,Dallas NorthPark,In-Store
2858,2025-02-11,SKU-1355,392,1,249,249,Online,In-Store
2859,2024-06-19,SKU-1216,251,1,799,799,Online,Online
2860,2025-12-02,SKU-1294,87,1,1599,1599,Miami Dadeland,In-Store
2861,2025-07-09,SKU-1088,32,1,1699,1699,Miami Dadeland,Online
2862,2024-02-12,SKU-1273,131,2,1249,2498,Online,In-Store
2863,2024-08-23,SKU-1008,167,1,999,999,Seattle University Village,Online
2864,2024-08-22,SKU-1036,170,1,1299,1299,Miami Dadeland,In-Store
2865,2025-12-17,SKU-1002,404,2,999,1998,San Francisco Union Square,Online
2866,2025-03-27,SKU-1017,243,2,1099,2198,Los Angeles Grove,Online
2867,2024-06-25,SKU-1016,143,1,1099,1099,Online,In-Store
2868,2025-03-13,SKU-1345,28,1,249,249,Miami Dadeland,Online
2869,2024-03-08,SKU-1170,244,1,499,499,San Francisco Union Square,Online
2870,2024-01-16,SKU-1240,329,1,899,899,Seattle University Village,In-Store
2871,2024-09-03,SKU-1280,330,1,1499,1499,San Francisco Union Square,Online
2872,2025-11-07,SKU-1119,131,1,1699,1699,Boston Boylston,In-Store
2873,2025-03-11,SKU-1282,301,1,1499,1499,Chicago Michigan Ave,In-Store
2874,2025-09-05,SKU-1315,32,1,1649,1649,Online,In-Store
2875,2025-05-05,SKU-1135,54,1,2599,2599,Online,Online
2876,2024-02-07,SKU-1034,415,1,1299,1299,Online,In-Store
2877,2025-01-25,SKU-1196,364,1,749,749,Online,Online
2878,2025-10-26,SKU-1323,116,1,1799,1799,San Francisco Union Square,Online
2879,2024-04-15,SKU-1058,78,1,1499,1499,Dallas NorthPark,In-Store
2880,2025-02-05,SKU-1222,472,1,899,899,Miami Dadeland,In-Store
2881,2025-06-13,SKU-1183,444,3,499,1497,Los Angeles Grove,Online
2882,2024-06-20,SKU-1188,75,2,649,1298,Online,In-Store
2883,2024-01-03,SKU-1003,9,1,999,999,Online,Online
2884,2024-02-16,SKU-1122,466,1,1299,1299,Online,In-Store
2885,2025-11-23,SKU-1196,247,2,749,1498,Seattle University Village,Online
2886,2024-07-12,SKU-1175,191,1,499,499,Online,Online
2887,2025-07-20,SKU-1015,149,1,1099,1099,Boston Boylston,In-Store
2888,2025-06-06,SKU-1214,387,1,799,799,Online,Online
2889,2025-07-17,SKU-1105,329,1,799,799,Online,Online
2890,2024-11-19,SKU-1101,427,3,799,2397,Seattle University Village,Online
2891,2024-01-18,SKU-1000,235,1,999,999,Miami Dadeland,Online
2892,2024-10-12,SKU-1045,484,1,1399,1399,Online,In-Store
2893,2024-12-05,SKU-1094,11,1,699,699,Boston Boylston,Online
2894,2025-02-03,SKU-1107,217,2,799,1598,Online,Online
2895,2025-01-14,SKU-1324,154,1,1949,1949,Boston Boylston,In-Store
2896,2024-08-18,SKU-1240,145,2,899,1798,Online,Online
2897,2025-08-28,SKU-1080,138,1,1699,1699,Austin Domain,Online
2898,2025-07-29,SKU-1165,390,1,349,349,Online,Online
2899,2025-01-21,SKU-1050,274,1,1499,1499,Seattle University Village,In-Store
2900,2025-04-15,SKU-1101,402,1,799,799,Online,Online
2901,2025-10-12,SKU-1108,290,1,799,799,Online,Online
2902,2025-09-21,SKU-1231,38,1,649,649,Online,Online
2903,2025-04-09,SKU-1193,433,1,599,599,Online,Online
2904,2024-08-30,SKU-1094,65,1,699,699,Online,Online
2905,2025-01-02,SKU-1107,233,1,799,799,Miami Dadeland,In-Store
2906,2024-07-10,SKU-1187,195,1,499,499,Online,In-Store
2907,2025-08-08,SKU-1177,189,1,499,499,Dallas NorthPark,In-Store
2908,2025-06-06,SKU-1273,161,1,1249,1249,Dallas NorthPark,Online
2909,2024-04-02,SKU-1138,344,1,2599,2599,Austin Domain,Online
2910,2024-03-17,SKU-1096,50,1,699,699,Chicago Michigan Ave,In-Store
2911,2024-04-04,SKU-1216,312,1,799,799,Seattle University Village,Online
2912,2024-06-15,SKU-1034,73,1,1299,1299,San Francisco Union Square,Online
2913,2024-02-24,SKU-1154,416,1,999,999,Seattle University Village,In-Store
2914,2025-01-10,SKU-1315,137,1,1649,1649,Boston Boylston,Online
2915,2025-01-16,SKU-1178,249,1,649,649,Miami Dadeland,Online
2916,2024-01-03,SKU-1108,433,1,799,799,Chicago Michigan Ave,Online
2917,2024-01-01,SKU-1309,364,1,1649,1649,Chicago Michigan Ave,In-Store
2918,2024-08-12,SKU-1012,474,1,1099,1099,Seattle University Village,Online
2919,2024-06-24,SKU-1068,109,1,1499,1499,Miami Dadeland,Online
2920,2025-05-30,SKU-1307,84,3,1549,4647,Boston Boylston,In-Store
2921,2024-10-13,SKU-1316,3,2,1799,3598,Online,Online
2922,2025-06-13,SKU-1218,94,2,799,1598,Online,Online
2923,2025-03-05,SKU-1117,38,1,1899,1899,New York 5th Ave,In-Store
2924,2025-01-17,SKU-1332,4,1,629,629,Los Angeles Grove,Online
2925,2025-12-15,SKU-1087,386,1,1699,1699,Dallas NorthPark,Online
2926,2025-09-17,SKU-1186,92,3,649,1947,Miami Dadeland,In-Store
2927,2024-03-29,SKU-1027,162,1,1199,1199,Online,Online
2928,2024-08-20,SKU-1313,485,1,1649,1649,Miami Dadeland,In-Store
2929,2024-07-23,SKU-1013,23,1,1099,1099,Online,Online
2930,2024-01-16,SKU-1107,3,1,799,799,Dallas NorthPark,Online
2931,2024-03-29,SKU-1239,450,3,749,2247,Los Angeles Grove,In-Store
2932,2024-10-27,SKU-1181,117,1,499,499,Miami Dadeland,Online
2933,2025-08-30,SKU-1183,285,1,499,499,Chicago Michigan Ave,In-Store
2934,2024-09-20,SKU-1102,143,1,799,799,Dallas NorthPark,In-Store
2935,2025-10-01,SKU-1103,407,1,799,799,Seattle University Village,In-Store
2936,2024-11-14,SKU-1353,416,1,129,129,Chicago Michigan Ave,Online
2937,2024-02-06,SKU-1268,133,1,1299,1299,Online,Online
2938,2025-02-16,SKU-1270,114,1,1399,1399,Seattle University Village,Online
2939,2025-01-03,SKU-1318,225,1,1949,1949,Online,In-Store
2940,2024-06-04,SKU-1290,216,1,1649,1649,Chicago Michigan Ave,Online
2941,2024-02-09,SKU-1068,382,1,1499,1499,New York 5th Ave,Online
2942,2024-09-14,SKU-1175,457,3,499,1497,Online,Online
2943,2024-06-30,SKU-1048,163,1,1399,1399,Miami Dadeland,Online
2944,2024-11-01,SKU-1355,208,2,249,498,Boston Boylston,Online
2945,2025-03-30,SKU-1082,475,1,1699,1699,Online,Online
2946,2024-12-26,SKU-1089,41,1,1699,1699,Online,Online
2947,2024-01-10,SKU-1051,305,1,1499,1499,Online,In-Store
2948,2024-02-13,SKU-1323,253,1,1799,1799,San Francisco Union Square,Online
2949,2024-04-14,SKU-1006,456,3,999,2997,Online,In-Store
2950,2025-06-03,SKU-1359,482,1,549,549,Online,In-Store
2951,2024-10-29,SKU-1233,361,1,649,649,Dallas NorthPark,In-Store
2952,2024-06-21,SKU-1013,325,1,1099,1099,Online,In-Store
2953,2024-10-01,SKU-1092,358,1,699,699,Dallas NorthPark,In-Store
2954,2025-11-13,SKU-1360,70,2,549,1098,Online,In-Store
2955,2024-12-31,SKU-1274,447,2,1399,2798,Dallas NorthPark,Online
2956,2025-12-17,SKU-1305,471,1,1549,1549,Online,Online
2957,2024-07-06,SKU-1084,465,2,1699,3398,Boston Boylston,In-Store
2958,2024-09-22,SKU-1220,226,1,799,799,San Francisco Union Square,In-Store
2959,2025-05-19,SKU-1007,52,1,999,999,Austin Domain,In-Store
2960,2025-07-17,SKU-1299,26,1,1449,1449,Boston Boylston,In-Store
2961,2024-01-29,SKU-1193,468,1,599,599,Online,In-Store
2962,2025-02-06,SKU-1016,148,1,1099,1099,Dallas NorthPark,In-Store
2963,2024-01-13,SKU-1351,105,1,849,849,Seattle University Village,In-Store
2964,2024-02-02,SKU-1000,450,1,999,999,Online,Online
2965,2024-10-18,SKU-1202,33,3,849,2547,Online,Online
2966,2024-08-14,SKU-1202,335,1,849,849,Online,In-Store
2967,2025-01-02,SKU-1318,178,2,1949,3898,Austin Domain,Online
2968,2024-05-30,SKU-1093,24,1,699,699,Online,Online
2969,2025-08-06,SKU-1014,482,2,1099,2198,Chicago Michigan Ave,In-Store
2970,2025-07-14,SKU-1099,31,1,699,699,Online,Online
2971,2025-12-13,SKU-1109,459,1,799,799,Online,Online
2972,2024-08-11,SKU-1066,340,1,1499,1499,Online,In-Store
2973,2025-01-18,SKU-1076,442,1,1599,1599,Online,Online
2974,2024-06-09,SKU-1140,172,1,2999,2999,Online,Online
2975,2024-03-15,SKU-1211,253,1,549,549,Online,Online
2976,2024-07-07,SKU-1063,147,2,1499,2998,Online,Online
2977,2024-07-10,SKU-1045,339,1,1399,1399,Dallas NorthPark,In-Store
2978,2024-11-11,SKU-1037,170,1,1299,1299,Miami Dadeland,Online
2979,2024-02-10,SKU-1254,330,1,1099,1099,Boston Boylston,Online
2980,2024-01-06,SKU-1229,327,1,649,649,Austin Domain,Online
2981,2024-09-05,SKU-1327,8,1,449,449,Online,In-Store
2982,2024-08-13,SKU-1022,407,1,1199,1199,Online,In-Store
2983,2025-04-12,SKU-1070,172,1,1599,1599,Austin Domain,In-Store
2984,2025-04-06,SKU-1179,166,3,499,1497,Miami Dadeland,In-Store
2985,2025-08-30,SKU-1021,395,1,1199,1199,New York 5th Ave,Online
2986,2024-09-03,SKU-1011,215,2,1099,2198,Seattle University Village,In-Store
2987,2024-05-24,SKU-1279,235,2,1349,2698,Online,Online
2988,2025-04-19,SKU-1019,456,1,1099,1099,Online,In-Store
2989,2024-04-03,SKU-1000,411,1,999,999,Online,Online
2990,2024-07-04,SKU-1244,97,1,899,899,New York 5th Ave,In-Store
2991,2025-11-07,SKU-1024,88,1,1199,1199,Online,In-Store
2992,2025-08-09,SKU-1165,466,1,349,349,Los Angeles Grove,Online
2993,2024-04-18,SKU-1091,396,1,699,699,Online,Online
2994,2025-07-17,SKU-1170,42,1,499,499,Austin Domain,In-Store
2995,2025-04-26,SKU-1184,86,1,649,649,Seattle University Village,Online
2996,2024-02-21,SKU-1179,385,1,499,499,Dallas NorthPark,Online
2997,2025-12-17,SKU-1058,310,1,1499,1499,Miami Dadeland,Online
2998,2024-06-07,SKU-1354,261,1,179,179,Boston Boylston,Online
2999,2024-12-05,SKU-1042,493,1,1399,1399,Boston Boylston,In-Store
3000,2024-05-21,SKU-1221,87,3,749,2247,Seattle University Village,Online
3001,2024-08-06,SKU-1000,315,1,999,999,Online,Online
3002,2024-05-18,SKU-1333,340,3,399,1197,Dallas NorthPark,Online
3003,2024-10-12,SKU-1022,336,1,1199,1199,Online,Online
3004,2024-04-22,SKU-1259,34,1,949,949,New York 5th Ave,In-Store
3005,2024-07-19,SKU-1089,359,1,1699,1699,Online,Online
3006,2024-02-06,SKU-1208,325,1,699,699,Online,Online
3007,2024-08-12,SKU-1337,437,1,599,599,Online,In-Store
3008,2024-05-10,SKU-1145,357,2,3799,7598,Boston Boylston,Online
3009,2024-05-13,SKU-1246,258,1,999,999,Online,Online
3010,2024-07-20,SKU-1011,2,1,1099,1099,Seattle University Village,In-Store
3011,2024-08-24,SKU-1085,479,1,1699,1699,Miami Dadeland,Online
3012,2024-04-08,SKU-1088,313,2,1699,3398,Chicago Michigan Ave,Online
3013,2024-06-14,SKU-1017,307,1,1099,1099,Online,In-Store
3014,2024-03-16,SKU-1285,241,3,1499,4497,Online,In-Store
3015,2025-08-19,SKU-1010,384,2,1099,2198,Dallas NorthPark,Online
3016,2024-09-10,SKU-1340,432,1,629,629,Dallas NorthPark,Online
3017,2025-02-05,SKU-1068,84,1,1499,1499,Online,Online
3018,2025-03-05,SKU-1309,250,2,1649,3298,Online,Online
3019,2025-03-03,SKU-1101,431,2,799,1598,Dallas NorthPark,Online
3020,2024-02-11,SKU-1344,197,2,279,558,Online,Online
3021,2025-02-07,SKU-1038,186,1,1299,1299,Online,Online
3022,2024-09-17,SKU-1071,154,1,1599,1599,San Francisco Union Square,Online
3023,2025-12-02,SKU-1107,157,3,799,2397,San Francisco Union Square,Online
3024,2024-01-09,SKU-1056,155,1,1499,1499,San Francisco Union Square,Online
3025,2024-06-21,SKU-1117,198,1,1899,1899,Online,In-Store
3026,2024-05-30,SKU-1029,131,1,1199,1199,Online,Online
3027,2024-12-17,SKU-1034,482,1,1299,1299,San Francisco Union Square,In-Store
3028,2025-11-26,SKU-1066,264,1,1499,1499,Miami Dadeland,In-Store
3029,2025-05-19,SKU-1344,486,1,279,279,Dallas NorthPark,In-Store
3030,2025-02-21,SKU-1204,76,1,849,849,San Francisco Union Square,In-Store
3031,2025-11-04,SKU-1325,308,1,399,399,Chicago Michigan Ave,Online
3032,2024-09-02,SKU-1055,455,1,1499,1499,Online,In-Store
3033,2024-07-10,SKU-1357,456,2,549,1098,Online,Online
3034,2024-09-23,SKU-1168,487,1,499,499,Online,In-Store
3035,2024-03-21,SKU-1284,362,1,1499,1499,Miami Dadeland,In-Store
3036,2025-01-17,SKU-1167,369,1,349,349,Online,In-Store
3037,2025-12-07,SKU-1271,289,1,1249,1249,Seattle University Village,Online
3038,2025-12-30,SKU-1278,459,1,1499,1499,Seattle University Village,In-Store
3039,2025-10-12,SKU-1248,172,2,999,1998,Dallas NorthPark,Online
3040,2025-04-28,SKU-1059,439,1,1499,1499,Online,Online
3041,2025-01-26,SKU-1250,493,1,999,999,Miami Dadeland,Online
3042,2024-06-30,SKU-1324,176,1,1949,1949,Online,Online
3043,2024-12-06,SKU-1238,474,1,899,899,Miami Dadeland,In-Store
3044,2024-12-15,SKU-1338,95,1,649,649,Austin Domain,In-Store
3045,2025-08-12,SKU-1080,196,2,1699,3398,New York 5th Ave,In-Store
3046,2024-09-02,SKU-1045,7,2,1399,2798,New York 5th Ave,In-Store
3047,2025-08-25,SKU-1034,61,1,1299,1299,Online,Online
3048,2025-11-14,SKU-1335,489,1,449,449,Online,Online
3049,2024-06-10,SKU-1048,482,1,1399,1399,New York 5th Ave,Online
3050,2024-08-06,SKU-1270,368,2,1399,2798,Miami Dadeland,Online
3051,2025-04-13,SKU-1102,116,1,799,799,Online,In-Store
3052,2025-10-23,SKU-1323,352,1,1799,1799,Austin Domain,Online
3053,2024-06-20,SKU-1168,73,1,499,499,Boston Boylston,Online
3054,2025-07-24,SKU-1251,144,1,849,849,Online,Online
3055,2024-06-29,SKU-1287,222,1,1499,1499,Boston Boylston,Online
3056,2025-11-27,SKU-1122,334,1,1299,1299,Boston Boylston,Online
3057,2024-06-16,SKU-1028,446,1,1199,1199,San Francisco Union Square,In-Store
3058,2024-12-15,SKU-1006,449,1,999,999,Austin Domain,Online
3059,2024-05-15,SKU-1324,296,1,1949,1949,New York 5th Ave,In-Store
3060,2024-01-04,SKU-1101,58,1,799,799,Online,Online
3061,2025-10-06,SKU-1291,359,2,1499,2998,Online,Online
3062,2024-01-26,SKU-1109,475,1,799,799,Dallas NorthPark,Online
3063,2024-02-07,SKU-1161,13,3,3999,11997,Boston Boylston,Online
3064,2024-03-08,SKU-1231,159,1,649,649,Online,Online
3065,2025-03-11,SKU-1299,14,1,1449,1449,San Francisco Union Square,Online
3066,2024-08-10,SKU-1186,391,1,649,649,New York 5th Ave,In-Store
3067,2024-06-17,SKU-1236,466,1,799,799,Online,Online
3068,2025-12-27,SKU-1094,79,1,699,699,Los Angeles Grove,Online
3069,2025-10-22,SKU-1324,96,1,1949,1949,Chicago Michigan Ave,In-Store
3070,2024-05-10,SKU-1137,369,1,3199,3199,Online,In-Store
3071,2025-11-30,SKU-1291,110,2,1499,2998,Boston Boylston,Online
3072,2025-03-29,SKU-1037,117,1,1299,1299,Seattle University Village,Online
3073,2024-01-02,SKU-1165,148,1,349,349,Online,Online
3074,2024-08-15,SKU-1236,401,2,799,1598,Online,Online
3075,2024-12-24,SKU-1105,498,1,799,799,Online,Online
3076,2025-04-15,SKU-1325,24,1,399,399,Los Angeles Grove,Online
3077,2025-06-01,SKU-1145,414,2,3799,7598,Online,In-Store
3078,2025-05-18,SKU-1095,64,1,699,699,Online,Online
3079,2025-07-20,SKU-1216,114,2,799,1598,Boston Boylston,In-Store
3080,2025-12-24,SKU-1180,46,2,649,1298,Dallas NorthPark,Online
3081,2025-12-25,SKU-1277,391,1,1349,1349,Online,In-Store
3082,2024-11-28,SKU-1271,227,1,1249,1249,Austin Domain,Online
3083,2024-08-09,SKU-1052,354,2,1499,2998,Dallas NorthPark,Online
3084,2024-01-18,SKU-1040,325,1,1399,1399,Online,In-Store
3085,2025-07-27,SKU-1063,344,1,1499,1499,Miami Dadeland,In-Store
3086,2025-12-02,SKU-1246,324,1,999,999,Miami Dadeland,Online
3087,2025-01-21,SKU-1346,94,1,299,299,Miami Dadeland,In-Store
3088,2025-11-02,SKU-1358,26,1,549,549,Boston Boylston,Online
3089,2025-05-05,SKU-1320,443,1,1949,1949,Miami Dadeland,Online
3090,2024-10-05,SKU-1217,204,1,649,649,Seattle University Village,Online
3091,2025-05-12,SKU-1026,343,1,1199,1199,Online,In-Store
3092,2025-10-30,SKU-1342,288,1,299,299,Online,Online
3093,2025-01-29,SKU-1222,90,1,899,899,New York 5th Ave,Online
3094,2024-08-22,SKU-1274,293,1,1399,1399,Miami Dadeland,Online
3095,2024-10-10,SKU-1091,405,1,699,699,Los Angeles Grove,Online
3096,2024-06-27,SKU-1062,480,1,1499,1499,San Francisco Union Square,Online
3097,2024-10-01,SKU-1021,37,3,1199,3597,Online,In-Store
3098,2024-10-05,SKU-1227,9,1,749,749,Chicago Michigan Ave,In-Store
3099,2024-08-04,SKU-1187,303,1,499,499,Online,Online
3100,2025-05-03,SKU-1089,412,1,1699,1699,Online,Online
3101,2024-06-11,SKU-1063,342,1,1499,1499,Online,In-Store
3102,2025-11-08,SKU-1219,46,1,649,649,Online,Online
3103,2025-03-16,SKU-1050,464,1,1499,1499,Dallas NorthPark,Online
3104,2025-02-19,SKU-1169,19,1,349,349,Chicago Michigan Ave,Online
3105,2025-05-17,SKU-1053,458,1,1499,1499,Los Angeles Grove,Online
3106,2024-05-15,SKU-1198,225,1,849,849,San Francisco Union Square,In-Store
3107,2025-12-13,SKU-1007,296,2,999,1998,Dallas NorthPark,Online
3108,2024-12-26,SKU-1131,122,1,1899,1899,Miami Dadeland,In-Store
3109,2025-12-16,SKU-1339,355,1,649,649,Online,Online
3110,2024-12-02,SKU-1022,159,1,1199,1199,Online,In-Store
3111,2025-10-14,SKU-1227,172,1,749,749,Online,Online
3112,2024-03-11,SKU-1011,181,1,1099,1099,Miami Dadeland,In-Store
3113,2024-10-16,SKU-1138,289,1,2599,2599,San Francisco Union Square,In-Store
3114,2024-02-21,SKU-1070,1,1,1599,1599,Online,In-Store
3115,2025-07-11,SKU-1124,341,1,1699,1699,Austin Domain,Online
3116,2025-04-05,SKU-1074,473,1,1599,1599,Online,In-Store
3117,2024-12-21,SKU-1104,219,1,799,799,Seattle University Village,Online
3118,2025-02-20,SKU-1304,126,1,1699,1699,Online,In-Store
3119,2025-01-30,SKU-1128,500,1,1899,1899,Online,Online
3120,2024-03-21,SKU-1046,57,1,1399,1399,Boston Boylston,In-Store
3121,2025-01-24,SKU-1089,115,1,1699,1699,Online,Online
3122,2024-01-09,SKU-1092,92,1,699,699,Online,Online
3123,2025-11-21,SKU-1167,106,1,349,349,New York 5th Ave,Online
3124,2024-10-23,SKU-1019,470,1,1099,1099,Chicago Michigan Ave,In-Store
3125,2025-09-18,SKU-1297,202,1,1449,1449,Online,Online
3126,2024-12-04,SKU-1221,386,1,749,749,Online,In-Store
3127,2024-11-10,SKU-1331,364,1,649,649,Online,Online
3128,2025-02-09,SKU-1320,292,1,1949,1949,Boston Boylston,In-Store
3129,2025-12-23,SKU-1260,484,1,1099,1099,Miami Dadeland,Online
3130,2024-10-03,SKU-1116,450,1,1699,1699,New York 5th Ave,Online
3131,2025-12-17,SKU-1263,288,1,1149,1149,Online,Online
3132,2024-05-11,SKU-1194,310,1,749,749,Seattle University Village,In-Store
3133,2025-06-29,SKU-1054,329,1,1499,1499,Austin Domain,Online
3134,2024-09-12,SKU-1304,81,1,1699,1699,Online,Online
3135,2024-05-12,SKU-1319,32,1,1799,1799,Seattle University Village,Online
3136,2024-11-30,SKU-1133,155,1,2299,2299,Boston Boylston,Online
3137,2025-02-26,SKU-1048,190,1,1399,1399,Online,In-Store
3138,2024-02-08,SKU-1032,126,1,1299,1299,Online,Online
3139,2025-01-25,SKU-1183,476,1,499,499,Online,In-Store
3140,2024-01-29,SKU-1055,73,1,1499,1499,Boston Boylston,In-Store
3141,2024-07-27,SKU-1026,376,1,1199,1199,Miami Dadeland,Online
3142,2025-12-24,SKU-1098,305,1,699,699,New York 5th Ave,Online
3143,2025-04-27,SKU-1084,494,1,1699,1699,Online,In-Store
3144,2025-08-10,SKU-1351,313,1,849,849,Online,Online
3145,2024-07-12,SKU-1241,133,1,749,749,Seattle University Village,Online
3146,2025-07-09,SKU-1055,282,1,1499,1499,Online,In-Store
3147,2025-02-21,SKU-1073,81,1,1599,1599,Dallas NorthPark,In-Store
3148,2024-11-13,SKU-1008,235,1,999,999,Online,Online
3149,2024-11-04,SKU-1051,119,1,1499,1499,Seattle University Village,In-Store
3150,2025-11-21,SKU-1103,411,1,799,799,San Francisco Union Square,In-Store
3151,2025-07-19,SKU-1172,406,1,499,499,Boston Boylston,In-Store
3152,2024-05-24,SKU-1078,292,1,1599,1599,Miami Dadeland,Online
3153,2025-10-31,SKU-1190,46,1,749,749,San Francisco Union Square,In-Store
3154,2025-04-21,SKU-1109,135,1,799,799,Online,Online
3155,2024-06-07,SKU-1051,117,1,1499,1499,Chicago Michigan Ave,In-Store
3156,2024-06-14,SKU-1091,418,1,699,699,Chicago Michigan Ave,In-Store
3157,2025-04-04,SKU-1105,385,1,799,799,Online,In-Store
3158,2024-07-24,SKU-1331,69,1,649,649,Los Angeles Grove,Online
3159,2024-01-17,SKU-1277,69,1,1349,1349,Online,In-Store
3160,2024-01-11,SKU-1026,118,1,1199,1199,Online,Online
3161,2025-12-09,SKU-1101,63,1,799,799,Seattle University Village,Online
3162,2024-01-11,SKU-1119,225,2,1699,3398,Miami Dadeland,Online
3163,2024-11-18,SKU-1133,128,1,2299,2299,Boston Boylston,Online
3164,2024-02-27,SKU-1069,41,1,1499,1499,Dallas NorthPark,Online
3165,2024-09-21,SKU-1057,418,1,1499,1499,Los Angeles Grove,Online
3166,2024-05-14,SKU-1054,24,1,1499,1499,Online,Online
3167,2025-08-18,SKU-1016,415,3,1099,3297,Austin Domain,In-Store
3168,2024-06-15,SKU-1268,491,1,1299,1299,Online,In-Store
3169,2024-02-29,SKU-1072,225,2,1599,3198,Miami Dadeland,In-Store
3170,2025-07-13,SKU-1328,237,1,429,429,Austin Domain,In-Store
3171,2025-10-13,SKU-1293,354,1,1449,1449,Los Angeles Grove,In-Store
3172,2025-09-07,SKU-1103,480,1,799,799,Miami Dadeland,In-Store
3173,2025-07-08,SKU-1012,117,1,1099,1099,Chicago Michigan Ave,In-Store
3174,2025-10-06,SKU-1038,76,1,1299,1299,Online,In-Store
3175,2025-09-05,SKU-1015,21,1,1099,1099,Miami Dadeland,In-Store
3176,2025-06-30,SKU-1234,145,1,799,799,Seattle University Village,In-Store
3177,2024-09-10,SKU-1249,249,1,849,849,Online,Online
3178,2024-07-09,SKU-1186,52,2,649,1298,Online,Online
3179,2025-06-09,SKU-1011,22,1,1099,1099,Online,Online
3180,2025-09-20,SKU-1234,26,1,799,799,Seattle University Village,In-Store
3181,2024-02-20,SKU-1321,442,1,1799,1799,Miami Dadeland,Online
3182,2024-08-18,SKU-1008,307,1,999,999,Online,Online
3183,2025-12-12,SKU-1351,182,1,849,849,Online,Online
3184,2025-05-20,SKU-1316,53,1,1799,1799,Online,Online
3185,2024-09-17,SKU-1141,128,1,3399,3399,Online,Online
3186,2024-10-23,SKU-1040,77,1,1399,1399,Online,Online
3187,2024-09-23,SKU-1093,303,1,699,699,Boston Boylston,Online
3188,2024-01-02,SKU-1346,355,2,299,598,Chicago Michigan Ave,Online
3189,2025-03-29,SKU-1353,450,1,129,129,Boston Boylston,Online
3190,2025-06-04,SKU-1148,307,1,4899,4899,Chicago Michigan Ave,Online
3191,2024-06-19,SKU-1067,6,1,1499,1499,Miami Dadeland,In-Store
3192,2024-12-23,SKU-1094,37,1,699,699,San Francisco Union Square,In-Store
3193,2025-05-23,SKU-1047,132,1,1399,1399,San Francisco Union Square,In-Store
3194,2024-08-02,SKU-1099,82,1,699,699,Dallas NorthPark,In-Store
3195,2024-07-08,SKU-1078,232,1,1599,1599,Boston Boylston,Online
3196,2025-01-02,SKU-1278,291,1,1499,1499,Online,Online
3197,2024-03-26,SKU-1316,73,1,1799,1799,Miami Dadeland,Online
3198,2024-06-10,SKU-1219,78,1,649,649,San Francisco Union Square,Online
3199,2025-02-24,SKU-1080,112,2,1699,3398,Online,In-Store
3200,2025-08-18,SKU-1078,206,1,1599,1599,Online,Online
3201,2025-10-23,SKU-1225,210,1,749,749,Online,In-Store
3202,2024-07-03,SKU-1073,22,1,1599,1599,New York 5th Ave,Online
3203,2024-01-28,SKU-1223,331,1,749,749,Seattle University Village,Online
3204,2024-08-16,SKU-1048,336,1,1399,1399,Chicago Michigan Ave,In-Store
3205,2024-08-17,SKU-1010,361,1,1099,1099,Miami Dadeland,Online
3206,2024-06-04,SKU-1215,49,1,649,649,Dallas NorthPark,Online
3207,2025-06-07,SKU-1019,340,1,1099,1099,Boston Boylston,Online
3208,2025-03-21,SKU-1092,279,1,699,699,New York 5th Ave,Online
3209,2024-04-16,SKU-1100,391,2,799,1598,Chicago Michigan Ave,Online
3210,2025-02-02,SKU-1065,159,1,1499,1499,Dallas NorthPark,In-Store
3211,2024-02-13,SKU-1295,407,1,1449,1449,Online,In-Store
3212,2025-03-28,SKU-1148,327,2,4899,9798,Chicago Michigan Ave,Online
3213,2025-02-01,SKU-1078,327,1,1599,1599,New York 5th Ave,In-Store
3214,2024-05-01,SKU-1099,306,1,699,699,New York 5th Ave,Online
3215,2025-09-17,SKU-1073,73,1,1599,1599,Seattle University Village,Online
3216,2024-07-06,SKU-1036,9,1,1299,1299,Online,Online
3217,2025-06-28,SKU-1070,112,1,1599,1599,Austin Domain,Online
3218,2025-08-04,SKU-1252,396,2,999,1998,Miami Dadeland,In-Store
3219,2025-04-02,SKU-1022,79,2,1199,2398,Miami Dadeland,Online
3220,2024-10-11,SKU-1201,295,3,699,2097,Seattle University Village,Online
3221,2024-04-23,SKU-1040,377,1,1399,1399,Chicago Michigan Ave,Online
3222,2024-01-22,SKU-1311,378,1,1649,1649,Seattle University Village,Online
3223,2024-07-20,SKU-1000,383,1,999,999,Online,Online
3224,2024-04-08,SKU-1174,2,1,649,649,Online,Online
3225,2025-06-26,SKU-1284,461,1,1499,1499,Online,In-Store
3226,2024-06-14,SKU-1336,474,1,429,429,New York 5th Ave,In-Store
3227,2025-09-18,SKU-1042,32,1,1399,1399,Online,Online
3228,2025-04-13,SKU-1237,388,1,749,749,New York 5th Ave,Online
3229,2024-07-30,SKU-1056,452,1,1499,1499,Boston Boylston,In-Store
3230,2024-07-27,SKU-1096,110,1,699,699,Miami Dadeland,Online
3231,2025-10-12,SKU-1258,59,1,1099,1099,Boston Boylston,In-Store
3232,2025-02-16,SKU-1327,91,1,449,449,New York 5th Ave,Online
3233,2024-04-21,SKU-1108,1,1,799,799,Dallas NorthPark,Online
3234,2024-07-24,SKU-1223,461,1,749,749,Online,In-Store
3235,2025-06-04,SKU-1024,375,1,1199,1199,Dallas NorthPark,Online
3236,2024-03-05,SKU-1046,271,1,1399,1399,Los Angeles Grove,In-Store
3237,2024-01-21,SKU-1265,208,2,1149,2298,Dallas NorthPark,Online
3238,2025-03-08,SKU-1096,387,1,699,699,San Francisco Union Square,Online
3239,2025-07-05,SKU-1189,268,1,599,599,Online,In-Store
3240,2025-09-28,SKU-1066,66,1,1499,1499,Los Angeles Grove,Online
3241,2025-05-30,SKU-1102,356,1,799,799,Online,In-Store
3242,2025-10-20,SKU-1104,127,2,799,1598,Chicago Michigan Ave,Online
3243,2025-11-22,SKU-1222,9,1,899,899,Dallas NorthPark,In-Store
3244,2025-01-12,SKU-1037,357,1,1299,1299,Dallas NorthPark,Online
3245,2024-12-28,SKU-1095,295,1,699,699,Miami Dadeland,Online
3246,2025-06-03,SKU-1114,304,1,1299,1299,Chicago Michigan Ave,In-Store
3247,2024-10-06,SKU-1085,344,1,1699,1699,New York 5th Ave,In-Store
3248,2024-05-19,SKU-1265,297,1,1149,1149,Miami Dadeland,Online
3249,2025-09-24,SKU-1066,211,1,1499,1499,New York 5th Ave,In-Store
3250,2025-08-10,SKU-1075,317,1,1599,1599,New York 5th Ave,Online
3251,2025-04-13,SKU-1000,158,1,999,999,Seattle University Village,Online
3252,2025-08-07,SKU-1180,146,1,649,649,New York 5th Ave,Online
3253,2025-05-31,SKU-1152,434,1,799,799,Online,Online
3254,2025-06-15,SKU-1060,484,1,1499,1499,San Francisco Union Square,Online
3255,2025-06-30,SKU-1252,55,1,999,999,Dallas NorthPark,Online
3256,2024-10-23,SKU-1190,162,1,749,749,Online,In-Store
3257,2025-02-07,SKU-1223,449,1,749,749,Online,In-Store
3258,2024-02-02,SKU-1029,84,2,1199,2398,New York 5th Ave,In-Store
3259,2025-07-20,SKU-1009,309,1,999,999,Boston Boylston,Online
3260,2024-09-15,SKU-1174,184,1,649,649,Los Angeles Grove,In-Store
3261,2025-08-09,SKU-1000,285,2,999,1998,Online,In-Store
3262,2025-11-13,SKU-1010,418,1,1099,1099,Chicago Michigan Ave,Online
3263,2024-04-18,SKU-1195,284,1,599,599,Online,In-Store
3264,2025-04-02,SKU-1058,404,1,1499,1499,Online,Online
3265,2024-12-19,SKU-1000,369,1,999,999,New York 5th Ave,In-Store
3266,2025-09-02,SKU-1025,183,2,1199,2398,San Francisco Union Square,Online
3267,2024-10-26,SKU-1350,50,1,849,849,Chicago Michigan Ave,In-Store
3268,2025-07-08,SKU-1047,341,1,1399,1399,Miami Dadeland,In-Store
3269,2025-05-29,SKU-1107,390,1,799,799,Los Angeles Grove,In-Store
3270,2025-04-28,SKU-1004,83,1,999,999,New York 5th Ave,In-Store
3271,2024-07-27,SKU-1008,219,1,999,999,Online,In-Store
3272,2024-10-29,SKU-1011,156,1,1099,1099,Dallas NorthPark,Online
3273,2025-02-06,SKU-1198,248,2,849,1698,Online,Online
3274,2025-02-14,SKU-1105,420,2,799,1598,Boston Boylston,Online
3275,2024-05-09,SKU-1338,60,1,649,649,Online,Online
3276,2024-05-20,SKU-1196,162,2,749,1498,Dallas NorthPark,In-Store
3277,2024-05-07,SKU-1045,312,2,1399,2798,Online,Online
3278,2024-10-28,SKU-1335,226,1,449,449,Austin Domain,Online
3279,2024-11-06,SKU-1076,278,2,1599,3198,Online,In-Store
3280,2025-03-23,SKU-1092,168,1,699,699,Online,In-Store
3281,2024-11-16,SKU-1287,4,1,1499,1499,Los Angeles Grove,Online
3282,2024-12-22,SKU-1034,112,1,1299,1299,Online,In-Store
3283,2024-01-04,SKU-1306,380,1,1699,1699,Online,Online
3284,2024-03-10,SKU-1046,476,1,1399,1399,Seattle University Village,Online
3285,2025-10-10,SKU-1331,497,1,649,649,Los Angeles Grove,Online
3286,2025-07-12,SKU-1269,375,1,1249,1249,Online,Online
3287,2025-07-21,SKU-1080,167,1,1699,1699,Online,In-Store
3288,2024-12-20,SKU-1076,72,1,1599,1599,Seattle University Village,Online
3289,2024-12-01,SKU-1101,251,3,799,2397,Online,Online
3290,2024-02-23,SKU-1016,271,1,1099,1099,Miami Dadeland,Online
3291,2025-04-03,SKU-1076,233,1,1599,1599,Online,Online
3292,2024-12-31,SKU-1265,396,1,1149,1149,Online,Online
3293,2024-10-29,SKU-1167,58,1,349,349,Miami Dadeland,In-Store
3294,2025-12-20,SKU-1029,413,1,1199,1199,Dallas NorthPark,Online
3295,2025-09-09,SKU-1064,105,1,1499,1499,Online,Online
3296,2024-07-18,SKU-1153,64,1,999,999,Chicago Michigan Ave,Online
3297,2024-07-24,SKU-1311,123,1,1649,1649,Miami Dadeland,Online
3298,2024-02-08,SKU-1197,263,1,699,699,Los Angeles Grove,Online
3299,2024-03-10,SKU-1043,181,2,1399,2798,Austin Domain,Online
3300,2025-07-22,SKU-1131,223,1,1899,1899,Online,In-Store
3301,2025-12-09,SKU-1078,157,1,1599,1599,New York 5th Ave,In-Store
3302,2024-08-19,SKU-1053,248,1,1499,1499,Miami Dadeland,In-Store
3303,2024-04-19,SKU-1012,183,1,1099,1099,New York 5th Ave,Online
3304,2025-05-23,SKU-1072,45,2,1599,3198,Austin Domain,Online
3305,2025-02-11,SKU-1094,302,1,699,699,Dallas NorthPark,In-Store
3306,2024-05-19,SKU-1055,301,1,1499,1499,San Francisco Union Square,Online
3307,2024-09-25,SKU-1093,498,1,699,699,Boston Boylston,Online
3308,2024-01-30,SKU-1192,354,1,749,749,Online,Online
3309,2024-08-21,SKU-1195,296,1,599,599,Online,In-Store
3310,2024-12-14,SKU-1294,84,1,1599,1599,Online,Online
3311,2024-10-24,SKU-1195,464,1,599,599,Online,In-Store
3312,2025-06-10,SKU-1097,398,1,699,699,Los Angeles Grove,In-Store
3313,2025-09-21,SKU-1338,371,1,649,649,Los Angeles Grove,Online
3314,2025-01-14,SKU-1042,422,2,1399,2798,Austin Domain,Online
3315,2025-06-16,SKU-1211,65,1,549,549,Dallas NorthPark,In-Store
3316,2024-05-26,SKU-1298,37,1,1599,1599,New York 5th Ave,In-Store
3317,2025-11-09,SKU-1251,434,1,849,849,San Francisco Union Square,Online
3318,2024-07-11,SKU-1034,328,1,1299,1299,San Francisco Union Square,In-Store
3319,2024-12-02,SKU-1321,385,1,1799,1799,Chicago Michigan Ave,Online
3320,2024-04-11,SKU-1349,405,2,799,1598,Online,In-Store
3321,2024-06-12,SKU-1106,268,1,799,799,Dallas NorthPark,In-Store
3322,2024-08-10,SKU-1026,327,1,1199,1199,Online,Online
3323,2025-07-03,SKU-1085,59,1,1699,1699,Austin Domain,In-Store
3324,2025-07-05,SKU-1201,41,3,699,2097,Online,In-Store
3325,2024-01-24,SKU-1187,378,2,499,998,Austin Domain,In-Store
3326,2025-08-09,SKU-1308,323,1,1699,1699,Miami Dadeland,In-Store
3327,2025-01-14,SKU-1112,162,1,1499,1499,Online,In-Store
3328,2024-08-14,SKU-1332,422,1,629,629,Austin Domain,Online
3329,2025-05-31,SKU-1292,276,1,1649,1649,Austin Domain,In-Store
3330,2025-11-15,SKU-1124,164,1,1699,1699,Online,In-Store
3331,2024-05-04,SKU-1004,295,1,999,999,Online,In-Store
3332,2025-06-29,SKU-1002,65,2,999,1998,Miami Dadeland,In-Store
3333,2024-11-18,SKU-1076,179,1,1599,1599,Online,In-Store
3334,2025-06-27,SKU-1010,168,1,1099,1099,Miami Dadeland,In-Store
3335,2024-02-13,SKU-1303,146,1,1549,1549,Online,In-Store
3336,2024-07-30,SKU-1074,206,1,1599,1599,Online,Online
3337,2025-05-23,SKU-1237,106,1,749,749,Online,Online
3338,2025-12-07,SKU-1328,179,1,429,429,Los Angeles Grove,In-Store
3339,2024-09-04,SKU-1184,409,1,649,649,San Francisco Union Square,In-Store
3340,2025-03-16,SKU-1208,47,1,699,699,Online,In-Store
3341,2025-10-28,SKU-1115,172,1,1499,1499,Miami Dadeland,In-Store
3342,2024-07-09,SKU-1059,183,1,1499,1499,Online,In-Store
3343,2025-02-06,SKU-1025,490,1,1199,1199,Seattle University Village,Online
3344,2024-09-02,SKU-1033,242,1,1299,1299,Los Angeles Grove,Online
3345,2025-03-07,SKU-1303,393,1,1549,1549,San Francisco Union Square,Online
3346,2024-06-30,SKU-1085,267,1,1699,1699,Online,In-Store
3347,2025-11-30,SKU-1063,212,1,1499,1499,Online,In-Store
3348,2024-11-27,SKU-1207,325,1,549,549,Boston Boylston,Online
3349,2024-11-02,SKU-1310,210,1,1799,1799,Miami Dadeland,Online
3350,2024-07-12,SKU-1093,343,1,699,699,Chicago Michigan Ave,Online
3351,2024-09-27,SKU-1140,74,1,2999,2999,Los Angeles Grove,Online
3352,2024-04-14,SKU-1033,135,2,1299,2598,San Francisco Union Square,In-Store
3353,2025-08-15,SKU-1117,118,1,1899,1899,Chicago Michigan Ave,In-Store
3354,2025-08-11,SKU-1333,409,1,399,399,Online,Online
3355,2025-11-06,SKU-1064,441,1,1499,1499,San Francisco Union Square,In-Store
3356,2024-06-26,SKU-1330,259,1,649,649,Chicago Michigan Ave,In-Store
3357,2024-10-03,SKU-1338,447,1,649,649,Online,In-Store
3358,2024-12-02,SKU-1027,276,1,1199,1199,Austin Domain,Online
3359,2024-09-29,SKU-1299,455,1,1449,1449,Online,In-Store
3360,2025-07-27,SKU-1105,62,1,799,799,Austin Domain,In-Store
3361,2024-02-05,SKU-1296,104,1,1599,1599,Online,Online
3362,2024-03-07,SKU-1149,260,1,4699,4699,Los Angeles Grove,Online
3363,2025-06-08,SKU-1111,114,1,1299,1299,Austin Domain,Online
3364,2024-01-15,SKU-1070,425,1,1599,1599,Online,Online
3365,2024-04-25,SKU-1002,483,1,999,999,Dallas NorthPark,Online
3366,2024-01-24,SKU-1291,96,2,1499,2998,Chicago Michigan Ave,Online
3367,2024-02-10,SKU-1086,474,1,1699,1699,Online,In-Store
3368,2024-03-28,SKU-1042,313,2,1399,2798,Online,In-Store
3369,2024-10-01,SKU-1115,389,1,1499,1499,Online,Online
3370,2025-08-28,SKU-1241,430,1,749,749,Seattle University Village,Online
3371,2024-09-02,SKU-1053,431,1,1499,1499,Chicago Michigan Ave,Online
3372,2024-11-12,SKU-1206,51,1,699,699,Dallas NorthPark,In-Store
3373,2025-04-21,SKU-1035,15,1,1299,1299,Chicago Michigan Ave,In-Store
3374,2024-09-18,SKU-1130,444,1,1699,1699,Dallas NorthPark,Online
3375,2025-05-22,SKU-1045,432,1,1399,1399,Online,Online
3376,2025-12-11,SKU-1072,331,1,1599,1599,Seattle University Village,Online
3377,2025-09-28,SKU-1024,27,1,1199,1199,Online,Online
3378,2025-01-25,SKU-1166,111,1,499,499,Online,Online
3379,2025-10-30,SKU-1175,87,1,499,499,Online,In-Store
3380,2024-12-09,SKU-1271,400,1,1249,1249,Austin Domain,Online
3381,2024-03-12,SKU-1281,293,1,1349,1349,Online,Online
3382,2024-12-13,SKU-1173,239,1,499,499,Los Angeles Grove,Online
3383,2024-05-19,SKU-1014,171,1,1099,1099,Dallas NorthPark,In-Store
3384,2024-08-09,SKU-1003,316,1,999,999,Los Angeles Grove,Online
3385,2024-06-24,SKU-1271,83,1,1249,1249,Online,Online
3386,2025-06-05,SKU-1285,242,1,1499,1499,Boston Boylston,In-Store
3387,2024-01-26,SKU-1144,412,1,3399,3399,Miami Dadeland,Online
3388,2025-02-21,SKU-1331,406,1,649,649,Online,Online
3389,2024-03-11,SKU-1184,243,1,649,649,Miami Dadeland,Online
3390,2024-05-28,SKU-1076,423,1,1599,1599,Online,Online
3391,2024-05-14,SKU-1304,95,2,1699,3398,Online,Online
3392,2024-07-04,SKU-1099,110,1,699,699,Boston Boylston,Online
3393,2025-11-11,SKU-1020,374,2,1199,2398,Online,Online
3394,2025-04-30,SKU-1256,453,1,1099,1099,Online,In-Store
3395,2025-10-18,SKU-1051,321,1,1499,1499,Online,Online
3396,2024-03-21,SKU-1331,334,1,649,649,Los Angeles Grove,In-Store
3397,2025-11-24,SKU-1247,69,1,849,849,Online,Online
3398,2024-12-25,SKU-1235,58,1,649,649,Online,Online
3399,2024-11-23,SKU-1026,490,1,1199,1199,Boston Boylston,In-Store
3400,2025-03-16,SKU-1297,277,1,1449,1449,Boston Boylston,In-Store
3401,2025-07-02,SKU-1240,454,1,899,899,New York 5th Ave,Online
3402,2025-06-10,SKU-1106,346,2,799,1598,New York 5th Ave,Online
3403,2024-01-10,SKU-1094,257,1,699,699,Chicago Michigan Ave,Online
3404,2024-08-24,SKU-1064,225,1,1499,1499,Miami Dadeland,In-Store
3405,2025-08-08,SKU-1022,17,1,1199,1199,Los Angeles Grove,In-Store
3406,2024-11-03,SKU-1183,23,1,499,499,Online,In-Store
3407,2024-07-25,SKU-1249,202,1,849,849,San Francisco Union Square,In-Store
3408,2024-11-29,SKU-1031,118,1,1299,1299,Online,Online
3409,2024-02-10,SKU-1108,259,1,799,799,Online,Online
3410,2024-10-07,SKU-1349,222,1,799,799,Online,In-Store
3411,2024-06-19,SKU-1002,103,1,999,999,Austin Domain,Online
3412,2024-01-15,SKU-1338,184,1,649,649,Boston Boylston,Online
3413,2024-03-03,SKU-1051,11,1,1499,1499,Online,Online
3414,2025-02-16,SKU-1062,233,1,1499,1499,Online,Online
3415,2025-08-08,SKU-1001,394,1,999,999,Austin Domain,In-Store
3416,2024-01-03,SKU-1030,12,1,1299,1299,Chicago Michigan Ave,In-Store
3417,2025-10-04,SKU-1023,78,1,1199,1199,Miami Dadeland,Online
3418,2025-08-18,SKU-1143,345,2,3199,6398,Chicago Michigan Ave,In-Store
3419,2025-09-24,SKU-1250,23,1,999,999,Online,Online
3420,2024-03-25,SKU-1252,483,1,999,999,Miami Dadeland,In-Store
3421,2025-02-01,SKU-1106,126,3,799,2397,Online,Online
3422,2025-08-26,SKU-1196,264,1,749,749,Online,Online
3423,2024-09-07,SKU-1108,488,2,799,1598,New York 5th Ave,In-Store
3424,2024-04-04,SKU-1165,340,1,349,349,San Francisco Union Square,In-Store
3425,2024-05-24,SKU-1236,389,1,799,799,Chicago Michigan Ave,In-Store
3426,2025-10-13,SKU-1037,134,1,1299,1299,Miami Dadeland,In-Store
3427,2024-09-01,SKU-1017,143,1,1099,1099,New York 5th Ave,Online
3428,2025-09-13,SKU-1080,306,2,1699,3398,Online,In-Store
3429,2025-03-18,SKU-1240,227,2,899,1798,Online,Online
3430,2025-10-21,SKU-1014,370,1,1099,1099,Online,Online
3431,2025-12-06,SKU-1268,260,2,1299,2598,Online,Online
3432,2024-10-22,SKU-1055,496,1,1499,1499,Online,In-Store
3433,2024-12-20,SKU-1097,257,1,699,699,Boston Boylston,Online
3434,2025-04-23,SKU-1234,117,2,799,1598,Austin Domain,Online
3435,2024-06-12,SKU-1351,487,1,849,849,Boston Boylston,Online
3436,2024-03-30,SKU-1118,82,1,1499,1499,San Francisco Union Square,In-Store
3437,2025-12-19,SKU-1180,170,1,649,649,Online,Online
3438,2024-06-29,SKU-1104,403,1,799,799,San Francisco Union Square,Online
3439,2025-02-11,SKU-1182,59,1,649,649,Boston Boylston,Online
3440,2024-09-27,SKU-1198,219,1,849,849,New York 5th Ave,Online
3441,2024-05-26,SKU-1031,235,1,1299,1299,Online,Online
3442,2024-07-24,SKU-1313,463,2,1649,3298,Online,In-Store
3443,2024-12-25,SKU-1332,46,1,629,629,Online,In-Store
3444,2025-01-18,SKU-1065,6,1,1499,1499,Los Angeles Grove,Online
3445,2024-09-21,SKU-1260,160,1,1099,1099,Online,Online
3446,2024-05-27,SKU-1311,226,1,1649,1649,New York 5th Ave,Online
3447,2024-01-26,SKU-1211,55,1,549,549,San Francisco Union Square,Online
3448,2025-10-02,SKU-1001,105,1,999,999,Dallas NorthPark,Online
3449,2024-12-24,SKU-1299,286,1,1449,1449,Dallas NorthPark,Online
3450,2024-06-16,SKU-1360,482,1,549,549,Online,Online
3451,2025-11-15,SKU-1230,488,1,799,799,Online,Online
3452,2025-03-04,SKU-1000,361,1,999,999,Miami Dadeland,In-Store
3453,2024-06-05,SKU-1335,439,1,449,449,Online,In-Store
3454,2025-03-28,SKU-1345,453,1,249,249,Dallas NorthPark,In-Store
3455,2024-10-03,SKU-1110,405,2,1099,2198,San Francisco Union Square,Online
3456,2025-08-15,SKU-1292,31,1,1649,1649,San Francisco Union Square,Online
3457,2024-04-21,SKU-1009,413,3,999,2997,Los Angeles Grove,Online
3458,2024-05-29,SKU-1136,65,1,2799,2799,Online,In-Store
3459,2024-11-10,SKU-1285,372,1,1499,1499,New York 5th Ave,In-Store
3460,2024-04-23,SKU-1094,78,1,699,699,Online,In-Store
3461,2024-12-30,SKU-1107,84,1,799,799,Online,In-Store
3462,2025-11-06,SKU-1042,354,2,1399,2798,Online,Online
3463,2024-04-13,SKU-1288,344,1,1649,1649,Seattle University Village,Online
3464,2025-06-27,SKU-1048,76,1,1399,1399,Los Angeles Grove,Online
3465,2024-08-18,SKU-1225,173,1,749,749,Seattle University Village,In-Store
3466,2024-07-02,SKU-1147,371,2,4499,8998,Online,Online
3467,2024-01-24,SKU-1191,208,1,599,599,New York 5th Ave,In-Store
3468,2024-04-13,SKU-1004,23,1,999,999,Online,Online
3469,2025-11-03,SKU-1313,384,1,1649,1649,Online,In-Store
3470,2024-05-01,SKU-1046,363,2,1399,2798,New York 5th Ave,Online
3471,2024-01-05,SKU-1257,422,1,949,949,Dallas NorthPark,Online
3472,2025-06-01,SKU-1025,198,1,1199,1199,Online,Online
3473,2024-07-25,SKU-1040,54,3,1399,4197,San Francisco Union Square,In-Store
3474,2024-02-20,SKU-1194,42,1,749,749,Online,Online
3475,2025-05-01,SKU-1338,417,1,649,649,Online,Online
3476,2025-08-26,SKU-1234,422,1,799,799,Los Angeles Grove,In-Store
3477,2024-04-17,SKU-1103,453,1,799,799,San Francisco Union Square,Online
3478,2024-12-29,SKU-1333,351,1,399,399,Seattle University Village,In-Store
3479,2024-09-21,SKU-1358,51,1,549,549,Chicago Michigan Ave,Online
3480,2025-06-20,SKU-1354,169,1,179,179,Boston Boylston,In-Store
3481,2025-03-24,SKU-1209,175,1,549,549,Online,Online
3482,2024-06-19,SKU-1241,286,1,749,749,Chicago Michigan Ave,In-Store
3483,2025-04-27,SKU-1111,71,1,1299,1299,Austin Domain,In-Store
3484,2024-04-24,SKU-1014,485,1,1099,1099,New York 5th Ave,Online
3485,2025-09-22,SKU-1177,241,1,499,499,Dallas NorthPark,Online
3486,2025-08-25,SKU-1319,325,1,1799,1799,Dallas NorthPark,Online
3487,2024-07-21,SKU-1140,249,1,2999,2999,Online,Online
3488,2024-04-18,SKU-1113,461,1,1699,1699,Boston Boylston,Online
3489,2025-07-16,SKU-1071,188,1,1599,1599,Austin Domain,Online
3490,2024-06-22,SKU-1351,334,1,849,849,Online,In-Store
3491,2024-08-06,SKU-1048,449,1,1399,1399,New York 5th Ave,Online
3492,2025-08-22,SKU-1351,20,1,849,849,Austin Domain,Online
3493,2024-12-26,SKU-1226,434,1,899,899,New York 5th Ave,Online
3494,2025-03-29,SKU-1129,350,1,2099,2099,Seattle University Village,Online
3495,2025-08-14,SKU-1205,436,1,549,549,Dallas NorthPark,In-Store
3496,2024-05-25,SKU-1237,46,2,749,1498,Online,In-Store
3497,2024-05-28,SKU-1296,199,2,1599,3198,Online,Online
3498,2024-02-17,SKU-1002,482,1,999,999,Dallas NorthPark,In-Store
3499,2024-06-09,SKU-1266,145,2,1299,2598,Miami Dadeland,In-Store
3500,2024-08-15,SKU-1236,296,1,799,799,Online,Online
3501,2024-01-25,SKU-1073,6,1,1599,1599,Online,Online
3502,2024-03-17,SKU-1106,417,1,799,799,Online,In-Store
3503,2024-03-13,SKU-1011,194,1,1099,1099,Los Angeles Grove,Online
3504,2025-02-01,SKU-1283,358,1,1349,1349,Online,In-Store
3505,2025-09-21,SKU-1061,442,1,1499,1499,Online,Online
3506,2024-01-18,SKU-1022,420,1,1199,1199,Online,In-Store
3507,2024-06-08,SKU-1327,252,1,449,449,Los Angeles Grove,In-Store
3508,2024-05-05,SKU-1275,164,2,1249,2498,Los Angeles Grove,In-Store
3509,2024-04-23,SKU-1080,71,1,1699,1699,Chicago Michigan Ave,Online
3510,2024-04-10,SKU-1114,69,1,1299,1299,Online,Online
3511,2024-12-15,SKU-1181,186,1,499,499,Online,Online
3512,2025-11-18,SKU-1338,416,1,649,649,San Francisco Union Square,Online
3513,2024-10-29,SKU-1253,403,1,949,949,Online,In-Store
3514,2024-10-13,SKU-1298,217,1,1599,1599,Austin Domain,Online
3515,2024-04-14,SKU-1009,14,1,999,999,Los Angeles Grove,Online
3516,2025-01-28,SKU-1146,413,1,4299,4299,Online,In-Store
3517,2024-08-23,SKU-1168,247,1,499,499,Seattle University Village,Online
3518,2024-08-21,SKU-1024,272,1,1199,1199,Online,Online
3519,2024-11-04,SKU-1110,258,1,1099,1099,Miami Dadeland,In-Store
3520,2024-06-14,SKU-1227,289,1,749,749,Online,Online
3521,2025-02-16,SKU-1260,76,1,1099,1099,Boston Boylston,Online
3522,2024-02-16,SKU-1157,230,1,799,799,New York 5th Ave,Online
3523,2025-01-21,SKU-1002,350,1,999,999,Online,Online
3524,2024-07-30,SKU-1016,483,1,1099,1099,Online,In-Store
3525,2025-03-03,SKU-1349,355,1,799,799,Online,In-Store
3526,2025-05-31,SKU-1054,428,1,1499,1499,Los Angeles Grove,Online
3527,2024-09-26,SKU-1320,265,1,1949,1949,Boston Boylston,Online
3528,2024-06-29,SKU-1098,30,1,699,699,Seattle University Village,In-Store
3529,2024-12-21,SKU-1271,404,1,1249,1249,Online,Online
3530,2025-04-30,SKU-1294,103,1,1599,1599,Chicago Michigan Ave,In-Store
3531,2025-04-05,SKU-1345,220,1,249,249,Dallas NorthPark,In-Store
3532,2024-11-25,SKU-1078,211,1,1599,1599,New York 5th Ave,In-Store
3533,2025-05-26,SKU-1146,364,2,4299,8598,Online,Online
3534,2025-12-22,SKU-1108,442,1,799,799,Online,In-Store
3535,2024-07-04,SKU-1167,245,1,349,349,Online,Online
3536,2024-07-30,SKU-1296,93,1,1599,1599,Online,Online
3537,2024-04-15,SKU-1340,55,1,629,629,Austin Domain,In-Store
3538,2025-05-16,SKU-1293,219,1,1449,1449,San Francisco Union Square,In-Store
3539,2024-10-28,SKU-1026,81,1,1199,1199,San Francisco Union Square,Online
3540,2025-07-19,SKU-1028,207,1,1199,1199,Chicago Michigan Ave,Online
3541,2025-03-11,SKU-1093,490,2,699,1398,Chicago Michigan Ave,Online
3542,2024-01-31,SKU-1304,461,1,1699,1699,Online,Online
3543,2025-07-16,SKU-1347,8,1,299,299,Online,In-Store
3544,2024-10-02,SKU-1066,254,1,1499,1499,Miami Dadeland,Online
3545,2025-04-06,SKU-1175,238,2,499,998,Boston Boylston,In-Store
3546,2024-03-23,SKU-1331,205,1,649,649,Boston Boylston,Online
3547,2025-12-02,SKU-1271,6,2,1249,2498,Dallas NorthPark,Online
3548,2025-04-14,SKU-1049,94,1,1399,1399,Online,Online
3549,2025-03-27,SKU-1188,82,2,649,1298,Chicago Michigan Ave,In-Store
3550,2025-07-22,SKU-1108,3,1,799,799,Chicago Michigan Ave,In-Store
3551,2024-11-28,SKU-1008,134,1,999,999,Online,In-Store
3552,2025-07-17,SKU-1203,167,1,699,699,Online,In-Store
3553,2025-04-18,SKU-1254,359,1,1099,1099,Online,In-Store
3554,2024-06-12,SKU-1044,459,2,1399,2798,Chicago Michigan Ave,In-Store
3555,2024-11-01,SKU-1055,500,1,1499,1499,Austin Domain,In-Store
3556,2025-03-05,SKU-1014,232,1,1099,1099,New York 5th Ave,Online
3557,2025-07-20,SKU-1042,330,2,1399,2798,Online,In-Store
3558,2025-10-03,SKU-1192,301,1,749,749,Online,Online
3559,2025-03-21,SKU-1000,155,2,999,1998,Miami Dadeland,Online
3560,2025-02-26,SKU-1143,434,1,3199,3199,Boston Boylston,Online
3561,2024-04-15,SKU-1174,290,1,649,649,Dallas NorthPark,In-Store
3562,2024-03-20,SKU-1195,463,1,599,599,Online,In-Store
3563,2025-09-26,SKU-1074,17,1,1599,1599,Online,Online
3564,2024-06-26,SKU-1327,461,1,449,449,Online,In-Store
3565,2024-06-20,SKU-1061,126,1,1499,1499,Online,Online
3566,2024-12-05,SKU-1284,177,2,1499,2998,Miami Dadeland,Online
3567,2024-12-11,SKU-1204,146,1,849,849,Online,In-Store
3568,2025-02-18,SKU-1321,298,1,1799,1799,Los Angeles Grove,In-Store
3569,2024-08-01,SKU-1180,320,1,649,649,Online,In-Store
3570,2024-09-09,SKU-1048,202,1,1399,1399,Boston Boylston,In-Store
3571,2024-01-28,SKU-1032,178,1,1299,1299,Chicago Michigan Ave,In-Store
3572,2024-05-09,SKU-1360,426,1,549,549,Dallas NorthPark,Online
3573,2025-08-16,SKU-1067,30,1,1499,1499,New York 5th Ave,Online
3574,2025-09-18,SKU-1196,308,1,749,749,San Francisco Union Square,In-Store
3575,2025-05-23,SKU-1029,206,1,1199,1199,Online,Online
3576,2024-06-12,SKU-1077,34,1,1599,1599,Boston Boylston,Online
3577,2025-10-18,SKU-1195,48,2,599,1198,Chicago Michigan Ave,In-Store
3578,2024-04-10,SKU-1085,301,3,1699,5097,Online,Online
3579,2025-05-08,SKU-1018,191,1,1099,1099,Online,Online
3580,2024-10-07,SKU-1340,243,2,629,1258,Online,In-Store
3581,2024-09-14,SKU-1152,197,2,799,1598,Online,In-Store
3582,2025-03-11,SKU-1239,62,2,749,1498,New York 5th Ave,In-Store
3583,2024-06-11,SKU-1006,338,1,999,999,Austin Domain,Online
3584,2024-10-03,SKU-1066,32,2,1499,2998,Online,In-Store
3585,2024-12-05,SKU-1015,182,1,1099,1099,Online,Online
3586,2024-04-12,SKU-1052,298,1,1499,1499,San Francisco Union Square,Online
3587,2025-03-28,SKU-1224,249,1,899,899,Boston Boylston,Online
3588,2024-05-09,SKU-1034,192,1,1299,1299,Seattle University Village,Online
3589,2025-05-28,SKU-1032,280,3,1299,3897,Online,In-Store
3590,2025-12-18,SKU-1209,478,1,549,549,Chicago Michigan Ave,Online
3591,2024-01-08,SKU-1044,155,2,1399,2798,Austin Domain,Online
3592,2025-01-26,SKU-1010,425,1,1099,1099,Chicago Michigan Ave,In-Store
3593,2025-08-26,SKU-1314,302,1,1799,1799,Dallas NorthPark,Online
3594,2024-02-28,SKU-1023,85,2,1199,2398,Online,In-Store
3595,2024-10-08,SKU-1224,30,2,899,1798,Boston Boylston,Online
3596,2025-06-23,SKU-1148,272,1,4899,4899,Online,In-Store
3597,2025-12-17,SKU-1042,224,1,1399,1399,Seattle University Village,Online
3598,2025-06-04,SKU-1100,137,1,799,799,New York 5th Ave,Online
3599,2024-11-08,SKU-1190,474,1,749,749,Online,In-Store
3600,2024-03-23,SKU-1311,403,1,1649,1649,Chicago Michigan Ave,Online
3601,2024-12-24,SKU-1039,5,1,1299,1299,Austin Domain,Online
3602,2025-10-12,SKU-1087,208,1,1699,1699,Online,In-Store
3603,2025-02-25,SKU-1074,97,1,1599,1599,Chicago Michigan Ave,Online
3604,2024-06-22,SKU-1044,406,1,1399,1399,Online,In-Store
3605,2024-06-28,SKU-1021,305,1,1199,1199,Online,Online
3606,2024-06-23,SKU-1239,426,1,749,749,Seattle University Village,Online
3607,2024-12-16,SKU-1102,424,1,799,799,Miami Dadeland,In-Store
3608,2024-03-09,SKU-1090,245,1,699,699,Miami Dadeland,In-Store
3609,2024-03-17,SKU-1004,26,1,999,999,Austin Domain,Online
3610,2024-07-24,SKU-1054,276,1,1499,1499,San Francisco Union Square,Online
3611,2024-03-29,SKU-1074,487,1,1599,1599,Chicago Michigan Ave,Online
3612,2024-01-22,SKU-1001,478,1,999,999,Chicago Michigan Ave,Online
3613,2024-10-14,SKU-1221,205,1,749,749,Online,In-Store
3614,2025-04-30,SKU-1104,500,1,799,799,New York 5th Ave,Online
3615,2025-12-31,SKU-1070,481,1,1599,1599,Online,Online
3616,2024-07-23,SKU-1081,139,1,1699,1699,New York 5th Ave,Online
3617,2024-08-16,SKU-1106,345,1,799,799,Online,In-Store
3618,2024-04-27,SKU-1316,7,1,1799,1799,San Francisco Union Square,In-Store
3619,2025-03-21,SKU-1064,154,1,1499,1499,Online,Online
3620,2024-10-21,SKU-1024,60,1,1199,1199,Boston Boylston,Online
3621,2025-02-01,SKU-1044,268,1,1399,1399,Online,In-Store
3622,2025-03-08,SKU-1319,440,1,1799,1799,Seattle University Village,In-Store
3623,2024-02-16,SKU-1199,420,1,699,699,Online,Online
3624,2024-12-14,SKU-1017,52,1,1099,1099,Los Angeles Grove,Online
3625,2025-05-21,SKU-1360,318,1,549,549,San Francisco Union Square,Online
3626,2024-06-21,SKU-1074,147,1,1599,1599,Chicago Michigan Ave,Online
3627,2025-05-23,SKU-1066,87,1,1499,1499,Online,Online
3628,2025-05-28,SKU-1272,422,1,1399,1399,New York 5th Ave,Online
3629,2024-06-18,SKU-1185,184,3,499,1497,Boston Boylston,In-Store
3630,2024-05-20,SKU-1092,215,1,699,699,Chicago Michigan Ave,Online
3631,2025-06-12,SKU-1234,223,1,799,799,Austin Domain,Online
3632,2024-01-04,SKU-1219,305,3,649,1947,Online,Online
3633,2025-05-08,SKU-1084,380,2,1699,3398,Dallas NorthPark,Online
3634,2024-11-24,SKU-1097,400,1,699,699,Chicago Michigan Ave,Online
3635,2024-08-13,SKU-1279,245,1,1349,1349,Chicago Michigan Ave,Online
3636,2025-10-25,SKU-1106,326,1,799,799,New York 5th Ave,Online
3637,2025-06-19,SKU-1055,135,1,1499,1499,Online,Online
3638,2025-07-09,SKU-1098,386,1,699,699,New York 5th Ave,In-Store
3639,2024-09-19,SKU-1303,459,2,1549,3098,New York 5th Ave,Online
3640,2024-08-27,SKU-1230,207,1,799,799,Chicago Michigan Ave,In-Store
3641,2025-11-05,SKU-1348,153,1,279,279,Boston Boylston,Online
3642,2025-09-15,SKU-1092,293,1,699,699,Online,Online
3643,2024-06-19,SKU-1117,296,2,1899,3798,Miami Dadeland,Online
3644,2025-12-15,SKU-1158,233,1,1099,1099,San Francisco Union Square,In-Store
3645,2024-08-29,SKU-1096,187,1,699,699,New York 5th Ave,In-Store
3646,2024-08-21,SKU-1008,362,2,999,1998,Online,Online
3647,2024-08-04,SKU-1105,14,1,799,799,New York 5th Ave,In-Store
3648,2025-02-18,SKU-1224,242,1,899,899,Seattle University Village,In-Store
3649,2024-07-06,SKU-1029,377,2,1199,2398,Online,Online
3650,2025-10-19,SKU-1304,144,2,1699,3398,Austin Domain,In-Store
3651,2025-10-24,SKU-1268,260,1,1299,1299,New York 5th Ave,Online
3652,2024-02-17,SKU-1263,199,1,1149,1149,Los Angeles Grove,Online
3653,2024-06-22,SKU-1103,357,1,799,799,Los Angeles Grove,In-Store
3654,2025-02-13,SKU-1300,13,1,1599,1599,Austin Domain,Online
3655,2024-01-23,SKU-1359,433,1,549,549,Seattle University Village,Online
3656,2025-12-12,SKU-1034,234,1,1299,1299,Online,In-Store
3657,2024-03-20,SKU-1181,280,1,499,499,Boston Boylston,In-Store
3658,2024-07-29,SKU-1111,96,1,1299,1299,Miami Dadeland,In-Store
3659,2025-11-23,SKU-1100,459,1,799,799,Boston Boylston,Online
3660,2024-06-30,SKU-1340,393,1,629,629,Miami Dadeland,In-Store
3661,2025-07-03,SKU-1019,477,3,1099,3297,Online,Online
3662,2024-07-27,SKU-1038,396,1,1299,1299,Miami Dadeland,Online
3663,2024-01-07,SKU-1120,274,2,1899,3798,New York 5th Ave,In-Store
3664,2025-08-24,SKU-1201,150,1,699,699,Online,Online
3665,2025-11-11,SKU-1237,121,1,749,749,Dallas NorthPark,Online
3666,2024-11-05,SKU-1268,352,2,1299,2598,Dallas NorthPark,In-Store
3667,2025-08-02,SKU-1004,313,1,999,999,Dallas NorthPark,Online
3668,2024-03-06,SKU-1359,316,1,549,549,Online,Online
3669,2025-09-13,SKU-1047,272,1,1399,1399,Online,In-Store
3670,2024-10-11,SKU-1057,338,2,1499,2998,Austin Domain,In-Store
3671,2025-12-11,SKU-1237,348,1,749,749,Miami Dadeland,Online
3672,2025-04-27,SKU-1249,258,1,849,849,Miami Dadeland,Online
3673,2024-10-04,SKU-1211,340,2,549,1098,Online,Online
3674,2024-02-23,SKU-1315,53,1,1649,1649,Online,In-Store
3675,2025-11-04,SKU-1314,73,1,1799,1799,Boston Boylston,In-Store
3676,2025-04-04,SKU-1023,397,1,1199,1199,Online,Online
3677,2025-02-26,SKU-1337,323,3,599,1797,Online,Online
3678,2025-10-06,SKU-1011,277,1,1099,1099,Online,In-Store
3679,2025-04-10,SKU-1308,82,2,1699,3398,New York 5th Ave,Online
3680,2024-06-27,SKU-1197,334,1,699,699,Boston Boylston,Online
3681,2024-01-31,SKU-1074,339,1,1599,1599,Miami Dadeland,Online
3682,2024-12-13,SKU-1157,488,1,799,799,Chicago Michigan Ave,In-Store
3683,2024-03-18,SKU-1126,215,1,1499,1499,Chicago Michigan Ave,Online
3684,2025-09-06,SKU-1194,453,1,749,749,Boston Boylston,In-Store
3685,2025-02-05,SKU-1042,68,1,1399,1399,Online,Online
3686,2025-10-01,SKU-1033,62,1,1299,1299,New York 5th Ave,In-Store
3687,2025-03-07,SKU-1282,100,3,1499,4497,Seattle University Village,In-Store
3688,2025-09-01,SKU-1069,196,1,1499,1499,San Francisco Union Square,Online
3689,2025-11-27,SKU-1063,421,3,1499,4497,Boston Boylston,In-Store
3690,2024-10-29,SKU-1020,415,1,1199,1199,Seattle University Village,In-Store
3691,2025-01-17,SKU-1074,111,1,1599,1599,New York 5th Ave,Online
3692,2024-08-16,SKU-1022,235,2,1199,2398,Online,Online
3693,2025-04-07,SKU-1177,208,1,499,499,Miami Dadeland,In-Store
3694,2025-10-26,SKU-1014,390,1,1099,1099,New York 5th Ave,Online
3695,2024-11-21,SKU-1261,69,1,1149,1149,Miami Dadeland,In-Store
3696,2024-08-15,SKU-1076,358,1,1599,1599,Austin Domain,Online
3697,2025-03-26,SKU-1261,405,1,1149,1149,Online,In-Store
3698,2025-02-13,SKU-1230,424,3,799,2397,Seattle University Village,In-Store
3699,2024-05-01,SKU-1321,181,1,1799,1799,Boston Boylston,In-Store
3700,2025-01-13,SKU-1360,142,1,549,549,Dallas NorthPark,Online
3701,2024-05-10,SKU-1037,119,1,1299,1299,New York 5th Ave,Online
3702,2025-10-01,SKU-1283,497,1,1349,1349,Chicago Michigan Ave,Online
3703,2024-11-13,SKU-1018,291,1,1099,1099,Miami Dadeland,In-Store
3704,2024-06-27,SKU-1303,70,1,1549,1549,Austin Domain,In-Store
3705,2024-07-07,SKU-1046,85,1,1399,1399,Dallas NorthPark,In-Store
3706,2025-02-11,SKU-1032,38,1,1299,1299,Dallas NorthPark,In-Store
3707,2024-07-12,SKU-1184,457,1,649,649,Online,In-Store
3708,2025-09-07,SKU-1193,337,2,599,1198,Miami Dadeland,In-Store
3709,2025-07-15,SKU-1254,127,1,1099,1099,Online,In-Store
3710,2025-02-13,SKU-1253,285,2,949,1898,Los Angeles Grove,In-Store
3711,2025-03-20,SKU-1116,7,1,1699,1699,Online,Online
3712,2024-09-14,SKU-1166,459,1,499,499,San Francisco Union Square,Online
3713,2024-07-13,SKU-1081,500,1,1699,1699,Austin Domain,Online
3714,2024-01-31,SKU-1358,3,1,549,549,Boston Boylston,Online
3715,2025-12-16,SKU-1012,239,3,1099,3297,Boston Boylston,Online
3716,2024-03-09,SKU-1204,490,1,849,849,Austin Domain,In-Store
3717,2024-10-18,SKU-1222,375,2,899,1798,Dallas NorthPark,Online
3718,2025-06-12,SKU-1074,416,1,1599,1599,Chicago Michigan Ave,Online
3719,2025-04-26,SKU-1322,68,1,1949,1949,Online,In-Store
3720,2025-11-18,SKU-1108,197,1,799,799,Online,In-Store
3721,2024-10-30,SKU-1225,466,1,749,749,Online,In-Store
3722,2025-06-15,SKU-1242,94,1,899,899,Online,In-Store
3723,2025-03-12,SKU-1007,220,2,999,1998,San Francisco Union Square,In-Store
3724,2025-09-27,SKU-1206,206,1,699,699,Online,In-Store
3725,2025-07-12,SKU-1338,472,1,649,649,Dallas NorthPark,In-Store
3726,2025-02-15,SKU-1217,274,2,649,1298,Online,Online
3727,2025-10-05,SKU-1130,479,1,1699,1699,Online,In-Store
3728,2025-03-16,SKU-1102,293,2,799,1598,Online,Online
3729,2025-10-19,SKU-1262,494,1,1299,1299,Austin Domain,In-Store
3730,2024-11-10,SKU-1001,252,1,999,999,Online,In-Store
3731,2025-11-03,SKU-1079,100,2,1599,3198,Los Angeles Grove,In-Store
3732,2024-02-23,SKU-1301,255,1,1549,1549,Los Angeles Grove,Online
3733,2024-12-24,SKU-1042,32,1,1399,1399,Online,Online
3734,2024-02-16,SKU-1187,76,1,499,499,Seattle University Village,In-Store
3735,2024-03-13,SKU-1257,303,1,949,949,Online,Online
3736,2024-11-01,SKU-1052,375,1,1499,1499,Online,Online
3737,2025-04-04,SKU-1359,147,1,549,549,Chicago Michigan Ave,Online
3738,2025-03-30,SKU-1067,384,1,1499,1499,Dallas NorthPark,Online
3739,2024-03-08,SKU-1032,473,1,1299,1299,Dallas NorthPark,Online
3740,2024-03-19,SKU-1295,399,1,1449,1449,Austin Domain,Online
3741,2025-12-05,SKU-1128,286,1,1899,1899,Miami Dadeland,In-Store
3742,2025-11-04,SKU-1022,86,1,1199,1199,Miami Dadeland,In-Store
3743,2024-07-16,SKU-1019,498,1,1099,1099,Online,In-Store
3744,2025-06-05,SKU-1018,1,1,1099,1099,Online,Online
3745,2024-04-07,SKU-1019,165,1,1099,1099,Boston Boylston,Online
3746,2025-02-05,SKU-1067,343,1,1499,1499,Online,In-Store
3747,2025-10-24,SKU-1029,252,1,1199,1199,Miami Dadeland,Online
3748,2024-01-13,SKU-1071,368,1,1599,1599,Online,In-Store
3749,2024-01-19,SKU-1029,390,1,1199,1199,Online,In-Store
3750,2024-03-24,SKU-1243,412,1,749,749,Chicago Michigan Ave,In-Store
3751,2024-06-13,SKU-1192,393,1,749,749,Dallas NorthPark,In-Store
3752,2025-07-11,SKU-1059,284,1,1499,1499,New York 5th Ave,In-Store
3753,2024-01-22,SKU-1209,338,1,549,549,New York 5th Ave,Online
3754,2025-09-14,SKU-1037,358,1,1299,1299,Online,In-Store
3755,2025-12-27,SKU-1095,308,1,699,699,Online,Online
3756,2024-05-15,SKU-1059,103,1,1499,1499,Online,Online
3757,2024-01-22,SKU-1356,258,1,279,279,Boston Boylston,In-Store
3758,2025-05-14,SKU-1264,22,1,1299,1299,Los Angeles Grove,In-Store
3759,2024-02-13,SKU-1180,306,3,649,1947,Online,In-Store
3760,2025-09-21,SKU-1245,48,1,849,849,Chicago Michigan Ave,In-Store
3761,2024-10-15,SKU-1235,444,2,649,1298,Online,Online
3762,2025-02-03,SKU-1230,194,2,799,1598,Online,Online
3763,2024-02-18,SKU-1068,176,1,1499,1499,Online,Online
3764,2025-08-31,SKU-1046,336,1,1399,1399,New York 5th Ave,Online
3765,2024-06-11,SKU-1118,76,1,1499,1499,Online,Online
3766,2025-05-02,SKU-1324,245,1,1949,1949,Dallas NorthPark,Online
3767,2025-12-15,SKU-1069,491,1,1499,1499,Austin Domain,In-Store
3768,2024-05-20,SKU-1230,471,1,799,799,San Francisco Union Square,Online
3769,2025-02-03,SKU-1111,382,1,1299,1299,Online,In-Store
3770,2024-10-05,SKU-1084,216,1,1699,1699,Boston Boylston,Online
3771,2025-02-21,SKU-1096,93,1,699,699,Online,In-Store
3772,2025-01-07,SKU-1187,119,2,499,998,Dallas NorthPark,Online
3773,2024-11-04,SKU-1095,9,1,699,699,Online,Online
3774,2024-08-09,SKU-1178,465,1,649,649,Online,Online
3775,2025-02-06,SKU-1082,122,1,1699,1699,Online,Online
3776,2024-02-15,SKU-1108,67,1,799,799,Austin Domain,In-Store
3777,2024-09-29,SKU-1021,429,1,1199,1199,Online,Online
3778,2025-08-23,SKU-1030,23,2,1299,2598,San Francisco Union Square,In-Store
3779,2025-10-16,SKU-1014,15,1,1099,1099,Online,Online
3780,2025-12-06,SKU-1200,103,1,849,849,Austin Domain,Online
3781,2025-09-03,SKU-1092,188,1,699,699,Online,Online
3782,2025-02-05,SKU-1217,22,1,649,649,Online,In-Store
3783,2025-04-19,SKU-1107,179,1,799,799,Boston Boylston,In-Store
3784,2024-09-20,SKU-1336,416,1,429,429,Online,In-Store
3785,2024-10-19,SKU-1343,383,1,299,299,Chicago Michigan Ave,In-Store
3786,2024-08-18,SKU-1236,264,2,799,1598,Online,In-Store
3787,2025-07-15,SKU-1210,305,1,699,699,New York 5th Ave,In-Store
3788,2024-10-16,SKU-1168,391,1,499,499,Online,In-Store
3789,2025-12-03,SKU-1039,190,1,1299,1299,Online,Online
3790,2025-02-21,SKU-1143,195,1,3199,3199,Online,In-Store
3791,2024-05-22,SKU-1101,159,1,799,799,Chicago Michigan Ave,Online
3792,2025-10-17,SKU-1002,79,1,999,999,Austin Domain,In-Store
3793,2024-12-27,SKU-1101,410,1,799,799,Dallas NorthPark,Online
3794,2024-07-22,SKU-1091,349,1,699,699,Online,Online
3795,2024-04-02,SKU-1230,217,1,799,799,Los Angeles Grove,Online
3796,2025-03-26,SKU-1105,293,1,799,799,Online,Online
3797,2024-09-08,SKU-1063,303,1,1499,1499,Online,Online
3798,2024-09-27,SKU-1066,375,1,1499,1499,Austin Domain,Online
3799,2025-04-23,SKU-1230,299,1,799,799,Online,In-Store
3800,2024-03-22,SKU-1030,389,2,1299,2598,San Francisco Union Square,Online
3801,2024-11-03,SKU-1187,434,1,499,499,Seattle University Village,In-Store
3802,2024-05-06,SKU-1107,284,1,799,799,Online,In-Store
3803,2025-10-04,SKU-1244,344,1,899,899,Chicago Michigan Ave,Online
3804,2025-04-24,SKU-1344,26,1,279,279,Austin Domain,In-Store
3805,2025-04-30,SKU-1359,411,1,549,549,Austin Domain,Online
3806,2025-10-19,SKU-1060,52,1,1499,1499,Chicago Michigan Ave,Online
3807,2024-09-04,SKU-1198,112,1,849,849,Online,In-Store
3808,2025-05-05,SKU-1234,109,1,799,799,Austin Domain,Online
3809,2024-10-23,SKU-1183,133,2,499,998,Online,In-Store
3810,2024-06-16,SKU-1331,418,1,649,649,New York 5th Ave,In-Store
3811,2025-08-30,SKU-1348,335,1,279,279,Online,Online
3812,2025-12-27,SKU-1130,82,1,1699,1699,Online,Online
3813,2024-05-19,SKU-1084,123,1,1699,1699,Seattle University Village,Online
3814,2024-01-01,SKU-1023,34,1,1199,1199,New York 5th Ave,Online
3815,2024-10-12,SKU-1264,151,1,1299,1299,Online,In-Store
3816,2025-08-28,SKU-1143,269,1,3199,3199,Online,In-Store
3817,2024-11-24,SKU-1280,442,1,1499,1499,Online,In-Store
3818,2025-02-02,SKU-1234,30,1,799,799,Boston Boylston,Online
3819,2025-09-29,SKU-1108,36,1,799,799,Online,In-Store
3820,2025-02-06,SKU-1031,404,1,1299,1299,Online,Online
3821,2025-03-18,SKU-1227,321,1,749,749,Seattle University Village,Online
3822,2025-04-23,SKU-1031,112,1,1299,1299,Online,Online
3823,2024-02-04,SKU-1316,489,1,1799,1799,New York 5th Ave,In-Store
3824,2025-03-29,SKU-1251,2,1,849,849,Online,Online
3825,2024-12-09,SKU-1059,315,1,1499,1499,Online,In-Store
3826,2024-10-21,SKU-1278,44,1,1499,1499,Seattle University Village,Online
3827,2024-02-24,SKU-1129,68,1,2099,2099,Boston Boylston,Online
3828,2025-04-29,SKU-1228,401,2,899,1798,Austin Domain,Online
3829,2025-01-15,SKU-1106,292,1,799,799,Boston Boylston,In-Store
3830,2024-02-10,SKU-1107,126,1,799,799,Seattle University Village,Online
3831,2025-10-11,SKU-1151,434,3,5299,15897,Austin Domain,In-Store
3832,2025-02-25,SKU-1315,374,1,1649,1649,Online,In-Store
3833,2025-10-23,SKU-1066,301,1,1499,1499,Online,Online
3834,2025-08-07,SKU-1054,348,1,1499,1499,Los Angeles Grove,In-Store
3835,2025-09-04,SKU-1173,405,1,499,499,Online,In-Store
3836,2025-08-26,SKU-1241,379,1,749,749,San Francisco Union Square,Online
3837,2025-09-03,SKU-1078,360,2,1599,3198,Miami Dadeland,Online
3838,2025-03-22,SKU-1290,152,1,1649,1649,Online,Online
3839,2025-01-25,SKU-1055,52,1,1499,1499,Online,Online
3840,2025-06-30,SKU-1175,413,1,499,499,San Francisco Union Square,In-Store
3841,2024-10-22,SKU-1326,288,1,449,449,Dallas NorthPark,Online
3842,2024-07-05,SKU-1004,351,1,999,999,New York 5th Ave,In-Store
3843,2024-05-20,SKU-1357,466,2,549,1098,Online,In-Store
3844,2025-05-24,SKU-1168,154,2,499,998,Online,In-Store
3845,2025-04-17,SKU-1212,383,1,699,699,Los Angeles Grove,Online
3846,2025-06-22,SKU-1300,73,1,1599,1599,Boston Boylston,Online
3847,2025-10-26,SKU-1115,248,1,1499,1499,Online,In-Store
3848,2025-02-01,SKU-1352,268,1,829,829,Online,In-Store
3849,2024-09-18,SKU-1357,295,1,549,549,San Francisco Union Square,Online
3850,2025-09-05,SKU-1126,275,3,1499,4497,Dallas NorthPark,In-Store
3851,2024-11-28,SKU-1097,264,1,699,699,New York 5th Ave,Online
3852,2025-01-31,SKU-1067,99,1,1499,1499,Boston Boylston,Online
3853,2025-03-31,SKU-1351,79,2,849,1698,Online,In-Store
3854,2025-08-10,SKU-1012,451,1,1099,1099,Online,Online
3855,2025-03-04,SKU-1099,166,1,699,699,Online,Online
3856,2024-10-11,SKU-1115,170,1,1499,1499,Los Angeles Grove,In-Store
3857,2025-01-02,SKU-1341,455,1,249,249,Los Angeles Grove,Online
3858,2025-03-17,SKU-1349,141,1,799,799,Online,Online
3859,2025-02-28,SKU-1165,414,1,349,349,Chicago Michigan Ave,Online
3860,2025-02-28,SKU-1232,196,1,799,799,Online,Online
3861,2024-11-05,SKU-1038,134,2,1299,2598,Online,Online
3862,2024-01-06,SKU-1202,74,2,849,1698,Miami Dadeland,In-Store
3863,2025-07-01,SKU-1050,219,1,1499,1499,Online,In-Store
3864,2024-02-12,SKU-1295,374,1,1449,1449,Online,Online
3865,2025-09-29,SKU-1061,153,1,1499,1499,Miami Dadeland,Online
3866,2025-02-25,SKU-1328,32,1,429,429,Online,In-Store
3867,2025-09-18,SKU-1082,377,1,1699,1699,Chicago Michigan Ave,Online
3868,2024-03-11,SKU-1201,109,2,699,1398,Online,In-Store
3869,2024-03-08,SKU-1190,422,1,749,749,San Francisco Union Square,In-Store
3870,2025-08-12,SKU-1308,450,2,1699,3398,Los Angeles Grove,In-Store
3871,2024-10-02,SKU-1083,57,1,1699,1699,Online,Online
3872,2024-11-21,SKU-1067,469,1,1499,1499,Online,Online
3873,2025-12-08,SKU-1261,252,1,1149,1149,Online,Online
3874,2025-05-25,SKU-1355,328,1,249,249,San Francisco Union Square,Online
3875,2024-12-10,SKU-1062,300,1,1499,1499,Miami Dadeland,In-Store
3876,2025-03-18,SKU-1011,1,1,1099,1099,Online,In-Store
3877,2024-02-15,SKU-1067,411,1,1499,1499,Online,Online
3878,2024-05-23,SKU-1326,171,1,449,449,Los Angeles Grove,In-Store
3879,2024-11-15,SKU-1310,79,1,1799,1799,Online,Online
3880,2025-04-27,SKU-1257,147,1,949,949,Chicago Michigan Ave,Online
3881,2024-04-26,SKU-1201,337,2,699,1398,Online,Online
3882,2025-12-04,SKU-1106,268,1,799,799,Seattle University Village,Online
3883,2024-05-12,SKU-1147,430,1,4499,4499,San Francisco Union Square,In-Store
3884,2025-06-10,SKU-1162,413,1,5999,5999,Dallas NorthPark,Online
3885,2024-08-13,SKU-1104,87,1,799,799,Dallas NorthPark,Online
3886,2025-07-15,SKU-1254,193,1,1099,1099,Seattle University Village,In-Store
3887,2025-05-07,SKU-1041,150,1,1399,1399,Boston Boylston,Online
3888,2025-12-17,SKU-1301,2,1,1549,1549,Online,Online
3889,2025-10-19,SKU-1193,469,1,599,599,Seattle University Village,Online
3890,2024-04-02,SKU-1355,240,1,249,249,Chicago Michigan Ave,Online
3891,2025-01-05,SKU-1271,421,2,1249,2498,Online,Online
3892,2024-01-24,SKU-1206,478,1,699,699,New York 5th Ave,Online
3893,2024-08-13,SKU-1033,335,1,1299,1299,Los Angeles Grove,Online
3894,2024-06-04,SKU-1148,453,1,4899,4899,Online,Online
3895,2025-12-26,SKU-1291,417,1,1499,1499,Miami Dadeland,In-Store
3896,2025-07-09,SKU-1078,322,1,1599,1599,San Francisco Union Square,Online
3897,2025-04-22,SKU-1317,229,1,1799,1799,Chicago Michigan Ave,In-Store
3898,2025-03-06,SKU-1017,255,1,1099,1099,Online,Online
3899,2025-07-11,SKU-1166,277,3,499,1497,San Francisco Union Square,Online
3900,2025-06-10,SKU-1117,34,1,1899,1899,Online,Online
3901,2025-08-17,SKU-1143,155,1,3199,3199,Online,In-Store
3902,2024-06-20,SKU-1264,208,1,1299,1299,Miami Dadeland,Online
3903,2025-02-24,SKU-1065,106,1,1499,1499,Chicago Michigan Ave,In-Store
3904,2025-02-12,SKU-1346,41,1,299,299,Online,In-Store
3905,2025-10-08,SKU-1231,403,1,649,649,Seattle University Village,Online
3906,2025-07-14,SKU-1301,450,1,1549,1549,Miami Dadeland,Online
3907,2025-07-06,SKU-1333,268,1,399,399,San Francisco Union Square,In-Store
3908,2024-05-17,SKU-1273,418,1,1249,1249,Miami Dadeland,In-Store
3909,2025-02-01,SKU-1139,367,2,2799,5598,Austin Domain,In-Store
3910,2025-04-10,SKU-1009,301,1,999,999,Online,Online
3911,2025-01-31,SKU-1036,284,1,1299,1299,San Francisco Union Square,Online
3912,2025-11-09,SKU-1068,477,1,1499,1499,Miami Dadeland,In-Store
3913,2024-02-17,SKU-1200,125,1,849,849,Seattle University Village,Online
3914,2025-09-20,SKU-1141,212,1,3399,3399,Miami Dadeland,In-Store
3915,2024-07-14,SKU-1307,174,3,1549,4647,Online,Online
3916,2024-04-13,SKU-1280,393,1,1499,1499,Online,In-Store
3917,2024-11-26,SKU-1321,169,1,1799,1799,Online,Online
3918,2025-11-23,SKU-1298,464,1,1599,1599,Online,Online
3919,2025-09-09,SKU-1023,346,1,1199,1199,Boston Boylston,Online
3920,2024-09-26,SKU-1068,23,1,1499,1499,Online,In-Store
3921,2024-03-19,SKU-1171,160,1,349,349,Online,In-Store
3922,2025-12-19,SKU-1343,53,1,299,299,Austin Domain,In-Store
3923,2024-02-20,SKU-1354,102,1,179,179,New York 5th Ave,In-Store
3924,2025-02-06,SKU-1028,420,1,1199,1199,Dallas NorthPark,Online
3925,2025-10-16,SKU-1018,225,1,1099,1099,Boston Boylston,Online
3926,2024-05-25,SKU-1113,119,1,1699,1699,San Francisco Union Square,Online
3927,2025-03-12,SKU-1271,263,1,1249,1249,Online,Online
3928,2024-01-26,SKU-1129,469,1,2099,2099,Austin Domain,Online
3929,2025-03-13,SKU-1268,489,1,1299,1299,Online,Online
3930,2025-09-19,SKU-1107,164,2,799,1598,Los Angeles Grove,In-Store
3931,2024-05-01,SKU-1150,182,1,4899,4899,Chicago Michigan Ave,Online
3932,2025-09-07,SKU-1117,466,2,1899,3798,Seattle University Village,Online
3933,2025-02-06,SKU-1109,493,1,799,799,Chicago Michigan Ave,In-Store
3934,2024-03-31,SKU-1243,170,1,749,749,Chicago Michigan Ave,In-Store
3935,2024-08-20,SKU-1223,117,1,749,749,Online,Online
3936,2024-03-11,SKU-1303,282,1,1549,1549,Online,In-Store
3937,2025-02-02,SKU-1171,13,1,349,349,Dallas NorthPark,In-Store
3938,2025-04-27,SKU-1074,364,1,1599,1599,Online,Online
3939,2025-08-09,SKU-1030,183,1,1299,1299,Chicago Michigan Ave,In-Store
3940,2025-09-16,SKU-1331,59,1,649,649,New York 5th Ave,Online
3941,2024-06-18,SKU-1083,40,2,1699,3398,Los Angeles Grove,Online
3942,2024-10-20,SKU-1182,457,1,649,649,Dallas NorthPark,Online
3943,2025-11-14,SKU-1265,246,1,1149,1149,Online,In-Store
3944,2025-07-29,SKU-1241,105,1,749,749,Seattle University Village,In-Store
3945,2024-05-11,SKU-1071,303,1,1599,1599,Miami Dadeland,In-Store
3946,2025-10-14,SKU-1170,124,1,499,499,Dallas NorthPark,In-Store
3947,2025-10-11,SKU-1007,179,1,999,999,Dallas NorthPark,In-Store
3948,2025-01-28,SKU-1187,363,1,499,499,Miami Dadeland,Online
3949,2025-04-08,SKU-1318,236,1,1949,1949,Online,In-Store
3950,2024-03-20,SKU-1357,1,1,549,549,Online,Online
3951,2024-06-27,SKU-1098,416,1,699,699,Dallas NorthPark,Online
3952,2024-05-16,SKU-1277,349,1,1349,1349,Seattle University Village,Online
3953,2024-03-15,SKU-1203,461,1,699,699,Dallas NorthPark,In-Store
3954,2025-03-07,SKU-1352,250,1,829,829,Online,In-Store
3955,2025-09-21,SKU-1023,37,2,1199,2398,Online,In-Store
3956,2024-10-07,SKU-1068,151,1,1499,1499,Online,Online
3957,2024-03-05,SKU-1061,235,2,1499,2998,Online,Online
3958,2024-05-23,SKU-1089,445,2,1699,3398,Miami Dadeland,In-Store
3959,2025-05-16,SKU-1027,385,1,1199,1199,Online,Online
3960,2024-12-31,SKU-1183,377,1,499,499,Boston Boylston,Online
3961,2025-08-19,SKU-1202,389,1,849,849,Online,Online
3962,2024-09-26,SKU-1232,416,1,799,799,Online,In-Store
3963,2025-07-14,SKU-1006,166,2,999,1998,Online,Online
3964,2024-08-01,SKU-1281,426,1,1349,1349,Dallas NorthPark,In-Store
3965,2024-09-18,SKU-1272,449,2,1399,2798,Chicago Michigan Ave,Online
3966,2024-08-22,SKU-1045,294,2,1399,2798,Online,Online
3967,2024-09-15,SKU-1060,474,1,1499,1499,Online,Online
3968,2025-12-04,SKU-1255,247,1,949,949,Online,In-Store
3969,2024-09-23,SKU-1037,357,1,1299,1299,Austin Domain,Online
3970,2024-11-20,SKU-1158,110,1,1099,1099,Online,In-Store
3971,2024-11-25,SKU-1002,147,1,999,999,Online,Online
3972,2024-07-17,SKU-1108,27,1,799,799,Seattle University Village,In-Store
3973,2025-12-14,SKU-1148,275,1,4899,4899,Los Angeles Grove,Online
3974,2024-11-28,SKU-1077,48,1,1599,1599,Dallas NorthPark,Online
3975,2024-06-23,SKU-1108,324,1,799,799,Online,In-Store
3976,2025-07-15,SKU-1137,234,1,3199,3199,Online,In-Store
3977,2025-03-09,SKU-1101,155,1,799,799,Online,In-Store
3978,2025-07-15,SKU-1296,334,1,1599,1599,Miami Dadeland,Online
3979,2024-07-21,SKU-1106,126,1,799,799,Boston Boylston,In-Store
3980,2025-12-24,SKU-1092,381,1,699,699,Online,Online
3981,2024-07-08,SKU-1013,491,1,1099,1099,Los Angeles Grove,In-Store
3982,2024-12-09,SKU-1353,466,1,129,129,Seattle University Village,In-Store
3983,2024-10-22,SKU-1328,380,1,429,429,Online,Online
3984,2025-05-06,SKU-1038,19,1,1299,1299,Online,Online
3985,2024-05-25,SKU-1079,10,1,1599,1599,Online,In-Store
3986,2025-06-15,SKU-1105,73,1,799,799,Online,In-Store
3987,2024-11-23,SKU-1069,119,1,1499,1499,Boston Boylston,In-Store
3988,2025-01-16,SKU-1045,194,1,1399,1399,Online,Online
3989,2024-02-17,SKU-1347,436,1,299,299,Online,In-Store
3990,2024-08-16,SKU-1063,295,1,1499,1499,Online,Online
3991,2025-01-22,SKU-1043,490,1,1399,1399,Dallas NorthPark,In-Store
3992,2024-09-17,SKU-1039,172,1,1299,1299,Miami Dadeland,Online
3993,2024-11-07,SKU-1070,96,1,1599,1599,Los Angeles Grove,Online
3994,2025-03-14,SKU-1282,407,1,1499,1499,Online,Online
3995,2024-10-01,SKU-1154,90,1,999,999,Austin Domain,In-Store
3996,2025-03-23,SKU-1190,385,1,749,749,New York 5th Ave,In-Store
3997,2024-09-05,SKU-1207,142,2,549,1098,Seattle University Village,In-Store
3998,2025-04-28,SKU-1207,426,1,549,549,Online,Online
3999,2024-06-30,SKU-1269,197,1,1249,1249,Dallas NorthPark,Online
4000,2024-03-08,SKU-1286,137,1,1649,1649,Los Angeles Grove,In-Store
4001,2024-09-09,SKU-1347,447,1,299,299,San Francisco Union Square,Online
4002,2024-04-17,SKU-1328,137,1,429,429,Los Angeles Grove,In-Store
4003,2025-08-18,SKU-1054,358,1,1499,1499,Online,Online
4004,2024-10-04,SKU-1110,473,3,1099,3297,Austin Domain,Online
4005,2024-08-01,SKU-1079,288,1,1599,1599,Chicago Michigan Ave,In-Store
4006,2025-10-11,SKU-1332,451,1,629,629,Austin Domain,In-Store
4007,2024-10-23,SKU-1084,104,1,1699,1699,Boston Boylston,In-Store
4008,2025-08-29,SKU-1357,78,1,549,549,Online,Online
4009,2025-10-22,SKU-1020,358,1,1199,1199,Dallas NorthPark,In-Store
4010,2024-08-17,SKU-1257,166,1,949,949,Online,In-Store
4011,2025-05-27,SKU-1071,384,1,1599,1599,New York 5th Ave,In-Store
4012,2025-02-06,SKU-1006,375,1,999,999,Chicago Michigan Ave,Online
4013,2025-09-22,SKU-1128,312,1,1899,1899,Austin Domain,In-Store
4014,2024-04-08,SKU-1275,182,1,1249,1249,Miami Dadeland,In-Store
4015,2025-06-11,SKU-1146,336,1,4299,4299,Online,Online
4016,2024-08-01,SKU-1007,243,1,999,999,Online,Online
4017,2024-01-05,SKU-1235,483,1,649,649,Online,Online
4018,2025-07-21,SKU-1105,463,1,799,799,Seattle University Village,In-Store
4019,2025-08-10,SKU-1034,107,1,1299,1299,Online,In-Store
4020,2024-07-20,SKU-1354,304,1,179,179,Austin Domain,In-Store
4021,2025-10-19,SKU-1110,143,1,1099,1099,Miami Dadeland,In-Store
4022,2025-02-01,SKU-1358,432,1,549,549,Seattle University Village,Online
4023,2024-07-14,SKU-1101,307,2,799,1598,Online,Online
4024,2025-08-25,SKU-1334,323,2,449,898,Boston Boylston,Online
4025,2025-06-01,SKU-1098,434,1,699,699,Seattle University Village,In-Store
4026,2025-12-20,SKU-1027,467,1,1199,1199,Online,Online
4027,2025-04-07,SKU-1121,345,1,2099,2099,Online,In-Store
4028,2024-08-13,SKU-1176,308,1,649,649,Online,Online
4029,2025-08-07,SKU-1097,15,1,699,699,Online,In-Store
4030,2025-08-22,SKU-1061,18,1,1499,1499,Austin Domain,Online
4031,2024-10-05,SKU-1056,111,1,1499,1499,Los Angeles Grove,In-Store
4032,2024-07-29,SKU-1294,490,1,1599,1599,Seattle University Village,Online
4033,2025-07-30,SKU-1025,280,1,1199,1199,Miami Dadeland,Online
4034,2025-03-20,SKU-1250,253,2,999,1998,San Francisco Union Square,Online
4035,2024-04-03,SKU-1359,54,2,549,1098,New York 5th Ave,In-Store
4036,2025-11-09,SKU-1188,337,1,649,649,Online,Online
4037,2024-06-14,SKU-1300,458,1,1599,1599,Boston Boylston,Online
4038,2025-03-03,SKU-1181,475,2,499,998,Online,In-Store
4039,2024-03-15,SKU-1360,449,1,549,549,San Francisco Union Square,Online
4040,2024-07-24,SKU-1072,133,1,1599,1599,Los Angeles Grove,In-Store
4041,2024-06-08,SKU-1082,31,1,1699,1699,Online,Online
4042,2025-08-02,SKU-1106,344,1,799,799,Online,In-Store
4043,2025-07-10,SKU-1333,196,1,399,399,Online,Online
4044,2024-03-29,SKU-1134,405,2,2399,4798,Los Angeles Grove,Online
4045,2025-08-19,SKU-1033,350,1,1299,1299,Online,In-Store
4046,2025-04-20,SKU-1004,343,1,999,999,Boston Boylston,Online
4047,2025-11-01,SKU-1335,46,1,449,449,Online,Online
4048,2025-10-09,SKU-1297,154,1,1449,1449,Online,In-Store
4049,2025-09-14,SKU-1336,110,1,429,429,Dallas NorthPark,Online
4050,2024-10-28,SKU-1153,441,1,999,999,New York 5th Ave,In-Store
4051,2024-03-22,SKU-1059,20,1,1499,1499,Boston Boylston,Online
4052,2025-01-23,SKU-1203,63,1,699,699,Austin Domain,In-Store
4053,2024-05-01,SKU-1042,179,1,1399,1399,Online,Online
4054,2024-12-09,SKU-1243,112,1,749,749,Online,Online
4055,2024-07-08,SKU-1223,199,2,749,1498,Online,Online
4056,2024-11-26,SKU-1286,90,1,1649,1649,Austin Domain,Online
4057,2024-05-22,SKU-1077,325,1,1599,1599,Online,Online
4058,2025-04-22,SKU-1284,299,2,1499,2998,Chicago Michigan Ave,In-Store
4059,2025-01-02,SKU-1068,219,1,1499,1499,New York 5th Ave,Online
4060,2024-08-14,SKU-1185,30,2,499,998,Online,Online
4061,2024-12-14,SKU-1358,222,1,549,549,New York 5th Ave,In-Store
4062,2025-01-07,SKU-1329,399,1,599,599,Los Angeles Grove,In-Store
4063,2025-10-15,SKU-1302,371,1,1699,1699,Online,Online
4064,2025-01-05,SKU-1100,208,1,799,799,Online,Online
4065,2025-11-10,SKU-1311,22,1,1649,1649,Online,In-Store
4066,2024-08-15,SKU-1219,3,1,649,649,Dallas NorthPark,Online
4067,2024-07-03,SKU-1217,134,2,649,1298,Online,In-Store
4068,2024-01-06,SKU-1112,2,1,1499,1499,Dallas NorthPark,In-Store
4069,2024-03-01,SKU-1102,345,1,799,799,Online,In-Store
4070,2025-07-03,SKU-1263,73,1,1149,1149,Online,Online
4071,2024-05-04,SKU-1047,180,1,1399,1399,Boston Boylston,In-Store
4072,2024-05-31,SKU-1034,93,1,1299,1299,Online,Online
4073,2024-11-30,SKU-1003,444,1,999,999,Online,Online
4074,2024-10-31,SKU-1360,17,1,549,549,Online,Online
4075,2025-04-08,SKU-1249,310,1,849,849,Miami Dadeland,Online
4076,2024-04-28,SKU-1317,480,1,1799,1799,Online,In-Store
4077,2024-11-17,SKU-1291,100,2,1499,2998,Online,In-Store
4078,2025-10-20,SKU-1111,272,1,1299,1299,Chicago Michigan Ave,In-Store
4079,2024-10-23,SKU-1001,61,2,999,1998,San Francisco Union Square,In-Store
4080,2024-02-11,SKU-1089,307,1,1699,1699,Austin Domain,Online
4081,2024-01-18,SKU-1007,436,2,999,1998,Online,In-Store
4082,2025-12-30,SKU-1025,483,1,1199,1199,Online,Online
4083,2024-05-09,SKU-1202,403,2,849,1698,Austin Domain,In-Store
4084,2024-10-21,SKU-1023,241,1,1199,1199,Chicago Michigan Ave,In-Store
4085,2024-05-11,SKU-1071,282,2,1599,3198,Online,Online
4086,2025-09-16,SKU-1152,115,1,799,799,Online,Online
4087,2025-07-26,SKU-1085,329,3,1699,5097,Seattle University Village,Online
4088,2025-08-22,SKU-1359,396,1,549,549,Online,Online
4089,2025-03-31,SKU-1055,129,1,1499,1499,Boston Boylston,In-Store
4090,2025-08-12,SKU-1289,8,1,1499,1499,Online,Online
4091,2025-05-19,SKU-1080,402,1,1699,1699,Online,In-Store
4092,2024-10-11,SKU-1238,96,1,899,899,Chicago Michigan Ave,In-Store
4093,2025-03-16,SKU-1294,291,1,1599,1599,San Francisco Union Square,In-Store
4094,2025-09-14,SKU-1089,411,1,1699,1699,Chicago Michigan Ave,Online
4095,2024-12-05,SKU-1016,216,1,1099,1099,Los Angeles Grove,Online
4096,2024-02-14,SKU-1262,43,1,1299,1299,New York 5th Ave,Online
4097,2025-03-04,SKU-1103,340,2,799,1598,Chicago Michigan Ave,Online
4098,2025-01-01,SKU-1321,113,1,1799,1799,San Francisco Union Square,Online
4099,2025-09-22,SKU-1048,315,1,1399,1399,Online,In-Store
4100,2025-04-15,SKU-1099,397,1,699,699,Miami Dadeland,In-Store
4101,2024-01-10,SKU-1044,273,1,1399,1399,Online,Online
4102,2024-06-27,SKU-1257,109,2,949,1898,Online,Online
4103,2025-12-27,SKU-1007,65,1,999,999,Online,In-Store
4104,2025-02-11,SKU-1085,308,2,1699,3398,Online,Online
4105,2025-08-21,SKU-1078,476,1,1599,1599,Online,Online
4106,2024-01-16,SKU-1146,84,1,4299,4299,Online,Online
4107,2024-08-06,SKU-1015,114,3,1099,3297,San Francisco Union Square,In-Store
4108,2025-01-02,SKU-1084,93,1,1699,1699,Boston Boylston,In-Store
4109,2024-05-22,SKU-1080,269,1,1699,1699,Online,Online
4110,2025-09-11,SKU-1005,223,1,999,999,New York 5th Ave,In-Store
4111,2025-03-29,SKU-1234,81,1,799,799,Online,Online
4112,2024-05-14,SKU-1039,14,1,1299,1299,Online,Online
4113,2024-05-02,SKU-1173,184,1,499,499,Seattle University Village,In-Store
4114,2024-08-02,SKU-1322,244,1,1949,1949,Miami Dadeland,In-Store
4115,2024-12-29,SKU-1098,385,3,699,2097,Online,Online
4116,2025-05-27,SKU-1296,24,1,1599,1599,Online,In-Store
4117,2024-06-03,SKU-1289,24,1,1499,1499,New York 5th Ave,In-Store
4118,2025-10-20,SKU-1012,125,1,1099,1099,Online,In-Store
4119,2025-09-10,SKU-1140,32,1,2999,2999,Online,In-Store
4120,2024-12-15,SKU-1045,221,1,1399,1399,Online,Online
4121,2025-11-24,SKU-1297,144,1,1449,1449,Seattle University Village,Online
4122,2025-09-06,SKU-1255,159,1,949,949,Online,Online
4123,2024-05-26,SKU-1360,117,1,549,549,Online,In-Store
4124,2024-08-10,SKU-1085,70,1,1699,1699,Austin Domain,Online
4125,2025-04-21,SKU-1096,470,1,699,699,Austin Domain,In-Store
4126,2025-03-27,SKU-1071,376,1,1599,1599,Online,Online
4127,2025-09-21,SKU-1003,152,1,999,999,Dallas NorthPark,Online
4128,2024-04-16,SKU-1229,472,1,649,649,Online,Online
4129,2025-12-29,SKU-1146,220,2,4299,8598,Online,Online
4130,2025-03-04,SKU-1221,35,1,749,749,Online,In-Store
4131,2025-12-18,SKU-1039,332,1,1299,1299,Online,Online
4132,2025-10-01,SKU-1101,31,1,799,799,Online,Online
4133,2025-10-03,SKU-1228,281,1,899,899,Seattle University Village,Online
4134,2025-10-09,SKU-1096,219,1,699,699,Online,Online
4135,2024-05-06,SKU-1037,277,1,1299,1299,Online,Online
4136,2025-10-13,SKU-1309,265,1,1649,1649,Seattle University Village,In-Store
4137,2025-05-24,SKU-1091,43,1,699,699,Online,In-Store
4138,2024-02-11,SKU-1200,15,1,849,849,Dallas NorthPark,Online
4139,2024-09-08,SKU-1293,292,1,1449,1449,Austin Domain,In-Store
4140,2025-12-20,SKU-1237,358,2,749,1498,Online,Online
4141,2025-10-03,SKU-1109,258,1,799,799,Miami Dadeland,Online
4142,2025-07-02,SKU-1052,366,3,1499,4497,Online,Online
4143,2025-05-23,SKU-1178,212,1,649,649,Online,Online
4144,2025-06-20,SKU-1356,72,2,279,558,Online,Online
4145,2025-02-01,SKU-1068,412,2,1499,2998,Online,In-Store
4146,2025-03-31,SKU-1097,444,1,699,699,Austin Domain,Online
4147,2024-05-27,SKU-1316,250,1,1799,1799,Online,Online
4148,2024-09-11,SKU-1340,251,1,629,629,Dallas NorthPark,Online
4149,2025-01-30,SKU-1097,315,2,699,1398,Los Angeles Grove,Online
4150,2025-08-25,SKU-1167,219,1,349,349,Online,Online
4151,2025-01-11,SKU-1281,426,1,1349,1349,Online,Online
4152,2025-02-27,SKU-1207,297,1,549,549,Online,In-Store
4153,2024-12-07,SKU-1081,440,1,1699,1699,Online,In-Store
4154,2024-05-09,SKU-1013,385,1,1099,1099,New York 5th Ave,Online
4155,2024-08-24,SKU-1141,379,1,3399,3399,Online,Online
4156,2024-09-20,SKU-1109,351,1,799,799,Boston Boylston,In-Store
4157,2024-11-04,SKU-1018,224,1,1099,1099,Boston Boylston,In-Store
4158,2024-07-19,SKU-1322,150,1,1949,1949,Boston Boylston,Online
4159,2025-12-17,SKU-1356,343,1,279,279,Austin Domain,Online
4160,2025-08-03,SKU-1326,238,3,449,1347,Miami Dadeland,Online
4161,2025-12-15,SKU-1028,336,1,1199,1199,Online,Online
4162,2024-05-17,SKU-1057,48,1,1499,1499,Online,In-Store
4163,2024-05-27,SKU-1297,397,2,1449,2898,Online,Online
4164,2024-02-27,SKU-1251,475,1,849,849,Chicago Michigan Ave,In-Store
4165,2025-02-08,SKU-1078,250,1,1599,1599,New York 5th Ave,In-Store
4166,2025-10-07,SKU-1002,113,1,999,999,Seattle University Village,In-Store
4167,2025-03-12,SKU-1273,103,1,1249,1249,Online,Online
4168,2024-06-04,SKU-1034,14,1,1299,1299,Miami Dadeland,In-Store
4169,2025-06-14,SKU-1318,150,1,1949,1949,Los Angeles Grove,Online
4170,2025-07-10,SKU-1096,105,1,699,699,Online,In-Store
4171,2025-08-13,SKU-1105,196,1,799,799,Online,In-Store
4172,2025-07-07,SKU-1041,310,3,1399,4197,New York 5th Ave,In-Store
4173,2025-01-25,SKU-1213,5,1,649,649,Miami Dadeland,In-Store
4174,2025-03-21,SKU-1063,449,2,1499,2998,Boston Boylston,Online
4175,2025-03-05,SKU-1181,144,1,499,499,Chicago Michigan Ave,In-Store
4176,2024-09-24,SKU-1028,319,1,1199,1199,Online,In-Store
4177,2025-01-18,SKU-1325,26,2,399,798,Miami Dadeland,In-Store
4178,2024-12-05,SKU-1311,150,1,1649,1649,New York 5th Ave,Online
4179,2025-12-08,SKU-1275,459,1,1249,1249,Seattle University Village,Online
4180,2025-06-20,SKU-1312,376,1,1799,1799,Los Angeles Grove,In-Store
4181,2024-09-18,SKU-1250,327,1,999,999,Online,Online
4182,2025-02-19,SKU-1067,198,1,1499,1499,Boston Boylston,Online
4183,2024-07-14,SKU-1233,268,1,649,649,San Francisco Union Square,Online
4184,2024-11-13,SKU-1156,235,1,599,599,Online,Online
4185,2024-01-13,SKU-1049,53,1,1399,1399,Boston Boylston,Online
4186,2024-04-22,SKU-1079,250,1,1599,1599,Miami Dadeland,Online
4187,2025-09-14,SKU-1065,20,1,1499,1499,Online,Online
4188,2025-09-12,SKU-1327,270,1,449,449,Seattle University Village,In-Store
4189,2025-03-22,SKU-1050,48,1,1499,1499,Online,Online
4190,2025-06-13,SKU-1097,217,3,699,2097,Online,In-Store
4191,2025-03-25,SKU-1128,183,1,1899,1899,Chicago Michigan Ave,In-Store
4192,2025-02-27,SKU-1050,34,1,1499,1499,Los Angeles Grove,Online
4193,2025-07-03,SKU-1080,107,1,1699,1699,Online,Online
4194,2024-12-22,SKU-1215,217,1,649,649,Online,In-Store
4195,2024-09-02,SKU-1174,127,1,649,649,Chicago Michigan Ave,In-Store
4196,2024-06-12,SKU-1264,199,1,1299,1299,New York 5th Ave,Online
4197,2025-05-08,SKU-1126,172,1,1499,1499,Chicago Michigan Ave,Online
4198,2025-03-11,SKU-1082,220,1,1699,1699,Chicago Michigan Ave,In-Store
4199,2024-07-26,SKU-1051,4,1,1499,1499,Online,Online
4200,2025-04-18,SKU-1051,92,2,1499,2998,Los Angeles Grove,Online
4201,2024-08-15,SKU-1194,131,1,749,749,Online,In-Store
4202,2024-06-17,SKU-1285,164,1,1499,1499,Online,Online
4203,2024-09-01,SKU-1340,3,1,629,629,Miami Dadeland,Online
4204,2025-07-02,SKU-1047,470,2,1399,2798,Chicago Michigan Ave,Online
4205,2025-10-16,SKU-1316,234,1,1799,1799,Austin Domain,Online
4206,2025-05-10,SKU-1307,407,1,1549,1549,Los Angeles Grove,Online
4207,2024-05-03,SKU-1258,450,1,1099,1099,Austin Domain,Online
4208,2025-05-07,SKU-1079,335,1,1599,1599,Los Angeles Grove,Online
4209,2024-01-09,SKU-1000,227,1,999,999,Boston Boylston,Online
4210,2024-10-12,SKU-1011,73,1,1099,1099,Online,In-Store
4211,2024-02-23,SKU-1139,179,2,2799,5598,Austin Domain,Online
4212,2025-04-25,SKU-1289,49,1,1499,1499,Austin Domain,In-Store
4213,2024-05-03,SKU-1273,348,2,1249,2498,Chicago Michigan Ave,In-Store
4214,2025-09-16,SKU-1027,223,1,1199,1199,Online,Online
4215,2024-02-11,SKU-1267,311,1,1149,1149,San Francisco Union Square,In-Store
4216,2024-10-21,SKU-1165,399,1,349,349,Online,Online
4217,2024-10-15,SKU-1244,484,1,899,899,Online,In-Store
4218,2025-04-14,SKU-1231,320,1,649,649,Online,In-Store
4219,2024-03-18,SKU-1031,390,1,1299,1299,Online,In-Store
4220,2025-01-05,SKU-1240,355,1,899,899,Online,In-Store
4221,2024-12-08,SKU-1105,253,1,799,799,Austin Domain,In-Store
4222,2024-02-08,SKU-1020,382,2,1199,2398,Seattle University Village,Online
4223,2024-06-04,SKU-1099,215,1,699,699,Online,Online
4224,2025-08-08,SKU-1033,368,1,1299,1299,Online,Online
4225,2025-04-11,SKU-1127,443,1,1699,1699,Chicago Michigan Ave,In-Store
4226,2025-05-27,SKU-1055,366,1,1499,1499,Online,Online
4227,2024-10-17,SKU-1022,293,1,1199,1199,New York 5th Ave,In-Store
4228,2025-12-28,SKU-1288,259,1,1649,1649,Boston Boylston,In-Store
4229,2024-09-02,SKU-1096,416,1,699,699,Online,In-Store
4230,2025-05-21,SKU-1022,355,3,1199,3597,Online,In-Store
4231,2025-06-14,SKU-1105,73,1,799,799,Online,Online
4232,2024-06-19,SKU-1065,369,2,1499,2998,Los Angeles Grove,Online
4233,2025-12-06,SKU-1000,451,1,999,999,Austin Domain,In-Store
4234,2024-02-20,SKU-1005,45,1,999,999,Online,In-Store
4235,2025-08-26,SKU-1276,13,1,1399,1399,Chicago Michigan Ave,Online
4236,2024-04-27,SKU-1051,206,1,1499,1499,Dallas NorthPark,Online
4237,2024-07-21,SKU-1014,121,1,1099,1099,Online,Online
4238,2025-09-04,SKU-1220,365,1,799,799,Austin Domain,In-Store
4239,2024-02-29,SKU-1285,30,1,1499,1499,Seattle University Village,In-Store
4240,2024-08-28,SKU-1166,34,1,499,499,Chicago Michigan Ave,Online
4241,2024-11-13,SKU-1250,438,1,999,999,Miami Dadeland,In-Store
4242,2024-08-24,SKU-1043,172,1,1399,1399,Seattle University Village,Online
4243,2025-09-06,SKU-1083,388,2,1699,3398,Online,In-Store
4244,2024-09-25,SKU-1206,362,1,699,699,Online,Online
4245,2025-03-03,SKU-1105,202,1,799,799,Online,In-Store
4246,2024-03-25,SKU-1006,72,1,999,999,Dallas NorthPark,In-Store
4247,2025-08-08,SKU-1107,156,1,799,799,Austin Domain,In-Store
4248,2024-01-04,SKU-1355,447,1,249,249,Online,In-Store
4249,2024-03-31,SKU-1018,19,1,1099,1099,Dallas NorthPark,In-Store
4250,2024-09-07,SKU-1341,5,1,249,249,Miami Dadeland,Online
4251,2025-09-25,SKU-1334,258,1,449,449,Online,Online
4252,2024-11-11,SKU-1179,72,3,499,1497,Seattle University Village,In-Store
4253,2024-12-30,SKU-1130,332,1,1699,1699,Online,In-Store
4254,2025-05-05,SKU-1101,354,1,799,799,Boston Boylston,Online
4255,2024-05-08,SKU-1133,337,2,2299,4598,Chicago Michigan Ave,In-Store
4256,2025-03-18,SKU-1054,279,2,1499,2998,Chicago Michigan Ave,In-Store
4257,2025-11-01,SKU-1089,204,1,1699,1699,Boston Boylston,In-Store
4258,2024-06-25,SKU-1040,304,2,1399,2798,Online,Online
4259,2025-12-08,SKU-1108,264,1,799,799,Online,In-Store
4260,2024-03-28,SKU-1048,487,1,1399,1399,New York 5th Ave,In-Store
4261,2025-10-18,SKU-1042,309,1,1399,1399,Seattle University Village,In-Store
4262,2024-10-25,SKU-1350,298,1,849,849,Chicago Michigan Ave,In-Store
4263,2024-11-27,SKU-1183,175,1,499,499,San Francisco Union Square,Online
4264,2025-09-09,SKU-1037,429,1,1299,1299,Los Angeles Grove,Online
4265,2025-07-24,SKU-1176,190,1,649,649,Dallas NorthPark,Online
4266,2025-12-28,SKU-1079,482,2,1599,3198,Dallas NorthPark,Online
4267,2025-01-31,SKU-1109,169,2,799,1598,Los Angeles Grove,In-Store
4268,2024-05-22,SKU-1185,303,2,499,998,Dallas NorthPark,In-Store
4269,2024-04-05,SKU-1308,274,1,1699,1699,Chicago Michigan Ave,Online
4270,2025-06-22,SKU-1028,220,3,1199,3597,Online,In-Store
4271,2025-09-09,SKU-1090,95,1,699,699,Online,In-Store
4272,2025-04-02,SKU-1213,288,1,649,649,Miami Dadeland,Online
4273,2025-10-03,SKU-1213,120,3,649,1947,San Francisco Union Square,In-Store
4274,2024-04-14,SKU-1193,375,1,599,599,Boston Boylston,Online
4275,2025-02-04,SKU-1003,428,1,999,999,San Francisco Union Square,Online
4276,2024-01-24,SKU-1042,206,1,1399,1399,Seattle University Village,In-Store
4277,2024-08-20,SKU-1037,436,1,1299,1299,Online,In-Store
4278,2024-01-17,SKU-1289,197,1,1499,1499,Online,Online
4279,2024-07-19,SKU-1273,11,1,1249,1249,Dallas NorthPark,In-Store
4280,2025-10-28,SKU-1274,364,2,1399,2798,New York 5th Ave,Online
4281,2024-09-01,SKU-1282,241,1,1499,1499,Dallas NorthPark,In-Store
4282,2024-11-30,SKU-1071,254,1,1599,1599,Boston Boylston,In-Store
4283,2024-11-08,SKU-1283,201,1,1349,1349,Dallas NorthPark,In-Store
4284,2025-05-22,SKU-1091,131,1,699,699,Online,Online
4285,2025-01-05,SKU-1323,331,1,1799,1799,Online,In-Store
4286,2024-03-08,SKU-1054,144,1,1499,1499,Online,Online
4287,2025-03-04,SKU-1176,182,1,649,649,Boston Boylston,Online
4288,2025-06-02,SKU-1224,102,2,899,1798,Austin Domain,In-Store
4289,2024-12-27,SKU-1303,336,1,1549,1549,Chicago Michigan Ave,Online
4290,2025-05-21,SKU-1039,111,1,1299,1299,New York 5th Ave,Online
4291,2024-06-06,SKU-1074,16,1,1599,1599,Miami Dadeland,In-Store
4292,2024-01-05,SKU-1129,474,1,2099,2099,Los Angeles Grove,In-Store
4293,2025-10-28,SKU-1060,210,1,1499,1499,Austin Domain,In-Store
4294,2024-09-14,SKU-1054,154,1,1499,1499,Online,In-Store
4295,2024-12-11,SKU-1107,444,1,799,799,Chicago Michigan Ave,Online
4296,2024-11-22,SKU-1265,410,1,1149,1149,Online,In-Store
4297,2024-10-02,SKU-1007,206,1,999,999,Los Angeles Grove,In-Store
4298,2024-10-14,SKU-1002,89,1,999,999,Boston Boylston,In-Store
4299,2025-12-14,SKU-1263,240,1,1149,1149,New York 5th Ave,In-Store
4300,2025-08-27,SKU-1140,162,1,2999,2999,Online,In-Store
4301,2025-12-03,SKU-1086,3,1,1699,1699,Online,In-Store
4302,2025-07-26,SKU-1015,180,1,1099,1099,Online,Online
4303,2024-01-05,SKU-1033,154,1,1299,1299,Dallas NorthPark,Online
4304,2024-11-15,SKU-1046,108,1,1399,1399,Online,In-Store
4305,2024-09-28,SKU-1034,396,1,1299,1299,Seattle University Village,In-Store
4306,2025-05-18,SKU-1057,318,1,1499,1499,Miami Dadeland,In-Store
4307,2024-04-12,SKU-1046,58,1,1399,1399,Online,In-Store
4308,2024-06-19,SKU-1187,206,1,499,499,Online,In-Store
4309,2025-03-20,SKU-1287,431,1,1499,1499,Seattle University Village,In-Store
4310,2025-12-09,SKU-1283,27,1,1349,1349,Los Angeles Grove,Online
4311,2025-11-24,SKU-1167,180,1,349,349,Online,Online
4312,2025-03-17,SKU-1020,21,1,1199,1199,Miami Dadeland,In-Store
4313,2024-11-27,SKU-1208,49,1,699,699,Online,In-Store
4314,2025-01-01,SKU-1331,161,1,649,649,Austin Domain,Online
4315,2025-03-03,SKU-1117,70,1,1899,1899,Los Angeles Grove,Online
4316,2024-09-10,SKU-1026,227,1,1199,1199,Online,Online
4317,2025-11-14,SKU-1298,163,1,1599,1599,Miami Dadeland,Online
4318,2024-06-19,SKU-1105,390,1,799,799,New York 5th Ave,In-Store
4319,2025-06-10,SKU-1043,132,1,1399,1399,Chicago Michigan Ave,Online
4320,2024-06-12,SKU-1273,8,1,1249,1249,Chicago Michigan Ave,In-Store
4321,2025-09-09,SKU-1105,427,1,799,799,New York 5th Ave,Online
4322,2025-09-04,SKU-1298,173,2,1599,3198,Dallas NorthPark,Online
4323,2024-12-09,SKU-1143,17,1,3199,3199,Seattle University Village,In-Store
4324,2024-05-08,SKU-1289,469,1,1499,1499,Seattle University Village,In-Store
4325,2024-04-12,SKU-1109,486,1,799,799,Online,In-Store
4326,2025-06-27,SKU-1069,471,1,1499,1499,Chicago Michigan Ave,In-Store
4327,2024-04-02,SKU-1076,337,1,1599,1599,Online,Online
4328,2024-09-05,SKU-1036,206,1,1299,1299,Online,Online
4329,2024-08-31,SKU-1230,55,1,799,799,Online,Online
4330,2025-01-22,SKU-1090,239,1,699,699,Online,In-Store
4331,2025-08-27,SKU-1027,13,1,1199,1199,Austin Domain,In-Store
4332,2025-12-25,SKU-1048,104,1,1399,1399,San Francisco Union Square,Online
4333,2024-03-27,SKU-1315,454,1,1649,1649,Online,In-Store
4334,2025-05-10,SKU-1039,248,3,1299,3897,Online,In-Store
4335,2025-11-30,SKU-1079,300,1,1599,1599,Online,In-Store
4336,2024-12-13,SKU-1126,415,1,1499,1499,Online,Online
4337,2025-03-13,SKU-1304,73,1,1699,1699,Seattle University Village,Online
4338,2024-08-22,SKU-1013,420,1,1099,1099,San Francisco Union Square,Online
4339,2025-08-03,SKU-1194,461,1,749,749,Online,Online
4340,2025-05-10,SKU-1054,59,1,1499,1499,Austin Domain,Online
4341,2025-05-14,SKU-1182,1,1,649,649,New York 5th Ave,Online
4342,2024-03-23,SKU-1301,192,1,1549,1549,Miami Dadeland,Online
4343,2024-06-30,SKU-1068,4,1,1499,1499,Online,In-Store
4344,2025-07-27,SKU-1256,254,1,1099,1099,Chicago Michigan Ave,Online
4345,2025-10-15,SKU-1053,178,2,1499,2998,Boston Boylston,Online
4346,2025-02-10,SKU-1078,25,1,1599,1599,Online,In-Store
4347,2024-07-29,SKU-1067,140,1,1499,1499,New York 5th Ave,In-Store
4348,2024-03-11,SKU-1230,275,1,799,799,Seattle University Village,Online
4349,2024-04-08,SKU-1275,23,1,1249,1249,Online,Online
4350,2024-06-25,SKU-1176,37,1,649,649,Online,In-Store
4351,2025-01-19,SKU-1024,31,1,1199,1199,Online,Online
4352,2025-07-02,SKU-1037,337,1,1299,1299,Chicago Michigan Ave,Online
4353,2025-07-17,SKU-1058,379,1,1499,1499,Online,In-Store
4354,2025-06-19,SKU-1314,63,1,1799,1799,Seattle University Village,In-Store
4355,2024-08-31,SKU-1055,276,1,1499,1499,Chicago Michigan Ave,In-Store
4356,2025-05-05,SKU-1021,126,2,1199,2398,Austin Domain,In-Store
4357,2025-12-24,SKU-1125,157,1,1899,1899,San Francisco Union Square,Online
4358,2024-12-28,SKU-1045,67,1,1399,1399,Online,In-Store
4359,2025-04-30,SKU-1024,468,1,1199,1199,Online,Online
4360,2024-01-29,SKU-1060,407,1,1499,1499,San Francisco Union Square,Online
4361,2024-08-09,SKU-1200,235,1,849,849,Online,Online
4362,2025-08-21,SKU-1265,386,2,1149,2298,Online,Online
4363,2025-01-07,SKU-1215,216,1,649,649,San Francisco Union Square,Online
4364,2024-04-27,SKU-1098,308,1,699,699,Online,Online
4365,2025-12-01,SKU-1019,416,1,1099,1099,Online,In-Store
4366,2024-05-24,SKU-1147,434,1,4499,4499,New York 5th Ave,In-Store
4367,2025-02-15,SKU-1099,392,1,699,699,Miami Dadeland,In-Store
4368,2024-01-26,SKU-1109,191,1,799,799,Online,Online
4369,2025-06-21,SKU-1024,245,1,1199,1199,Austin Domain,In-Store
4370,2024-08-10,SKU-1011,352,1,1099,1099,San Francisco Union Square,In-Store
4371,2024-03-11,SKU-1345,155,1,249,249,Online,Online
4372,2024-07-28,SKU-1095,373,1,699,699,Online,Online
4373,2025-04-13,SKU-1230,214,1,799,799,Austin Domain,In-Store
4374,2025-01-18,SKU-1043,96,1,1399,1399,Online,Online
4375,2025-03-07,SKU-1197,107,3,699,2097,Boston Boylston,Online
4376,2025-02-01,SKU-1133,161,1,2299,2299,Online,In-Store
4377,2025-05-09,SKU-1096,475,1,699,699,Online,Online
4378,2024-01-04,SKU-1180,15,2,649,1298,Online,Online
4379,2024-08-21,SKU-1231,206,2,649,1298,Austin Domain,In-Store
4380,2024-07-04,SKU-1019,383,1,1099,1099,Dallas NorthPark,In-Store
4381,2024-04-26,SKU-1241,339,2,749,1498,San Francisco Union Square,Online
4382,2024-08-16,SKU-1014,144,1,1099,1099,Online,In-Store
4383,2025-12-03,SKU-1012,75,1,1099,1099,Chicago Michigan Ave,Online
4384,2024-06-09,SKU-1116,144,1,1699,1699,Los Angeles Grove,Online
4385,2025-04-02,SKU-1005,357,1,999,999,Chicago Michigan Ave,In-Store
4386,2025-05-06,SKU-1099,172,1,699,699,Seattle University Village,Online
4387,2025-06-17,SKU-1251,336,1,849,849,Online,In-Store
4388,2025-04-04,SKU-1319,320,1,1799,1799,San Francisco Union Square,Online
4389,2025-05-17,SKU-1334,64,1,449,449,Online,Online
4390,2025-03-03,SKU-1102,183,1,799,799,Los Angeles Grove,Online
4391,2024-01-10,SKU-1205,222,1,549,549,Online,Online
4392,2025-12-24,SKU-1280,161,2,1499,2998,New York 5th Ave,Online
4393,2024-04-06,SKU-1358,87,1,549,549,San Francisco Union Square,In-Store
4394,2024-07-01,SKU-1091,382,1,699,699,Boston Boylston,Online
4395,2025-02-24,SKU-1104,112,1,799,799,Los Angeles Grove,In-Store
4396,2024-08-04,SKU-1017,270,1,1099,1099,Miami Dadeland,In-Store
4397,2024-02-24,SKU-1217,201,2,649,1298,Chicago Michigan Ave,In-Store
4398,2024-07-31,SKU-1238,330,1,899,899,Miami Dadeland,Online
4399,2024-07-12,SKU-1106,408,1,799,799,Seattle University Village,Online
4400,2025-12-08,SKU-1097,100,1,699,699,New York 5th Ave,Online
4401,2025-09-20,SKU-1296,441,1,1599,1599,Chicago Michigan Ave,Online
4402,2024-11-13,SKU-1009,353,1,999,999,San Francisco Union Square,Online
4403,2024-12-31,SKU-1131,384,1,1899,1899,Online,Online
4404,2025-12-12,SKU-1083,216,1,1699,1699,Boston Boylston,In-Store
4405,2025-08-23,SKU-1058,281,1,1499,1499,Austin Domain,Online
4406,2024-08-11,SKU-1135,310,1,2599,2599,San Francisco Union Square,Online
4407,2024-12-16,SKU-1080,55,2,1699,3398,New York 5th Ave,Online
4408,2024-07-07,SKU-1294,166,1,1599,1599,Chicago Michigan Ave,In-Store
4409,2024-09-17,SKU-1209,427,1,549,549,Los Angeles Grove,Online
4410,2025-12-21,SKU-1044,94,2,1399,2798,Seattle University Village,Online
4411,2025-02-08,SKU-1009,120,1,999,999,Chicago Michigan Ave,Online
4412,2025-07-22,SKU-1064,129,1,1499,1499,Online,Online
4413,2025-09-09,SKU-1097,125,1,699,699,Online,In-Store
4414,2025-11-08,SKU-1128,378,1,1899,1899,Online,In-Store
4415,2025-12-13,SKU-1011,339,1,1099,1099,Online,In-Store
4416,2025-10-06,SKU-1188,143,1,649,649,Boston Boylston,Online
4417,2024-06-29,SKU-1356,360,1,279,279,Online,Online
4418,2025-10-28,SKU-1270,485,1,1399,1399,Austin Domain,Online
4419,2024-07-30,SKU-1099,111,1,699,699,Dallas NorthPark,Online
4420,2025-05-04,SKU-1336,355,1,429,429,Online,Online
4421,2024-01-12,SKU-1056,362,1,1499,1499,Boston Boylston,Online
4422,2024-10-03,SKU-1218,49,1,799,799,Seattle University Village,Online
4423,2024-03-03,SKU-1277,211,1,1349,1349,Seattle University Village,Online
4424,2024-11-11,SKU-1252,462,1,999,999,Online,In-Store
4425,2024-10-24,SKU-1024,138,1,1199,1199,Online,In-Store
4426,2024-06-08,SKU-1177,343,2,499,998,Dallas NorthPark,Online
4427,2025-01-11,SKU-1236,4,1,799,799,Seattle University Village,Online
4428,2024-04-03,SKU-1102,61,1,799,799,Seattle University Village,Online
4429,2025-03-02,SKU-1221,141,3,749,2247,Online,In-Store
4430,2024-12-25,SKU-1071,99,1,1599,1599,San Francisco Union Square,In-Store
4431,2024-02-09,SKU-1016,164,1,1099,1099,Online,In-Store
4432,2024-04-05,SKU-1074,351,1,1599,1599,San Francisco Union Square,Online
4433,2024-03-18,SKU-1325,342,1,399,399,Boston Boylston,In-Store
4434,2025-01-27,SKU-1006,164,1,999,999,San Francisco Union Square,Online
4435,2024-02-06,SKU-1188,325,3,649,1947,Dallas NorthPark,Online
4436,2025-08-20,SKU-1095,340,1,699,699,Dallas NorthPark,Online
4437,2024-12-21,SKU-1043,120,1,1399,1399,Online,Online
4438,2024-03-07,SKU-1184,321,1,649,649,Miami Dadeland,In-Store
4439,2025-09-28,SKU-1047,407,1,1399,1399,Online,In-Store
4440,2024-06-01,SKU-1031,151,1,1299,1299,Online,Online
4441,2024-10-03,SKU-1044,210,1,1399,1399,Online,In-Store
4442,2024-08-23,SKU-1228,488,1,899,899,Online,Online
4443,2025-06-23,SKU-1092,196,2,699,1398,New York 5th Ave,In-Store
4444,2025-01-05,SKU-1252,416,1,999,999,Online,Online
4445,2025-09-27,SKU-1250,484,1,999,999,Online,Online
4446,2024-12-14,SKU-1005,421,1,999,999,Miami Dadeland,In-Store
4447,2025-07-26,SKU-1086,325,3,1699,5097,Boston Boylston,Online
4448,2024-10-05,SKU-1206,451,1,699,699,Dallas NorthPark,Online
4449,2025-08-05,SKU-1210,219,1,699,699,Miami Dadeland,In-Store
4450,2024-08-02,SKU-1347,166,1,299,299,San Francisco Union Square,In-Store
4451,2024-09-21,SKU-1128,235,1,1899,1899,Online,Online
4452,2025-08-29,SKU-1050,409,1,1499,1499,Chicago Michigan Ave,Online
4453,2024-08-05,SKU-1176,479,2,649,1298,Online,Online
4454,2025-11-13,SKU-1251,194,1,849,849,Los Angeles Grove,Online
4455,2025-08-16,SKU-1115,133,1,1499,1499,Los Angeles Grove,Online
4456,2025-10-19,SKU-1026,12,1,1199,1199,Boston Boylston,In-Store
4457,2024-09-24,SKU-1108,319,1,799,799,New York 5th Ave,Online
4458,2025-06-20,SKU-1006,134,1,999,999,Miami Dadeland,In-Store
4459,2024-12-10,SKU-1335,201,1,449,449,Los Angeles Grove,Online
4460,2025-10-30,SKU-1107,174,1,799,799,Online,In-Store
4461,2024-04-08,SKU-1105,197,1,799,799,Los Angeles Grove,Online
4462,2024-07-04,SKU-1182,105,1,649,649,Online,Online
4463,2025-10-17,SKU-1349,223,1,799,799,Chicago Michigan Ave,Online
4464,2024-10-11,SKU-1315,166,3,1649,4947,Austin Domain,Online
4465,2025-12-25,SKU-1083,296,1,1699,1699,Austin Domain,Online
4466,2025-12-30,SKU-1085,384,1,1699,1699,Boston Boylston,In-Store
4467,2025-04-27,SKU-1278,426,1,1499,1499,Seattle University Village,In-Store
4468,2024-05-07,SKU-1321,154,1,1799,1799,Dallas NorthPark,In-Store
4469,2025-11-29,SKU-1082,440,3,1699,5097,Online,Online
4470,2024-06-25,SKU-1241,387,1,749,749,Online,In-Store
4471,2025-10-06,SKU-1155,211,1,1199,1199,Austin Domain,Online
4472,2025-02-20,SKU-1216,441,1,799,799,Chicago Michigan Ave,Online
4473,2024-12-25,SKU-1096,114,1,699,699,Online,In-Store
4474,2024-05-24,SKU-1005,225,1,999,999,Chicago Michigan Ave,Online
4475,2025-09-17,SKU-1083,333,2,1699,3398,Online,In-Store
4476,2025-01-12,SKU-1215,76,1,649,649,Boston Boylston,In-Store
4477,2025-01-20,SKU-1140,389,1,2999,2999,Los Angeles Grove,In-Store
4478,2024-02-22,SKU-1096,485,1,699,699,Online,Online
4479,2024-08-04,SKU-1063,322,1,1499,1499,San Francisco Union Square,Online
4480,2024-09-07,SKU-1272,120,1,1399,1399,Online,Online
4481,2025-01-14,SKU-1348,226,1,279,279,Seattle University Village,Online
4482,2024-02-18,SKU-1244,230,1,899,899,Boston Boylston,In-Store
4483,2024-12-31,SKU-1316,237,1,1799,1799,Los Angeles Grove,Online
4484,2025-02-01,SKU-1228,126,2,899,1798,Dallas NorthPark,Online
4485,2025-09-20,SKU-1078,462,1,1599,1599,Boston Boylston,In-Store
4486,2024-09-28,SKU-1199,402,1,699,699,Los Angeles Grove,In-Store
4487,2024-10-20,SKU-1093,333,1,699,699,Online,Online
4488,2025-08-24,SKU-1148,182,1,4899,4899,Miami Dadeland,Online
4489,2024-01-29,SKU-1121,493,1,2099,2099,Austin Domain,Online
4490,2025-05-01,SKU-1097,145,1,699,699,Online,In-Store
4491,2025-03-07,SKU-1005,240,2,999,1998,Online,Online
4492,2024-03-31,SKU-1112,39,1,1499,1499,Online,Online
4493,2024-03-01,SKU-1051,319,1,1499,1499,Chicago Michigan Ave,In-Store
4494,2024-10-11,SKU-1215,379,1,649,649,Online,Online
4495,2024-06-02,SKU-1099,124,1,699,699,Austin Domain,In-Store
4496,2024-12-07,SKU-1085,336,1,1699,1699,San Francisco Union Square,Online
4497,2024-07-24,SKU-1085,443,1,1699,1699,Seattle University Village,In-Store
4498,2025-11-30,SKU-1107,469,1,799,799,Boston Boylston,In-Store
4499,2025-04-22,SKU-1306,15,1,1699,1699,Miami Dadeland,In-Store
4500,2024-09-08,SKU-1019,418,1,1099,1099,Online,In-Store
4501,2024-03-20,SKU-1224,41,1,899,899,San Francisco Union Square,In-Store
4502,2025-02-12,SKU-1147,427,1,4499,4499,Online,Online
4503,2024-11-21,SKU-1175,258,1,499,499,Online,In-Store
4504,2025-03-12,SKU-1275,40,1,1249,1249,Online,Online
4505,2025-06-06,SKU-1114,330,2,1299,2598,Austin Domain,Online
4506,2025-04-17,SKU-1138,376,1,2599,2599,Chicago Michigan Ave,Online
4507,2025-01-27,SKU-1218,281,1,799,799,Boston Boylston,In-Store
4508,2024-05-16,SKU-1003,189,1,999,999,New York 5th Ave,In-Store
4509,2025-10-19,SKU-1191,317,1,599,599,Online,In-Store
4510,2024-01-04,SKU-1239,374,1,749,749,Online,In-Store
4511,2024-01-18,SKU-1144,162,2,3399,6798,Online,Online
4512,2024-06-27,SKU-1060,469,1,1499,1499,Online,Online
4513,2024-03-31,SKU-1088,273,1,1699,1699,New York 5th Ave,Online
4514,2024-09-06,SKU-1137,110,1,3199,3199,Chicago Michigan Ave,In-Store
4515,2025-05-27,SKU-1063,174,1,1499,1499,Online,Online
4516,2024-01-03,SKU-1307,97,1,1549,1549,Online,Online
4517,2025-11-19,SKU-1025,86,2,1199,2398,Boston Boylston,Online
4518,2024-12-31,SKU-1149,43,1,4699,4699,Chicago Michigan Ave,In-Store
4519,2025-02-27,SKU-1238,159,2,899,1798,Boston Boylston,In-Store
4520,2024-04-02,SKU-1133,497,1,2299,2299,Online,Online
4521,2024-05-24,SKU-1150,182,1,4899,4899,Los Angeles Grove,Online
4522,2024-11-21,SKU-1322,274,3,1949,5847,Miami Dadeland,Online
4523,2025-07-04,SKU-1343,187,2,299,598,San Francisco Union Square,In-Store
4524,2024-12-17,SKU-1139,449,1,2799,2799,San Francisco Union Square,In-Store
4525,2025-12-23,SKU-1284,454,1,1499,1499,Seattle University Village,In-Store
4526,2025-07-21,SKU-1329,193,3,599,1797,Online,In-Store
4527,2024-04-23,SKU-1296,193,3,1599,4797,Los Angeles Grove,In-Store
4528,2024-04-09,SKU-1044,301,1,1399,1399,Online,Online
4529,2024-02-12,SKU-1344,375,1,279,279,Online,Online
4530,2025-01-29,SKU-1169,97,1,349,349,Online,In-Store
4531,2024-06-09,SKU-1355,53,1,249,249,Seattle University Village,In-Store
4532,2024-09-04,SKU-1186,391,1,649,649,Miami Dadeland,In-Store
4533,2024-03-05,SKU-1253,264,1,949,949,Online,Online
4534,2024-03-30,SKU-1048,152,1,1399,1399,Seattle University Village,Online
4535,2025-10-18,SKU-1062,183,1,1499,1499,Online,In-Store
4536,2024-02-09,SKU-1343,98,1,299,299,Online,Online
4537,2024-03-31,SKU-1002,344,1,999,999,Seattle University Village,In-Store
4538,2025-02-21,SKU-1204,185,2,849,1698,San Francisco Union Square,Online
4539,2025-02-20,SKU-1267,380,1,1149,1149,Miami Dadeland,Online
4540,2024-11-06,SKU-1259,62,1,949,949,Austin Domain,In-Store
4541,2024-05-24,SKU-1045,209,1,1399,1399,Dallas NorthPark,In-Store
4542,2024-02-26,SKU-1196,214,1,749,749,Online,Online
4543,2024-04-15,SKU-1204,12,1,849,849,New York 5th Ave,Online
4544,2025-10-18,SKU-1236,195,1,799,799,Seattle University Village,Online
4545,2025-12-20,SKU-1014,373,1,1099,1099,Chicago Michigan Ave,Online
4546,2024-05-06,SKU-1224,208,1,899,899,Chicago Michigan Ave,Online
4547,2025-12-04,SKU-1148,43,1,4899,4899,San Francisco Union Square,Online
4548,2025-10-27,SKU-1333,401,1,399,399,Online,In-Store
4549,2024-02-01,SKU-1271,271,2,1249,2498,Online,Online
4550,2024-03-29,SKU-1186,382,2,649,1298,Online,Online
4551,2025-10-11,SKU-1057,325,1,1499,1499,Boston Boylston,In-Store
4552,2024-05-15,SKU-1087,283,1,1699,1699,San Francisco Union Square,Online
4553,2024-02-17,SKU-1050,492,1,1499,1499,San Francisco Union Square,Online
4554,2025-09-22,SKU-1299,253,1,1449,1449,Austin Domain,Online
4555,2024-05-05,SKU-1047,75,1,1399,1399,San Francisco Union Square,Online
4556,2024-02-15,SKU-1083,170,2,1699,3398,Seattle University Village,Online
4557,2025-12-24,SKU-1332,477,1,629,629,Online,In-Store
4558,2025-01-24,SKU-1157,23,1,799,799,Online,Online
4559,2024-09-25,SKU-1276,7,1,1399,1399,New York 5th Ave,Online
4560,2025-04-06,SKU-1074,489,1,1599,1599,Miami Dadeland,In-Store
4561,2025-08-16,SKU-1200,12,1,849,849,Online,Online
4562,2025-06-01,SKU-1148,170,1,4899,4899,New York 5th Ave,In-Store
4563,2025-02-02,SKU-1064,169,1,1499,1499,San Francisco Union Square,Online
4564,2025-07-26,SKU-1282,252,1,1499,1499,Chicago Michigan Ave,In-Store
4565,2024-12-21,SKU-1111,218,2,1299,2598,Seattle University Village,In-Store
4566,2024-03-16,SKU-1202,106,1,849,849,New York 5th Ave,In-Store
4567,2024-05-21,SKU-1103,432,1,799,799,Chicago Michigan Ave,In-Store
4568,2024-07-17,SKU-1358,285,1,549,549,Online,In-Store
4569,2025-11-12,SKU-1135,386,1,2599,2599,New York 5th Ave,In-Store
4570,2024-08-07,SKU-1261,261,1,1149,1149,Online,Online
4571,2025-06-17,SKU-1263,301,1,1149,1149,Miami Dadeland,In-Store
4572,2025-08-06,SKU-1251,149,1,849,849,Online,In-Store
4573,2025-07-30,SKU-1261,375,1,1149,1149,Online,Online
4574,2024-09-02,SKU-1076,302,1,1599,1599,Online,Online
4575,2025-10-16,SKU-1253,29,1,949,949,Miami Dadeland,Online
4576,2025-02-07,SKU-1055,253,1,1499,1499,Online,In-Store
4577,2025-02-17,SKU-1307,418,1,1549,1549,San Francisco Union Square,In-Store
4578,2025-01-24,SKU-1103,353,1,799,799,Seattle University Village,In-Store
4579,2025-11-09,SKU-1041,274,1,1399,1399,Seattle University Village,In-Store
4580,2025-07-03,SKU-1039,462,2,1299,2598,Online,In-Store
4581,2025-01-17,SKU-1167,108,1,349,349,Online,In-Store
4582,2024-11-01,SKU-1155,349,1,1199,1199,Dallas NorthPark,Online
4583,2025-05-29,SKU-1324,10,1,1949,1949,San Francisco Union Square,Online
4584,2025-05-06,SKU-1080,499,1,1699,1699,Online,Online
4585,2024-12-08,SKU-1081,76,1,1699,1699,Online,Online
4586,2024-11-26,SKU-1050,460,2,1499,2998,Online,In-Store
4587,2025-05-30,SKU-1082,359,1,1699,1699,San Francisco Union Square,Online
4588,2024-03-30,SKU-1242,496,2,899,1798,Seattle University Village,In-Store
4589,2025-12-01,SKU-1072,455,1,1599,1599,Dallas NorthPark,Online
4590,2025-10-29,SKU-1111,61,1,1299,1299,Austin Domain,In-Store
4591,2024-10-01,SKU-1105,314,1,799,799,New York 5th Ave,In-Store
4592,2025-10-18,SKU-1017,224,1,1099,1099,Online,Online
4593,2025-03-13,SKU-1100,122,1,799,799,Dallas NorthPark,Online
4594,2024-07-30,SKU-1284,180,1,1499,1499,Austin Domain,In-Store
4595,2024-07-15,SKU-1015,429,1,1099,1099,Online,In-Store
4596,2025-10-16,SKU-1081,80,1,1699,1699,Online,Online
4597,2025-07-08,SKU-1031,406,1,1299,1299,Austin Domain,Online
4598,2025-01-25,SKU-1223,211,1,749,749,Chicago Michigan Ave,In-Store
4599,2025-11-01,SKU-1162,356,1,5999,5999,Online,Online
4600,2024-02-04,SKU-1211,141,1,549,549,Online,Online
4601,2024-03-14,SKU-1326,430,1,449,449,Miami Dadeland,In-Store
4602,2025-06-23,SKU-1109,205,1,799,799,New York 5th Ave,In-Store
4603,2024-09-24,SKU-1026,140,1,1199,1199,New York 5th Ave,Online
4604,2025-02-06,SKU-1061,21,1,1499,1499,San Francisco Union Square,Online
4605,2025-02-16,SKU-1303,325,2,1549,3098,Seattle University Village,Online
4606,2024-07-30,SKU-1011,203,1,1099,1099,Boston Boylston,In-Store
4607,2024-04-19,SKU-1074,307,1,1599,1599,Seattle University Village,In-Store
4608,2025-03-31,SKU-1289,379,1,1499,1499,San Francisco Union Square,In-Store
4609,2024-02-13,SKU-1281,88,1,1349,1349,Dallas NorthPark,In-Store
4610,2025-10-26,SKU-1342,430,2,299,598,San Francisco Union Square,In-Store
4611,2025-04-09,SKU-1305,175,1,1549,1549,Boston Boylston,Online
4612,2024-07-05,SKU-1022,214,1,1199,1199,Online,In-Store
4613,2025-06-08,SKU-1092,137,1,699,699,Online,Online
4614,2024-01-23,SKU-1112,426,1,1499,1499,Los Angeles Grove,Online
4615,2025-12-14,SKU-1224,292,2,899,1798,Dallas NorthPark,In-Store
4616,2025-01-14,SKU-1016,36,1,1099,1099,Online,In-Store
4617,2024-11-10,SKU-1069,310,1,1499,1499,Austin Domain,Online
4618,2024-10-09,SKU-1227,318,1,749,749,Chicago Michigan Ave,Online
4619,2025-10-21,SKU-1227,173,1,749,749,Seattle University Village,Online
4620,2025-01-23,SKU-1109,400,1,799,799,Online,In-Store
4621,2024-11-06,SKU-1135,372,1,2599,2599,San Francisco Union Square,In-Store
4622,2024-11-09,SKU-1242,114,1,899,899,Dallas NorthPark,Online
4623,2024-12-10,SKU-1128,441,1,1899,1899,New York 5th Ave,In-Store
4624,2025-08-19,SKU-1343,137,1,299,299,Austin Domain,In-Store
4625,2025-12-11,SKU-1013,124,1,1099,1099,Online,Online
4626,2025-04-22,SKU-1052,64,1,1499,1499,Dallas NorthPark,In-Store
4627,2025-10-20,SKU-1027,130,2,1199,2398,Los Angeles Grove,In-Store
4628,2024-09-26,SKU-1266,124,1,1299,1299,Seattle University Village,In-Store
4629,2025-05-10,SKU-1222,69,1,899,899,Online,In-Store
4630,2025-02-14,SKU-1126,131,1,1499,1499,Online,Online
4631,2025-05-14,SKU-1217,159,1,649,649,Online,Online
4632,2024-08-07,SKU-1311,318,1,1649,1649,Seattle University Village,Online
4633,2025-01-16,SKU-1305,179,1,1549,1549,Chicago Michigan Ave,In-Store
4634,2024-12-18,SKU-1228,249,1,899,899,Austin Domain,Online
4635,2024-04-10,SKU-1139,335,2,2799,5598,New York 5th Ave,Online
4636,2024-09-25,SKU-1275,322,2,1249,2498,San Francisco Union Square,In-Store
4637,2025-11-01,SKU-1102,403,1,799,799,Dallas NorthPark,Online
4638,2024-04-14,SKU-1000,129,1,999,999,New York 5th Ave,In-Store
4639,2024-04-08,SKU-1353,131,1,129,129,Austin Domain,Online
4640,2025-12-11,SKU-1193,126,1,599,599,Dallas NorthPark,Online
4641,2024-12-14,SKU-1087,22,1,1699,1699,Los Angeles Grove,Online
4642,2025-02-16,SKU-1338,19,1,649,649,Online,Online
4643,2024-01-20,SKU-1200,40,1,849,849,Los Angeles Grove,In-Store
4644,2024-04-17,SKU-1007,225,1,999,999,Austin Domain,In-Store
4645,2024-10-03,SKU-1121,295,1,2099,2099,Online,Online
4646,2025-06-25,SKU-1239,161,1,749,749,Online,Online
4647,2025-01-08,SKU-1323,297,1,1799,1799,Miami Dadeland,Online
4648,2025-08-22,SKU-1176,218,1,649,649,New York 5th Ave,In-Store
4649,2025-03-14,SKU-1088,250,1,1699,1699,Dallas NorthPark,Online
4650,2025-06-23,SKU-1228,305,1,899,899,New York 5th Ave,Online
4651,2025-07-05,SKU-1118,110,1,1499,1499,Online,Online
4652,2024-04-19,SKU-1053,386,1,1499,1499,Online,Online
4653,2025-04-24,SKU-1067,467,1,1499,1499,Miami Dadeland,Online
4654,2024-08-20,SKU-1212,222,3,699,2097,New York 5th Ave,In-Store
4655,2025-08-04,SKU-1056,212,1,1499,1499,New York 5th Ave,In-Store
4656,2025-06-16,SKU-1015,494,1,1099,1099,Online,In-Store
4657,2024-01-12,SKU-1303,341,2,1549,3098,Online,Online
4658,2025-10-05,SKU-1247,224,1,849,849,Miami Dadeland,In-Store
4659,2025-06-09,SKU-1038,90,1,1299,1299,Dallas NorthPark,Online
4660,2024-08-30,SKU-1342,460,1,299,299,Austin Domain,In-Store
4661,2024-03-10,SKU-1341,73,1,249,249,Boston Boylston,In-Store
4662,2025-08-20,SKU-1165,54,1,349,349,Online,Online
4663,2024-06-19,SKU-1032,39,1,1299,1299,Online,In-Store
4664,2025-01-21,SKU-1080,43,1,1699,1699,Boston Boylston,In-Store
4665,2024-05-30,SKU-1276,432,1,1399,1399,Online,In-Store
4666,2024-11-22,SKU-1076,232,3,1599,4797,Dallas NorthPark,In-Store
4667,2025-12-17,SKU-1068,110,2,1499,2998,Online,In-Store
4668,2024-03-19,SKU-1079,57,1,1599,1599,Los Angeles Grove,In-Store
4669,2025-12-13,SKU-1233,176,1,649,649,Online,Online
4670,2024-01-19,SKU-1115,352,1,1499,1499,Online,Online
4671,2025-07-06,SKU-1177,52,1,499,499,Seattle University Village,Online
4672,2025-06-09,SKU-1296,155,1,1599,1599,Austin Domain,Online
4673,2024-03-23,SKU-1321,134,2,1799,3598,Online,Online
4674,2025-11-08,SKU-1006,268,1,999,999,Online,Online
4675,2024-04-09,SKU-1066,57,1,1499,1499,Online,Online
4676,2024-07-19,SKU-1051,1,1,1499,1499,Los Angeles Grove,In-Store
4677,2025-05-09,SKU-1098,24,1,699,699,Austin Domain,Online
4678,2025-03-21,SKU-1105,56,1,799,799,Dallas NorthPark,Online
4679,2025-09-10,SKU-1124,192,1,1699,1699,Online,Online
4680,2025-10-13,SKU-1136,214,1,2799,2799,Online,Online
4681,2025-06-20,SKU-1036,433,1,1299,1299,Los Angeles Grove,In-Store
4682,2025-02-03,SKU-1220,417,1,799,799,Chicago Michigan Ave,Online
4683,2025-01-31,SKU-1316,433,1,1799,1799,Online,Online
4684,2025-04-23,SKU-1099,153,1,699,699,Online,In-Store
4685,2025-12-02,SKU-1100,386,1,799,799,Online,In-Store
4686,2025-08-05,SKU-1096,17,2,699,1398,Dallas NorthPark,In-Store
4687,2024-08-22,SKU-1260,153,1,1099,1099,Online,In-Store
4688,2025-09-02,SKU-1360,231,1,549,549,Seattle University Village,Online
4689,2025-07-26,SKU-1017,294,2,1099,2198,Online,Online
4690,2025-04-20,SKU-1174,489,1,649,649,Online,Online
4691,2024-09-09,SKU-1029,35,1,1199,1199,San Francisco Union Square,In-Store
4692,2024-12-15,SKU-1099,488,1,699,699,Online,In-Store
4693,2025-08-08,SKU-1035,377,1,1299,1299,Boston Boylston,Online
4694,2024-10-09,SKU-1242,264,1,899,899,Online,In-Store
4695,2025-01-11,SKU-1333,280,1,399,399,Online,Online
4696,2025-09-28,SKU-1074,328,1,1599,1599,Online,Online
4697,2024-11-30,SKU-1114,436,2,1299,2598,Online,Online
4698,2024-08-10,SKU-1329,396,1,599,599,Seattle University Village,Online
4699,2024-03-24,SKU-1006,156,1,999,999,Online,In-Store
4700,2024-09-07,SKU-1022,97,2,1199,2398,Online,Online
4701,2025-12-24,SKU-1154,247,1,999,999,Chicago Michigan Ave,Online
4702,2025-09-09,SKU-1055,233,1,1499,1499,Online,In-Store
4703,2024-01-28,SKU-1020,99,1,1199,1199,Online,Online
4704,2025-08-09,SKU-1116,156,1,1699,1699,Online,Online
4705,2024-12-03,SKU-1335,48,1,449,449,Dallas NorthPark,Online
4706,2025-10-08,SKU-1284,285,1,1499,1499,Chicago Michigan Ave,Online
4707,2024-04-28,SKU-1114,388,1,1299,1299,Chicago Michigan Ave,In-Store
4708,2025-11-14,SKU-1100,224,1,799,799,Miami Dadeland,Online
4709,2025-11-02,SKU-1069,432,1,1499,1499,Seattle University Village,In-Store
4710,2025-11-15,SKU-1245,432,1,849,849,Online,Online
4711,2024-02-15,SKU-1264,117,1,1299,1299,Online,Online
4712,2025-04-07,SKU-1276,171,1,1399,1399,Boston Boylston,In-Store
4713,2024-12-14,SKU-1320,60,1,1949,1949,Austin Domain,Online
4714,2024-02-14,SKU-1070,301,1,1599,1599,Online,In-Store
4715,2024-04-29,SKU-1109,278,1,799,799,Online,Online
4716,2024-10-23,SKU-1004,84,1,999,999,Los Angeles Grove,Online
4717,2025-01-03,SKU-1271,419,1,1249,1249,Chicago Michigan Ave,In-Store
4718,2024-04-30,SKU-1281,54,1,1349,1349,Online,Online
4719,2024-11-10,SKU-1358,452,1,549,549,New York 5th Ave,Online
4720,2025-04-17,SKU-1256,77,1,1099,1099,Los Angeles Grove,In-Store
4721,2025-08-13,SKU-1037,108,1,1299,1299,Online,Online
4722,2024-07-27,SKU-1340,297,1,629,629,Online,Online
4723,2024-12-23,SKU-1345,380,1,249,249,New York 5th Ave,In-Store
4724,2025-09-03,SKU-1094,94,1,699,699,Boston Boylston,In-Store
4725,2024-08-11,SKU-1246,266,1,999,999,Online,Online
4726,2025-03-29,SKU-1175,453,1,499,499,New York 5th Ave,Online
4727,2025-10-31,SKU-1195,106,1,599,599,Chicago Michigan Ave,In-Store
4728,2025-05-23,SKU-1101,240,1,799,799,Chicago Michigan Ave,In-Store
4729,2024-03-12,SKU-1283,344,2,1349,2698,Austin Domain,Online
4730,2025-01-01,SKU-1109,64,1,799,799,Online,In-Store
4731,2024-02-03,SKU-1042,209,1,1399,1399,Chicago Michigan Ave,In-Store
4732,2024-06-16,SKU-1328,119,1,429,429,Online,In-Store
4733,2024-08-08,SKU-1060,316,1,1499,1499,Chicago Michigan Ave,Online
4734,2025-02-14,SKU-1069,417,1,1499,1499,Seattle University Village,Online
4735,2025-08-02,SKU-1300,499,2,1599,3198,Online,Online
4736,2024-12-18,SKU-1329,336,1,599,599,Online,Online
4737,2024-05-23,SKU-1171,307,1,349,349,Online,Online
4738,2024-02-19,SKU-1085,17,1,1699,1699,Austin Domain,In-Store
4739,2025-07-23,SKU-1066,173,1,1499,1499,Online,Online
4740,2024-04-29,SKU-1341,493,1,249,249,Chicago Michigan Ave,In-Store
4741,2024-09-19,SKU-1280,86,1,1499,1499,Online,In-Store
4742,2024-01-07,SKU-1323,166,1,1799,1799,Online,Online
4743,2024-05-15,SKU-1263,187,1,1149,1149,Online,Online
4744,2025-03-10,SKU-1179,282,3,499,1497,Chicago Michigan Ave,In-Store
4745,2024-07-03,SKU-1174,22,1,649,649,Online,In-Store
4746,2024-03-17,SKU-1032,470,1,1299,1299,Los Angeles Grove,In-Store
4747,2024-11-29,SKU-1023,287,2,1199,2398,New York 5th Ave,Online
4748,2025-08-13,SKU-1052,339,1,1499,1499,Online,In-Store
4749,2024-06-12,SKU-1183,471,1,499,499,Boston Boylston,Online
4750,2024-09-14,SKU-1291,411,1,1499,1499,Online,Online
4751,2025-08-13,SKU-1090,419,1,699,699,Online,In-Store
4752,2024-04-27,SKU-1188,219,1,649,649,Online,Online
4753,2024-01-07,SKU-1045,242,1,1399,1399,Online,Online
4754,2025-05-14,SKU-1239,160,1,749,749,Online,Online
4755,2024-06-12,SKU-1338,375,1,649,649,Seattle University Village,In-Store
4756,2025-01-04,SKU-1020,153,2,1199,2398,Online,Online
4757,2025-09-26,SKU-1099,71,1,699,699,San Francisco Union Square,In-Store
4758,2025-02-19,SKU-1013,213,2,1099,2198,Online,Online
4759,2024-04-10,SKU-1218,183,1,799,799,Online,In-Store
4760,2024-06-23,SKU-1185,423,1,499,499,Online,In-Store
4761,2024-12-15,SKU-1099,150,1,699,699,Austin Domain,In-Store
4762,2025-08-09,SKU-1282,496,1,1499,1499,Online,In-Store
4763,2025-07-22,SKU-1035,111,1,1299,1299,New York 5th Ave,In-Store
4764,2024-03-31,SKU-1002,443,1,999,999,Online,Online
4765,2025-02-14,SKU-1195,249,1,599,599,Online,In-Store
4766,2024-04-12,SKU-1168,318,1,499,499,San Francisco Union Square,Online
4767,2025-08-02,SKU-1091,222,1,699,699,Los Angeles Grove,In-Store
4768,2024-01-29,SKU-1353,317,1,129,129,Online,Online
4769,2025-07-29,SKU-1032,80,1,1299,1299,Chicago Michigan Ave,In-Store
4770,2024-06-01,SKU-1031,497,1,1299,1299,Chicago Michigan Ave,In-Store
4771,2024-07-21,SKU-1293,387,1,1449,1449,Los Angeles Grove,Online
4772,2024-12-17,SKU-1040,275,2,1399,2798,Dallas NorthPark,In-Store
4773,2024-05-07,SKU-1092,40,1,699,699,New York 5th Ave,Online
4774,2024-10-16,SKU-1199,308,1,699,699,Online,Online
4775,2025-04-15,SKU-1275,155,1,1249,1249,Seattle University Village,Online
4776,2024-07-06,SKU-1277,154,1,1349,1349,Chicago Michigan Ave,Online
4777,2025-01-29,SKU-1059,67,1,1499,1499,Online,Online
4778,2024-03-12,SKU-1332,92,1,629,629,Online,In-Store
4779,2025-04-26,SKU-1353,373,1,129,129,New York 5th Ave,In-Store
4780,2025-04-17,SKU-1216,246,1,799,799,Online,In-Store
4781,2024-07-21,SKU-1074,323,1,1599,1599,Boston Boylston,In-Store
4782,2025-05-22,SKU-1206,85,1,699,699,San Francisco Union Square,In-Store
4783,2025-02-19,SKU-1090,386,1,699,699,Seattle University Village,Online
4784,2025-10-25,SKU-1319,23,2,1799,3598,Miami Dadeland,In-Store
4785,2024-08-19,SKU-1185,139,1,499,499,Boston Boylston,In-Store
4786,2025-04-27,SKU-1214,298,1,799,799,Boston Boylston,In-Store
4787,2025-08-04,SKU-1208,147,1,699,699,Online,Online
4788,2025-05-04,SKU-1238,213,1,899,899,Online,In-Store
4789,2025-12-11,SKU-1101,427,1,799,799,Online,Online
4790,2024-08-14,SKU-1194,212,2,749,1498,Austin Domain,Online
4791,2024-10-01,SKU-1195,473,1,599,599,Miami Dadeland,In-Store
4792,2024-05-31,SKU-1327,239,1,449,449,Online,In-Store
4793,2024-07-05,SKU-1028,203,1,1199,1199,Online,Online
4794,2025-03-07,SKU-1141,293,2,3399,6798,Dallas NorthPark,Online
4795,2024-09-29,SKU-1002,65,1,999,999,Boston Boylston,In-Store
4796,2025-06-24,SKU-1054,378,1,1499,1499,Online,In-Store
4797,2025-10-14,SKU-1040,125,1,1399,1399,Miami Dadeland,In-Store
4798,2025-03-03,SKU-1217,351,1,649,649,New York 5th Ave,In-Store
4799,2024-03-25,SKU-1275,181,1,1249,1249,Online,In-Store
4800,2024-06-16,SKU-1276,380,1,1399,1399,Online,In-Store
4801,2024-02-13,SKU-1058,369,1,1499,1499,Online,In-Store
4802,2025-10-13,SKU-1003,29,1,999,999,New York 5th Ave,In-Store
4803,2025-10-22,SKU-1101,160,2,799,1598,Online,Online
4804,2025-12-23,SKU-1139,167,1,2799,2799,Online,In-Store
4805,2024-06-29,SKU-1013,329,2,1099,2198,Online,Online
4806,2025-12-23,SKU-1142,384,1,2999,2999,Online,Online
4807,2024-10-01,SKU-1343,485,1,299,299,Chicago Michigan Ave,In-Store
4808,2025-08-11,SKU-1076,205,1,1599,1599,Chicago Michigan Ave,Online
4809,2025-11-18,SKU-1302,303,1,1699,1699,Boston Boylston,In-Store
4810,2025-04-25,SKU-1234,286,1,799,799,Seattle University Village,Online
4811,2025-06-07,SKU-1049,51,1,1399,1399,Boston Boylston,Online
4812,2024-12-14,SKU-1336,128,1,429,429,San Francisco Union Square,In-Store
4813,2024-08-23,SKU-1051,217,1,1499,1499,Online,In-Store
4814,2024-09-16,SKU-1038,12,1,1299,1299,San Francisco Union Square,Online
4815,2024-06-10,SKU-1047,29,1,1399,1399,Online,Online
4816,2024-02-19,SKU-1080,65,1,1699,1699,Online,Online
4817,2025-12-26,SKU-1023,46,1,1199,1199,Online,Online
4818,2025-08-24,SKU-1170,490,1,499,499,Dallas NorthPark,In-Store
4819,2024-06-04,SKU-1238,459,1,899,899,San Francisco Union Square,In-Store
4820,2024-11-08,SKU-1074,37,1,1599,1599,Online,In-Store
4821,2024-03-30,SKU-1092,68,1,699,699,Online,Online
4822,2025-06-13,SKU-1285,39,2,1499,2998,Chicago Michigan Ave,In-Store
4823,2024-12-19,SKU-1289,463,1,1499,1499,Online,In-Store
4824,2025-09-17,SKU-1055,493,1,1499,1499,Online,In-Store
4825,2025-04-26,SKU-1017,57,1,1099,1099,Online,Online
4826,2024-05-04,SKU-1262,458,1,1299,1299,Boston Boylston,Online
4827,2025-10-08,SKU-1057,333,2,1499,2998,Online,Online
4828,2025-03-16,SKU-1061,62,1,1499,1499,Austin Domain,Online
4829,2025-07-03,SKU-1302,337,1,1699,1699,Online,In-Store
4830,2024-01-10,SKU-1107,448,1,799,799,Austin Domain,Online
4831,2024-10-23,SKU-1338,79,1,649,649,Online,In-Store
4832,2025-01-02,SKU-1222,342,1,899,899,San Francisco Union Square,In-Store
4833,2024-07-13,SKU-1122,352,1,1299,1299,Online,In-Store
4834,2024-02-13,SKU-1005,382,2,999,1998,Austin Domain,Online
4835,2025-03-03,SKU-1011,376,2,1099,2198,Online,Online
4836,2025-06-09,SKU-1054,269,1,1499,1499,Los Angeles Grove,Online
4837,2025-02-04,SKU-1194,337,1,749,749,Online,In-Store
4838,2025-06-04,SKU-1178,243,1,649,649,Seattle University Village,In-Store
4839,2024-12-27,SKU-1022,478,1,1199,1199,New York 5th Ave,In-Store
4840,2025-11-07,SKU-1358,303,1,549,549,Online,In-Store
4841,2024-06-13,SKU-1263,195,1,1149,1149,Los Angeles Grove,Online
4842,2025-05-14,SKU-1003,81,2,999,1998,Miami Dadeland,In-Store
4843,2025-11-15,SKU-1355,484,1,249,249,Boston Boylston,Online
4844,2024-12-26,SKU-1210,216,1,699,699,Online,Online
4845,2024-01-30,SKU-1055,492,1,1499,1499,Chicago Michigan Ave,Online
4846,2025-06-16,SKU-1099,390,1,699,699,San Francisco Union Square,In-Store
4847,2024-09-18,SKU-1184,178,1,649,649,Dallas NorthPark,In-Store
4848,2024-03-22,SKU-1050,134,1,1499,1499,Online,Online
4849,2025-06-23,SKU-1008,264,1,999,999,Seattle University Village,Online
4850,2025-05-18,SKU-1017,458,1,1099,1099,Online,Online
4851,2025-11-15,SKU-1088,312,1,1699,1699,Austin Domain,In-Store
4852,2024-04-01,SKU-1051,258,1,1499,1499,Online,In-Store
4853,2024-05-30,SKU-1109,9,1,799,799,Seattle University Village,Online
4854,2025-03-14,SKU-1167,170,2,349,698,Austin Domain,Online
4855,2025-05-08,SKU-1268,407,1,1299,1299,Online,In-Store
4856,2025-07-24,SKU-1024,247,1,1199,1199,Online,In-Store
4857,2024-10-16,SKU-1297,281,1,1449,1449,Los Angeles Grove,Online
4858,2025-11-11,SKU-1302,30,1,1699,1699,Online,Online
4859,2024-01-25,SKU-1288,337,1,1649,1649,Online,Online
4860,2024-02-07,SKU-1193,341,1,599,599,Chicago Michigan Ave,In-Store
4861,2025-05-22,SKU-1298,206,1,1599,1599,San Francisco Union Square,Online
4862,2025-01-21,SKU-1152,50,1,799,799,New York 5th Ave,Online
4863,2024-09-11,SKU-1279,270,1,1349,1349,Online,In-Store
4864,2024-10-25,SKU-1006,115,1,999,999,Online,In-Store
4865,2024-01-19,SKU-1205,252,1,549,549,Seattle University Village,In-Store
4866,2025-08-02,SKU-1026,493,3,1199,3597,San Francisco Union Square,Online
4867,2024-06-05,SKU-1067,263,1,1499,1499,San Francisco Union Square,In-Store
4868,2025-01-21,SKU-1089,81,1,1699,1699,Online,Online
4869,2024-02-27,SKU-1271,3,1,1249,1249,Online,Online
4870,2024-10-20,SKU-1032,20,2,1299,2598,Online,In-Store
4871,2024-04-14,SKU-1116,95,1,1699,1699,Online,In-Store
4872,2024-09-25,SKU-1160,53,1,2599,2599,Boston Boylston,In-Store
4873,2024-01-13,SKU-1041,173,2,1399,2798,Online,Online
4874,2024-04-27,SKU-1010,436,1,1099,1099,Online,In-Store
4875,2024-10-09,SKU-1139,249,1,2799,2799,San Francisco Union Square,Online
4876,2025-03-02,SKU-1179,43,1,499,499,Online,Online
4877,2024-10-15,SKU-1202,156,1,849,849,Online,Online
4878,2025-12-11,SKU-1039,285,3,1299,3897,Online,Online
4879,2024-03-13,SKU-1295,126,1,1449,1449,Boston Boylston,Online
4880,2024-08-19,SKU-1019,483,1,1099,1099,Online,In-Store
4881,2025-12-13,SKU-1027,79,1,1199,1199,Online,Online
4882,2024-09-26,SKU-1192,404,1,749,749,Online,In-Store
4883,2025-01-27,SKU-1226,44,1,899,899,Online,Online
4884,2025-05-28,SKU-1273,291,1,1249,1249,Miami Dadeland,Online
4885,2025-09-22,SKU-1025,65,1,1199,1199,Austin Domain,In-Store
4886,2025-09-05,SKU-1094,74,1,699,699,Boston Boylston,In-Store
4887,2024-08-04,SKU-1102,149,1,799,799,Online,Online
4888,2024-07-21,SKU-1065,387,1,1499,1499,Online,Online
4889,2025-07-29,SKU-1340,325,3,629,1887,Online,Online
4890,2025-12-15,SKU-1355,361,2,249,498,Online,Online
4891,2025-11-15,SKU-1028,2,2,1199,2398,Online,Online
4892,2025-08-09,SKU-1148,382,1,4899,4899,Online,Online
4893,2024-04-12,SKU-1360,152,1,549,549,Seattle University Village,Online
4894,2024-07-21,SKU-1166,54,1,499,499,Online,In-Store
4895,2024-11-18,SKU-1265,243,1,1149,1149,Online,In-Store
4896,2025-04-28,SKU-1120,308,1,1899,1899,Online,Online
4897,2024-08-07,SKU-1249,440,1,849,849,Dallas NorthPark,Online
4898,2025-09-20,SKU-1064,472,1,1499,1499,Dallas NorthPark,Online
4899,2025-09-15,SKU-1199,55,1,699,699,Seattle University Village,Online
4900,2024-04-01,SKU-1351,96,1,849,849,Miami Dadeland,Online
4901,2025-01-29,SKU-1074,9,1,1599,1599,Online,Online
4902,2024-03-07,SKU-1284,360,1,1499,1499,San Francisco Union Square,Online
4903,2024-09-04,SKU-1139,45,2,2799,5598,Seattle University Village,Online
4904,2025-02-19,SKU-1006,330,1,999,999,Online,Online
4905,2025-02-09,SKU-1023,20,1,1199,1199,New York 5th Ave,Online
4906,2025-06-17,SKU-1015,205,1,1099,1099,Los Angeles Grove,Online
4907,2025-10-13,SKU-1181,299,1,499,499,Miami Dadeland,In-Store
4908,2025-04-23,SKU-1152,7,1,799,799,Boston Boylston,Online
4909,2024-02-24,SKU-1283,472,1,1349,1349,Boston Boylston,In-Store
4910,2025-05-12,SKU-1000,487,1,999,999,Dallas NorthPark,In-Store
4911,2024-11-13,SKU-1219,305,1,649,649,Online,Online
4912,2025-06-24,SKU-1357,53,1,549,549,Online,In-Store
4913,2025-03-09,SKU-1110,427,1,1099,1099,Online,Online
4914,2024-04-05,SKU-1204,138,1,849,849,Online,Online
4915,2025-08-29,SKU-1351,217,1,849,849,New York 5th Ave,Online
4916,2024-11-06,SKU-1058,340,1,1499,1499,Chicago Michigan Ave,Online
4917,2024-06-14,SKU-1239,118,1,749,749,Chicago Michigan Ave,Online
4918,2024-08-04,SKU-1270,373,1,1399,1399,Online,Online
4919,2024-02-26,SKU-1000,160,2,999,1998,San Francisco Union Square,In-Store
4920,2025-02-17,SKU-1190,179,1,749,749,Online,Online
4921,2025-05-04,SKU-1027,332,1,1199,1199,Miami Dadeland,Online
4922,2025-08-04,SKU-1359,445,1,549,549,Online,Online
4923,2025-05-22,SKU-1327,368,1,449,449,Seattle University Village,In-Store
4924,2025-07-27,SKU-1048,422,1,1399,1399,Online,Online
4925,2024-09-06,SKU-1304,428,2,1699,3398,San Francisco Union Square,In-Store
4926,2025-04-09,SKU-1221,340,1,749,749,Online,In-Store
4927,2024-10-07,SKU-1358,296,2,549,1098,Online,Online
4928,2025-02-03,SKU-1266,226,2,1299,2598,Dallas NorthPark,Online
4929,2024-04-13,SKU-1091,245,1,699,699,Boston Boylston,In-Store
4930,2024-05-04,SKU-1123,199,1,1499,1499,Online,Online
4931,2025-09-19,SKU-1237,97,1,749,749,Dallas NorthPark,Online
4932,2024-08-01,SKU-1065,420,1,1499,1499,San Francisco Union Square,In-Store
4933,2024-10-30,SKU-1114,340,1,1299,1299,Dallas NorthPark,In-Store
4934,2024-08-24,SKU-1089,307,1,1699,1699,Seattle University Village,Online
4935,2024-04-11,SKU-1033,371,1,1299,1299,Chicago Michigan Ave,Online
4936,2024-06-03,SKU-1344,186,1,279,279,Online,In-Store
4937,2024-01-25,SKU-1302,319,1,1699,1699,Boston Boylston,Online
4938,2024-03-23,SKU-1013,402,1,1099,1099,Dallas NorthPark,In-Store
4939,2024-03-26,SKU-1225,419,1,749,749,Online,Online
4940,2024-07-16,SKU-1017,288,1,1099,1099,Online,Online
4941,2025-06-10,SKU-1268,42,1,1299,1299,Online,Online
4942,2025-07-23,SKU-1057,263,1,1499,1499,Online,In-Store
4943,2025-01-19,SKU-1168,427,1,499,499,Chicago Michigan Ave,Online
4944,2025-12-26,SKU-1230,420,2,799,1598,Chicago Michigan Ave,Online
4945,2024-08-11,SKU-1031,38,1,1299,1299,Online,In-Store
4946,2025-04-22,SKU-1167,486,1,349,349,San Francisco Union Square,In-Store
4947,2025-01-06,SKU-1102,497,2,799,1598,Online,Online
4948,2024-03-14,SKU-1199,396,1,699,699,Dallas NorthPark,Online
4949,2024-08-06,SKU-1313,385,1,1649,1649,Online,In-Store
4950,2025-05-07,SKU-1099,197,1,699,699,Online,In-Store
4951,2024-01-30,SKU-1353,80,1,129,129,Online,Online
4952,2025-09-14,SKU-1029,123,1,1199,1199,New York 5th Ave,Online
4953,2024-03-08,SKU-1327,212,1,449,449,Miami Dadeland,Online
4954,2024-08-18,SKU-1003,401,1,999,999,Chicago Michigan Ave,Online
4955,2024-07-02,SKU-1185,176,1,499,499,Online,In-Store
4956,2025-02-15,SKU-1037,413,2,1299,2598,New York 5th Ave,Online
4957,2025-04-17,SKU-1094,299,1,699,699,Online,In-Store
4958,2024-06-18,SKU-1183,480,1,499,499,Online,Online
4959,2024-09-21,SKU-1203,155,1,699,699,Seattle University Village,Online
4960,2025-10-06,SKU-1347,220,1,299,299,Austin Domain,In-Store
4961,2024-04-28,SKU-1108,39,1,799,799,Online,In-Store
4962,2024-01-25,SKU-1055,310,1,1499,1499,Seattle University Village,Online
4963,2024-12-07,SKU-1181,163,1,499,499,Seattle University Village,In-Store
4964,2025-10-17,SKU-1222,466,1,899,899,New York 5th Ave,In-Store
4965,2025-09-16,SKU-1272,27,1,1399,1399,Online,Online
4966,2025-12-31,SKU-1024,374,1,1199,1199,Online,Online
4967,2025-02-26,SKU-1058,92,1,1499,1499,Boston Boylston,In-Store
4968,2024-05-29,SKU-1098,98,1,699,699,Online,Online
4969,2025-09-29,SKU-1170,164,1,499,499,Online,In-Store
4970,2024-08-20,SKU-1184,370,1,649,649,New York 5th Ave,In-Store
4971,2025-01-02,SKU-1185,251,1,499,499,Miami Dadeland,Online
4972,2025-10-20,SKU-1086,418,1,1699,1699,Online,In-Store
4973,2024-03-06,SKU-1067,246,1,1499,1499,Seattle University Village,In-Store
4974,2024-08-11,SKU-1348,364,1,279,279,Chicago Michigan Ave,Online
4975,2025-04-19,SKU-1088,442,2,1699,3398,New York 5th Ave,Online
4976,2024-06-13,SKU-1090,106,1,699,699,Online,In-Store
4977,2024-09-12,SKU-1173,17,1,499,499,Austin Domain,Online
4978,2025-10-05,SKU-1036,130,2,1299,2598,Dallas NorthPark,In-Store
4979,2024-06-24,SKU-1153,410,1,999,999,Online,In-Store
4980,2024-07-26,SKU-1231,43,1,649,649,Online,Online
4981,2024-10-24,SKU-1245,279,3,849,2547,Online,Online
4982,2025-09-23,SKU-1129,230,1,2099,2099,Miami Dadeland,In-Store
4983,2025-11-20,SKU-1034,36,1,1299,1299,New York 5th Ave,In-Store
4984,2024-08-02,SKU-1140,323,1,2999,2999,New York 5th Ave,Online
4985,2024-12-27,SKU-1207,170,1,549,549,Online,In-Store
4986,2024-03-23,SKU-1004,17,1,999,999,Los Angeles Grove,In-Store
4987,2025-12-28,SKU-1234,66,1,799,799,Online,In-Store
4988,2024-08-02,SKU-1051,215,1,1499,1499,Online,Online
4989,2024-06-06,SKU-1032,382,1,1299,1299,San Francisco Union Square,Online
4990,2024-10-05,SKU-1241,350,1,749,749,Online,In-Store
4991,2024-12-04,SKU-1068,414,3,1499,4497,Online,Online
4992,2025-07-27,SKU-1108,16,1,799,799,Boston Boylston,Online
4993,2024-05-06,SKU-1103,217,1,799,799,Miami Dadeland,In-Store
4994,2025-04-27,SKU-1202,373,1,849,849,Seattle University Village,Online
4995,2025-01-17,SKU-1051,143,1,1499,1499,Boston Boylston,Online
4996,2025-02-04,SKU-1004,136,1,999,999,Chicago Michigan Ave,Online
4997,2024-12-05,SKU-1233,283,1,649,649,Online,Online
4998,2024-11-02,SKU-1220,74,1,799,799,Chicago Michigan Ave,Online
4999,2025-08-23,SKU-1236,67,1,799,799,Online,Online
5000,2025-10-31,SKU-1001,313,1,999,999,Dallas NorthPark,Online
